activity_id,provider,activity_name,city,date,start_time,duration_hours,capacity,price_per_person,currency
ACT00001,TripSphere,Pune Heritage Walk,Pune,2027-02-11,09:00,4,19,2672,INR
ACT00002,BookGuard Tours,Bengaluru Sightseeing,Bengaluru,2026-11-27,08:00,1,15,4508,INR
ACT00003,HolidayHub,Udaipur Sightseeing,Udaipur,2026-12-17,11:00,6,25,3235,INR
ACT00004,TravelNest,Mumbai Sightseeing,Mumbai,2026-12-26,09:00,1,37,873,INR
ACT00005,TravelNest,Kochi Food Tour,Kochi,2026-10-25,08:00,6,23,586,INR
ACT00006,BookGuard Tours,Kolkata Museum Tour,Kolkata,2027-01-07,11:00,2,17,1365,INR
ACT00007,BookGuard Tours,Hyderabad City Tour,Hyderabad,2026-12-03,16:00,6,32,609,INR
ACT00008,TravelNest,Udaipur Food Tour,Udaipur,2027-03-27,18:00,4,34,5133,INR
ACT00009,ExploreIndia,Manali Beach Tour,Manali,2027-02-16,11:00,4,27,5348,INR
ACT00010,TravelNest,Agra Wildlife Safari,Agra,2026-10-12,08:00,2,5,5051,INR
ACT00011,TripSphere,Manali River Rafting,Manali,2027-03-04,10:00,3,17,3613,INR
ACT00012,TravelNest,Mumbai Heritage Walk,Mumbai,2027-01-01,18:00,2,8,3849,INR
ACT00013,TripSphere,Manali Museum Tour,Manali,2026-10-13,08:00,2,16,5562,INR
ACT00014,TripSphere,Udaipur Adventure Trek,Udaipur,2026-10-02,16:00,1,22,909,INR
ACT00015,TravelNest,Bengaluru Wildlife Safari,Bengaluru,2027-01-20,16:00,5,17,797,INR
ACT00016,TravelNest,Hyderabad Heritage Walk,Hyderabad,2027-02-01,14:00,5,26,4775,INR
ACT00017,BookGuard Tours,Manali Adventure Trek,Manali,2027-02-02,11:00,3,30,3602,INR
ACT00018,HolidayHub,Hyderabad Heritage Walk,Hyderabad,2027-02-18,10:00,3,13,1384,INR
ACT00019,BookGuard Tours,Mysuru Museum Tour,Mysuru,2026-11-03,11:00,6,27,3932,INR
ACT00020,TripSphere,Mumbai Wildlife Safari,Mumbai,2026-12-10,10:00,6,39,4421,INR
ACT00021,ExploreIndia,Agra City Tour,Agra,2027-01-01,16:00,2,40,4295,INR
ACT00022,TravelNest,Mumbai Cultural Experience,Mumbai,2027-02-07,16:00,2,33,2348,INR
ACT00023,TripSphere,Delhi Food Tour,Delhi,2026-11-29,14:00,1,25,2965,INR
ACT00024,ExploreIndia,Rishikesh City Tour,Rishikesh,2027-02-05,08:00,4,30,3430,INR
ACT00025,TripSphere,Kochi Museum Tour,Kochi,2027-03-11,09:00,2,15,5964,INR
ACT00026,TravelNest,Delhi Adventure Trek,Delhi,2026-10-02,08:00,5,18,5279,INR
ACT00027,ExploreIndia,Delhi River Rafting,Delhi,2026-11-12,08:00,1,12,1078,INR
ACT00028,TripSphere,Pune City Tour,Pune,2027-02-14,16:00,3,30,1350,INR
ACT00029,ExploreIndia,Hyderabad Sightseeing,Hyderabad,2027-03-11,16:00,1,25,4739,INR
ACT00030,TripSphere,Kochi Adventure Trek,Kochi,2026-12-21,08:00,1,18,1259,INR
ACT00031,ExploreIndia,Chennai Heritage Walk,Chennai,2026-10-05,09:00,5,12,1591,INR
ACT00032,TravelNest,Rishikesh Cultural Experience,Rishikesh,2027-01-18,18:00,3,20,5094,INR
ACT00033,TravelNest,Hyderabad Adventure Trek,Hyderabad,2026-11-08,18:00,4,15,5706,INR
ACT00034,ExploreIndia,Delhi Adventure Trek,Delhi,2027-01-31,11:00,4,35,2617,INR
ACT00035,TripSphere,Manali Museum Tour,Manali,2026-12-16,11:00,4,35,4048,INR
ACT00036,TravelNest,Mumbai Sightseeing,Mumbai,2027-03-26,09:00,3,19,4234,INR
ACT00037,ExploreIndia,Rishikesh Food Tour,Rishikesh,2027-03-14,08:00,3,19,3778,INR
ACT00038,BookGuard Tours,Pune Adventure Trek,Pune,2026-12-18,14:00,6,32,1097,INR
ACT00039,TripSphere,Bengaluru Adventure Trek,Bengaluru,2026-11-28,08:00,2,18,5744,INR
ACT00040,TravelNest,Mysuru Museum Tour,Mysuru,2026-12-23,11:00,1,8,2694,INR
ACT00041,ExploreIndia,Delhi Sightseeing,Delhi,2027-03-17,10:00,6,5,3149,INR
ACT00042,HolidayHub,Delhi City Tour,Delhi,2026-10-16,16:00,1,24,3437,INR
ACT00043,HolidayHub,Mumbai Adventure Trek,Mumbai,2026-11-11,08:00,2,38,519,INR
ACT00044,BookGuard Tours,Kolkata City Tour,Kolkata,2026-10-20,08:00,5,40,3081,INR
ACT00045,HolidayHub,Agra Heritage Walk,Agra,2027-03-17,14:00,3,33,2175,INR
ACT00046,TripSphere,Agra Museum Tour,Agra,2027-03-30,08:00,1,5,3500,INR
ACT00047,BookGuard Tours,Bengaluru Heritage Walk,Bengaluru,2027-02-20,18:00,5,19,5469,INR
ACT00048,TripSphere,Kochi Cultural Experience,Kochi,2027-02-25,14:00,6,8,3484,INR
ACT00049,TripSphere,Jaipur Beach Tour,Jaipur,2027-03-01,08:00,5,29,1223,INR
ACT00050,ExploreIndia,Mysuru Beach Tour,Mysuru,2027-02-12,08:00,3,22,2587,INR
ACT00051,TravelNest,Chennai Heritage Walk,Chennai,2027-02-15,14:00,5,29,4794,INR
ACT00052,ExploreIndia,Bengaluru Cultural Experience,Bengaluru,2026-12-25,08:00,6,33,3577,INR
ACT00053,HolidayHub,Delhi Beach Tour,Delhi,2026-10-04,09:00,2,25,3796,INR
ACT00054,TravelNest,Kolkata City Tour,Kolkata,2027-01-16,11:00,3,34,5493,INR
ACT00055,TravelNest,Goa Sightseeing,Goa,2027-02-15,10:00,2,7,4252,INR
ACT00056,TripSphere,Manali Heritage Walk,Manali,2027-02-03,10:00,3,20,2662,INR
ACT00057,TripSphere,Kochi Beach Tour,Kochi,2027-03-03,11:00,1,10,1836,INR
ACT00058,ExploreIndia,Jaipur River Rafting,Jaipur,2026-12-19,16:00,2,25,1590,INR
ACT00059,BookGuard Tours,Hyderabad River Rafting,Hyderabad,2026-10-02,08:00,4,35,4878,INR
ACT00060,ExploreIndia,Rishikesh Sightseeing,Rishikesh,2027-03-06,18:00,2,39,1955,INR
ACT00061,TripSphere,Jaipur Food Tour,Jaipur,2026-12-17,09:00,4,24,5495,INR
ACT00062,TripSphere,Rishikesh Cultural Experience,Rishikesh,2027-02-18,10:00,5,7,3351,INR
ACT00063,BookGuard Tours,Hyderabad Heritage Walk,Hyderabad,2026-10-20,14:00,3,38,485,INR
ACT00064,TripSphere,Manali Museum Tour,Manali,2027-01-11,10:00,6,15,395,INR
ACT00065,TravelNest,Rishikesh Museum Tour,Rishikesh,2026-11-10,16:00,6,31,582,INR
ACT00066,TripSphere,Manali Heritage Walk,Manali,2026-12-07,08:00,3,29,5553,INR
ACT00067,BookGuard Tours,Udaipur Wildlife Safari,Udaipur,2026-12-06,08:00,6,34,5443,INR
ACT00068,TravelNest,Hyderabad City Tour,Hyderabad,2026-11-18,08:00,2,27,3844,INR
ACT00069,TravelNest,Agra Cultural Experience,Agra,2027-01-17,14:00,1,24,427,INR
ACT00070,BookGuard Tours,Pune Museum Tour,Pune,2026-11-20,11:00,4,37,5874,INR
ACT00071,TravelNest,Chennai Food Tour,Chennai,2026-11-19,11:00,1,14,2865,INR
ACT00072,HolidayHub,Udaipur Adventure Trek,Udaipur,2027-02-10,14:00,4,8,5025,INR
ACT00073,TripSphere,Manali Cultural Experience,Manali,2026-12-01,10:00,1,37,3825,INR
ACT00074,ExploreIndia,Mumbai Sightseeing,Mumbai,2026-12-27,11:00,6,12,5813,INR
ACT00075,BookGuard Tours,Rishikesh River Rafting,Rishikesh,2026-12-19,08:00,2,10,691,INR
ACT00076,BookGuard Tours,Udaipur Wildlife Safari,Udaipur,2026-10-24,09:00,2,21,5458,INR
ACT00077,TravelNest,Bengaluru City Tour,Bengaluru,2027-01-05,16:00,2,37,5405,INR
ACT00078,ExploreIndia,Bengaluru Cultural Experience,Bengaluru,2027-02-19,08:00,1,15,1294,INR
ACT00079,HolidayHub,Jaipur River Rafting,Jaipur,2027-01-04,16:00,6,18,3261,INR
ACT00080,BookGuard Tours,Kolkata Museum Tour,Kolkata,2026-11-03,08:00,1,30,2271,INR
ACT00081,TravelNest,Agra Cultural Experience,Agra,2026-12-09,10:00,6,33,4806,INR
ACT00082,HolidayHub,Hyderabad Wildlife Safari,Hyderabad,2026-10-07,10:00,5,15,2863,INR
ACT00083,TravelNest,Delhi City Tour,Delhi,2026-12-26,09:00,1,40,5798,INR
ACT00084,BookGuard Tours,Udaipur Cultural Experience,Udaipur,2027-03-20,10:00,5,31,3857,INR
ACT00085,ExploreIndia,Bengaluru Heritage Walk,Bengaluru,2027-01-09,18:00,4,19,652,INR
ACT00086,ExploreIndia,Goa Beach Tour,Goa,2026-10-23,10:00,1,6,2465,INR
ACT00087,HolidayHub,Bengaluru Heritage Walk,Bengaluru,2027-03-16,14:00,6,27,5609,INR
ACT00088,ExploreIndia,Rishikesh Wildlife Safari,Rishikesh,2026-12-09,09:00,3,31,5401,INR
ACT00089,BookGuard Tours,Mumbai Adventure Trek,Mumbai,2026-11-10,10:00,6,10,2180,INR
ACT00090,TripSphere,Delhi Cultural Experience,Delhi,2026-10-27,18:00,1,30,1152,INR
ACT00091,ExploreIndia,Udaipur Sightseeing,Udaipur,2026-12-12,08:00,6,20,774,INR
ACT00092,TripSphere,Hyderabad Food Tour,Hyderabad,2027-01-10,18:00,2,20,1693,INR
ACT00093,BookGuard Tours,Kolkata Adventure Trek,Kolkata,2027-03-08,16:00,2,31,2097,INR
ACT00094,BookGuard Tours,Udaipur Sightseeing,Udaipur,2027-01-29,10:00,2,10,2292,INR
ACT00095,BookGuard Tours,Bengaluru Adventure Trek,Bengaluru,2027-02-07,14:00,3,5,3733,INR
ACT00096,HolidayHub,Udaipur Sightseeing,Udaipur,2027-01-20,11:00,4,39,5326,INR
ACT00097,TravelNest,Kochi Sightseeing,Kochi,2027-01-08,18:00,5,31,584,INR
ACT00098,HolidayHub,Pune Museum Tour,Pune,2026-10-15,16:00,4,32,3687,INR
ACT00099,ExploreIndia,Pune Cultural Experience,Pune,2027-01-13,16:00,6,15,4325,INR
ACT00100,ExploreIndia,Rishikesh Wildlife Safari,Rishikesh,2026-10-30,09:00,2,38,4517,INR
ACT00101,BookGuard Tours,Jaipur Museum Tour,Jaipur,2027-03-13,08:00,5,37,4485,INR
ACT00102,TripSphere,Agra Museum Tour,Agra,2026-12-05,18:00,4,5,3247,INR
ACT00103,BookGuard Tours,Goa City Tour,Goa,2026-11-25,16:00,6,16,5275,INR
ACT00104,ExploreIndia,Kolkata Food Tour,Kolkata,2027-01-09,09:00,4,27,1044,INR
ACT00105,BookGuard Tours,Bengaluru Wildlife Safari,Bengaluru,2027-03-26,18:00,6,23,3411,INR
ACT00106,HolidayHub,Kochi Adventure Trek,Kochi,2027-02-18,09:00,6,19,1204,INR
ACT00107,HolidayHub,Kolkata Cultural Experience,Kolkata,2026-12-26,10:00,1,34,4178,INR
ACT00108,ExploreIndia,Agra Museum Tour,Agra,2027-03-03,14:00,2,17,4832,INR
ACT00109,TravelNest,Kochi Heritage Walk,Kochi,2027-02-11,11:00,1,19,3693,INR
ACT00110,HolidayHub,Hyderabad Sightseeing,Hyderabad,2026-10-12,16:00,6,37,5432,INR
ACT00111,TravelNest,Mysuru Museum Tour,Mysuru,2026-11-21,14:00,3,15,5885,INR
ACT00112,TravelNest,Chennai Beach Tour,Chennai,2027-01-13,16:00,2,33,3433,INR
ACT00113,TravelNest,Bengaluru Wildlife Safari,Bengaluru,2026-12-14,11:00,4,39,461,INR
ACT00114,BookGuard Tours,Mumbai Food Tour,Mumbai,2027-01-28,10:00,6,38,4691,INR
ACT00115,ExploreIndia,Bengaluru Adventure Trek,Bengaluru,2026-11-14,09:00,2,9,5390,INR
ACT00116,ExploreIndia,Hyderabad River Rafting,Hyderabad,2027-03-21,11:00,2,26,317,INR
ACT00117,TripSphere,Udaipur City Tour,Udaipur,2027-03-14,08:00,2,35,4898,INR
ACT00118,HolidayHub,Delhi River Rafting,Delhi,2027-03-05,10:00,2,28,5269,INR
ACT00119,BookGuard Tours,Kochi Food Tour,Kochi,2026-11-19,08:00,6,26,1416,INR
ACT00120,BookGuard Tours,Rishikesh River Rafting,Rishikesh,2026-12-16,14:00,3,5,1252,INR
ACT00121,BookGuard Tours,Pune River Rafting,Pune,2026-12-25,10:00,2,32,5324,INR
ACT00122,HolidayHub,Bengaluru River Rafting,Bengaluru,2027-02-02,09:00,3,25,1949,INR
ACT00123,TripSphere,Manali Heritage Walk,Manali,2027-01-25,14:00,2,23,2766,INR
ACT00124,HolidayHub,Jaipur Cultural Experience,Jaipur,2026-11-15,10:00,2,19,2583,INR
ACT00125,HolidayHub,Manali City Tour,Manali,2026-10-08,11:00,5,30,5621,INR
ACT00126,TravelNest,Mumbai Food Tour,Mumbai,2027-03-01,16:00,5,15,5279,INR
ACT00127,HolidayHub,Mysuru Adventure Trek,Mysuru,2027-02-06,18:00,2,23,4274,INR
ACT00128,TravelNest,Udaipur City Tour,Udaipur,2026-10-26,16:00,1,18,5980,INR
ACT00129,TravelNest,Manali City Tour,Manali,2026-11-17,16:00,5,37,3657,INR
ACT00130,BookGuard Tours,Kochi Beach Tour,Kochi,2026-11-06,18:00,4,11,952,INR
ACT00131,HolidayHub,Goa Adventure Trek,Goa,2027-02-25,16:00,1,10,1684,INR
ACT00132,TripSphere,Kochi City Tour,Kochi,2026-12-22,14:00,5,5,2292,INR
ACT00133,ExploreIndia,Jaipur Wildlife Safari,Jaipur,2026-10-22,09:00,2,21,4179,INR
ACT00134,TripSphere,Udaipur Food Tour,Udaipur,2026-11-04,11:00,5,28,367,INR
ACT00135,TravelNest,Mumbai Museum Tour,Mumbai,2027-03-06,10:00,5,8,3136,INR
ACT00136,TripSphere,Goa Adventure Trek,Goa,2026-11-17,08:00,6,11,2061,INR
ACT00137,TripSphere,Rishikesh Museum Tour,Rishikesh,2027-02-26,14:00,4,31,2689,INR
ACT00138,BookGuard Tours,Mumbai City Tour,Mumbai,2026-12-09,11:00,6,18,3716,INR
ACT00139,BookGuard Tours,Rishikesh Food Tour,Rishikesh,2026-10-16,09:00,3,7,2760,INR
ACT00140,TripSphere,Udaipur City Tour,Udaipur,2027-01-27,08:00,3,15,5311,INR
ACT00141,BookGuard Tours,Bengaluru Adventure Trek,Bengaluru,2026-12-21,08:00,5,21,2638,INR
ACT00142,HolidayHub,Kolkata Beach Tour,Kolkata,2026-11-14,16:00,1,12,499,INR
ACT00143,BookGuard Tours,Kolkata Adventure Trek,Kolkata,2027-02-05,18:00,5,30,372,INR
ACT00144,TripSphere,Mysuru Museum Tour,Mysuru,2027-03-28,18:00,4,15,917,INR
ACT00145,BookGuard Tours,Hyderabad Food Tour,Hyderabad,2026-11-14,18:00,6,34,2620,INR
ACT00146,TripSphere,Jaipur Cultural Experience,Jaipur,2026-10-12,18:00,1,10,1211,INR
ACT00147,HolidayHub,Rishikesh River Rafting,Rishikesh,2027-01-14,14:00,2,27,2046,INR
ACT00148,TripSphere,Mumbai River Rafting,Mumbai,2027-03-21,16:00,5,19,3170,INR
ACT00149,ExploreIndia,Mysuru Heritage Walk,Mysuru,2027-02-07,18:00,4,36,1862,INR
ACT00150,ExploreIndia,Goa Sightseeing,Goa,2027-03-16,16:00,4,10,2716,INR
ACT00151,TripSphere,Goa City Tour,Goa,2026-12-22,18:00,1,22,2968,INR
ACT00152,TripSphere,Rishikesh Beach Tour,Rishikesh,2027-02-24,08:00,1,35,4168,INR
ACT00153,HolidayHub,Hyderabad Beach Tour,Hyderabad,2027-01-01,18:00,3,15,5381,INR
ACT00154,BookGuard Tours,Pune Heritage Walk,Pune,2027-03-05,14:00,1,18,3608,INR
ACT00155,TripSphere,Rishikesh Wildlife Safari,Rishikesh,2026-11-07,08:00,2,36,4563,INR
ACT00156,TravelNest,Kochi Food Tour,Kochi,2027-03-23,08:00,3,24,5577,INR
ACT00157,TravelNest,Rishikesh Beach Tour,Rishikesh,2027-03-12,08:00,6,24,1312,INR
ACT00158,BookGuard Tours,Bengaluru Heritage Walk,Bengaluru,2026-10-08,14:00,2,17,1497,INR
ACT00159,ExploreIndia,Rishikesh Museum Tour,Rishikesh,2026-12-03,14:00,2,25,2132,INR
ACT00160,TravelNest,Agra Heritage Walk,Agra,2026-12-09,09:00,5,10,1027,INR
ACT00161,BookGuard Tours,Jaipur Food Tour,Jaipur,2026-12-17,14:00,6,37,2999,INR
ACT00162,HolidayHub,Bengaluru Wildlife Safari,Bengaluru,2027-02-20,10:00,3,23,2493,INR
ACT00163,ExploreIndia,Agra Wildlife Safari,Agra,2027-02-15,11:00,3,26,3893,INR
ACT00164,BookGuard Tours,Kochi Sightseeing,Kochi,2026-12-22,11:00,1,35,2938,INR
ACT00165,ExploreIndia,Manali Adventure Trek,Manali,2027-02-18,10:00,6,38,5060,INR
ACT00166,HolidayHub,Kochi Adventure Trek,Kochi,2027-02-22,11:00,5,27,2086,INR
ACT00167,TripSphere,Chennai River Rafting,Chennai,2026-10-25,16:00,4,36,5523,INR
ACT00168,ExploreIndia,Goa Sightseeing,Goa,2026-10-07,09:00,1,34,5058,INR
ACT00169,TripSphere,Udaipur Cultural Experience,Udaipur,2026-12-09,16:00,3,8,4618,INR
ACT00170,TripSphere,Mysuru Adventure Trek,Mysuru,2026-10-11,08:00,2,8,2447,INR
ACT00171,HolidayHub,Manali Museum Tour,Manali,2026-12-14,11:00,1,15,5447,INR
ACT00172,TripSphere,Manali Food Tour,Manali,2026-12-17,14:00,3,16,5466,INR
ACT00173,HolidayHub,Mumbai Museum Tour,Mumbai,2026-12-13,09:00,2,19,4767,INR
ACT00174,TripSphere,Manali Wildlife Safari,Manali,2027-02-24,16:00,1,27,5390,INR
ACT00175,ExploreIndia,Kochi Cultural Experience,Kochi,2027-01-02,14:00,1,14,1059,INR
ACT00176,BookGuard Tours,Kolkata Wildlife Safari,Kolkata,2026-10-02,11:00,3,28,3077,INR
ACT00177,HolidayHub,Udaipur City Tour,Udaipur,2027-02-10,10:00,4,21,3223,INR
ACT00178,BookGuard Tours,Chennai Cultural Experience,Chennai,2027-01-10,18:00,6,27,1014,INR
ACT00179,TravelNest,Chennai City Tour,Chennai,2026-12-24,08:00,3,21,4719,INR
ACT00180,ExploreIndia,Kolkata Heritage Walk,Kolkata,2027-02-09,08:00,4,11,3196,INR
ACT00181,ExploreIndia,Pune City Tour,Pune,2026-11-07,10:00,5,26,535,INR
ACT00182,HolidayHub,Pune Beach Tour,Pune,2026-12-21,10:00,5,34,5980,INR
ACT00183,ExploreIndia,Jaipur Wildlife Safari,Jaipur,2026-11-15,11:00,2,32,1571,INR
ACT00184,TripSphere,Mysuru Wildlife Safari,Mysuru,2027-01-20,18:00,2,21,2301,INR
ACT00185,HolidayHub,Goa Cultural Experience,Goa,2027-03-19,14:00,3,33,2126,INR
ACT00186,BookGuard Tours,Kochi Adventure Trek,Kochi,2027-03-24,10:00,5,30,2239,INR
ACT00187,BookGuard Tours,Goa Food Tour,Goa,2026-12-23,08:00,2,12,2926,INR
ACT00188,TravelNest,Chennai Sightseeing,Chennai,2027-02-12,14:00,2,39,4185,INR
ACT00189,TravelNest,Hyderabad City Tour,Hyderabad,2027-01-23,16:00,1,13,853,INR
ACT00190,HolidayHub,Rishikesh Cultural Experience,Rishikesh,2027-02-12,10:00,3,30,2718,INR
ACT00191,TripSphere,Manali Cultural Experience,Manali,2026-12-16,10:00,1,25,328,INR
ACT00192,BookGuard Tours,Rishikesh Adventure Trek,Rishikesh,2026-12-31,18:00,6,26,1960,INR
ACT00193,TripSphere,Goa Sightseeing,Goa,2027-03-16,08:00,5,39,3912,INR
ACT00194,TravelNest,Udaipur Heritage Walk,Udaipur,2026-11-05,10:00,5,27,1170,INR
ACT00195,HolidayHub,Kochi City Tour,Kochi,2027-03-21,11:00,4,34,2950,INR
ACT00196,BookGuard Tours,Mysuru Beach Tour,Mysuru,2027-02-01,10:00,3,27,4340,INR
ACT00197,TravelNest,Delhi Adventure Trek,Delhi,2027-02-13,14:00,6,15,546,INR
ACT00198,TripSphere,Pune Beach Tour,Pune,2026-11-15,10:00,3,16,3528,INR
ACT00199,ExploreIndia,Goa Cultural Experience,Goa,2026-12-14,18:00,3,19,1709,INR
ACT00200,HolidayHub,Delhi Sightseeing,Delhi,2026-10-15,18:00,5,40,3885,INR
ACT00201,TravelNest,Jaipur Cultural Experience,Jaipur,2027-03-28,16:00,1,5,4961,INR
ACT00202,TripSphere,Delhi Adventure Trek,Delhi,2026-11-19,18:00,4,20,687,INR
ACT00203,BookGuard Tours,Goa Wildlife Safari,Goa,2026-11-25,08:00,4,28,1511,INR
ACT00204,HolidayHub,Bengaluru Heritage Walk,Bengaluru,2027-02-04,18:00,3,38,1899,INR
ACT00205,ExploreIndia,Mumbai Beach Tour,Mumbai,2026-10-06,08:00,2,37,2783,INR
ACT00206,TripSphere,Pune Cultural Experience,Pune,2026-10-22,14:00,6,31,1711,INR
ACT00207,BookGuard Tours,Manali Museum Tour,Manali,2026-11-25,18:00,3,11,908,INR
ACT00208,HolidayHub,Kochi Cultural Experience,Kochi,2027-02-06,18:00,6,17,2611,INR
ACT00209,BookGuard Tours,Pune River Rafting,Pune,2027-02-12,11:00,2,15,4053,INR
ACT00210,TripSphere,Agra Adventure Trek,Agra,2027-01-09,11:00,2,15,4788,INR
ACT00211,HolidayHub,Bengaluru Cultural Experience,Bengaluru,2027-02-24,09:00,3,35,3023,INR
ACT00212,BookGuard Tours,Manali Adventure Trek,Manali,2027-03-11,11:00,1,21,5201,INR
ACT00213,TripSphere,Mumbai Food Tour,Mumbai,2026-11-24,09:00,5,30,4438,INR
ACT00214,TravelNest,Mysuru Beach Tour,Mysuru,2027-03-24,08:00,1,31,2673,INR
ACT00215,HolidayHub,Udaipur Museum Tour,Udaipur,2027-03-21,10:00,5,5,4655,INR
ACT00216,HolidayHub,Bengaluru City Tour,Bengaluru,2026-10-28,08:00,1,5,4107,INR
ACT00217,ExploreIndia,Bengaluru Wildlife Safari,Bengaluru,2026-11-30,09:00,5,17,3577,INR
ACT00218,TripSphere,Kolkata Heritage Walk,Kolkata,2027-02-01,10:00,3,24,5249,INR
ACT00219,ExploreIndia,Kolkata Beach Tour,Kolkata,2026-11-23,16:00,4,38,1258,INR
ACT00220,BookGuard Tours,Kochi Adventure Trek,Kochi,2027-01-30,08:00,5,32,5789,INR
ACT00221,BookGuard Tours,Delhi Adventure Trek,Delhi,2026-11-21,10:00,3,38,3969,INR
ACT00222,TravelNest,Kochi City Tour,Kochi,2026-12-28,16:00,5,8,4853,INR
ACT00223,BookGuard Tours,Kolkata Beach Tour,Kolkata,2027-03-26,11:00,5,36,792,INR
ACT00224,HolidayHub,Manali Sightseeing,Manali,2026-12-28,11:00,3,9,2185,INR
ACT00225,TripSphere,Jaipur City Tour,Jaipur,2026-10-24,18:00,6,13,4081,INR
ACT00226,ExploreIndia,Udaipur City Tour,Udaipur,2026-10-02,18:00,6,23,3779,INR
ACT00227,TravelNest,Pune Beach Tour,Pune,2026-10-02,16:00,4,16,3785,INR
ACT00228,ExploreIndia,Mysuru Adventure Trek,Mysuru,2027-01-27,11:00,2,30,1426,INR
ACT00229,ExploreIndia,Delhi City Tour,Delhi,2027-03-17,18:00,1,25,3619,INR
ACT00230,TravelNest,Udaipur Museum Tour,Udaipur,2026-10-13,11:00,2,9,1233,INR
ACT00231,ExploreIndia,Manali City Tour,Manali,2027-01-26,11:00,1,22,1184,INR
ACT00232,ExploreIndia,Hyderabad River Rafting,Hyderabad,2026-12-08,10:00,4,11,376,INR
ACT00233,HolidayHub,Rishikesh Museum Tour,Rishikesh,2027-01-25,16:00,1,13,5922,INR
ACT00234,TripSphere,Bengaluru Wildlife Safari,Bengaluru,2026-11-19,09:00,2,8,1699,INR
ACT00235,ExploreIndia,Kochi Museum Tour,Kochi,2026-11-17,08:00,3,30,5778,INR
ACT00236,TripSphere,Rishikesh Heritage Walk,Rishikesh,2027-01-13,08:00,5,38,586,INR
ACT00237,ExploreIndia,Mysuru Beach Tour,Mysuru,2027-03-14,08:00,3,6,2256,INR
ACT00238,BookGuard Tours,Hyderabad River Rafting,Hyderabad,2027-02-24,16:00,2,9,4096,INR
ACT00239,ExploreIndia,Hyderabad City Tour,Hyderabad,2027-01-23,14:00,4,15,1855,INR
ACT00240,TravelNest,Rishikesh City Tour,Rishikesh,2027-01-21,08:00,5,15,2838,INR
ACT00241,ExploreIndia,Pune River Rafting,Pune,2027-03-09,14:00,4,17,1848,INR
ACT00242,BookGuard Tours,Agra City Tour,Agra,2026-11-06,14:00,2,28,619,INR
ACT00243,HolidayHub,Mumbai Sightseeing,Mumbai,2027-01-01,16:00,2,26,4529,INR
ACT00244,HolidayHub,Rishikesh Adventure Trek,Rishikesh,2027-02-08,18:00,2,22,3205,INR
ACT00245,TravelNest,Delhi Wildlife Safari,Delhi,2027-02-24,08:00,6,31,4059,INR
ACT00246,BookGuard Tours,Delhi Museum Tour,Delhi,2026-10-05,16:00,3,6,2919,INR
ACT00247,TripSphere,Rishikesh Beach Tour,Rishikesh,2026-11-19,08:00,1,16,4512,INR
ACT00248,HolidayHub,Rishikesh Museum Tour,Rishikesh,2026-12-28,16:00,2,19,2378,INR
ACT00249,TripSphere,Chennai Cultural Experience,Chennai,2026-11-08,14:00,2,31,598,INR
ACT00250,TripSphere,Chennai Museum Tour,Chennai,2027-01-24,10:00,5,22,1567,INR
ACT00251,HolidayHub,Kochi City Tour,Kochi,2027-02-03,10:00,4,14,2094,INR
ACT00252,TravelNest,Kochi Sightseeing,Kochi,2026-11-14,16:00,4,15,4371,INR
ACT00253,TravelNest,Mysuru Cultural Experience,Mysuru,2027-01-27,08:00,2,9,1971,INR
ACT00254,TravelNest,Delhi Museum Tour,Delhi,2027-01-15,09:00,4,26,1941,INR
ACT00255,ExploreIndia,Udaipur City Tour,Udaipur,2026-10-13,09:00,4,24,4482,INR
ACT00256,TravelNest,Udaipur Cultural Experience,Udaipur,2027-01-09,11:00,2,34,5143,INR
ACT00257,TripSphere,Pune Sightseeing,Pune,2027-03-25,08:00,3,40,2559,INR
ACT00258,TravelNest,Mysuru Food Tour,Mysuru,2026-10-22,14:00,5,9,2121,INR
ACT00259,BookGuard Tours,Kochi Sightseeing,Kochi,2027-03-04,09:00,4,26,5319,INR
ACT00260,BookGuard Tours,Jaipur Heritage Walk,Jaipur,2027-02-07,10:00,5,39,2691,INR
ACT00261,ExploreIndia,Hyderabad Museum Tour,Hyderabad,2026-10-17,18:00,3,16,1259,INR
ACT00262,BookGuard Tours,Chennai Sightseeing,Chennai,2026-11-16,10:00,6,31,4532,INR
ACT00263,ExploreIndia,Rishikesh Sightseeing,Rishikesh,2026-12-29,11:00,2,21,2532,INR
ACT00264,BookGuard Tours,Kochi Wildlife Safari,Kochi,2026-11-15,10:00,1,39,1177,INR
ACT00265,ExploreIndia,Kolkata Museum Tour,Kolkata,2026-11-27,14:00,3,14,3718,INR
ACT00266,HolidayHub,Rishikesh Adventure Trek,Rishikesh,2026-11-21,11:00,5,22,5153,INR
ACT00267,BookGuard Tours,Mysuru City Tour,Mysuru,2026-10-08,11:00,4,11,450,INR
ACT00268,HolidayHub,Rishikesh Food Tour,Rishikesh,2027-03-13,10:00,2,24,2974,INR
ACT00269,BookGuard Tours,Jaipur Museum Tour,Jaipur,2026-10-28,14:00,5,34,5864,INR
ACT00270,TravelNest,Mumbai River Rafting,Mumbai,2026-12-28,11:00,5,31,1202,INR
ACT00271,BookGuard Tours,Jaipur Sightseeing,Jaipur,2027-02-21,09:00,5,12,5661,INR
ACT00272,BookGuard Tours,Mumbai Beach Tour,Mumbai,2027-03-23,09:00,2,23,1660,INR
ACT00273,HolidayHub,Goa Heritage Walk,Goa,2026-12-18,14:00,6,25,5577,INR
ACT00274,BookGuard Tours,Manali City Tour,Manali,2026-10-21,14:00,5,37,4818,INR
ACT00275,TripSphere,Kolkata Adventure Trek,Kolkata,2026-10-19,14:00,4,35,2698,INR
ACT00276,TripSphere,Kochi Food Tour,Kochi,2027-01-23,09:00,6,19,5236,INR
ACT00277,TravelNest,Bengaluru Food Tour,Bengaluru,2027-02-23,10:00,6,32,824,INR
ACT00278,BookGuard Tours,Hyderabad Adventure Trek,Hyderabad,2026-11-07,14:00,3,10,4704,INR
ACT00279,TripSphere,Rishikesh Food Tour,Rishikesh,2026-11-23,16:00,1,27,2708,INR
ACT00280,TravelNest,Pune Food Tour,Pune,2026-12-21,16:00,1,10,2910,INR
ACT00281,TripSphere,Chennai Cultural Experience,Chennai,2027-02-16,09:00,5,10,5393,INR
ACT00282,TravelNest,Hyderabad Cultural Experience,Hyderabad,2026-12-24,14:00,6,7,2222,INR
ACT00283,BookGuard Tours,Bengaluru Sightseeing,Bengaluru,2026-12-17,11:00,1,10,1629,INR
ACT00284,ExploreIndia,Hyderabad City Tour,Hyderabad,2026-10-07,11:00,4,32,3683,INR
ACT00285,HolidayHub,Udaipur City Tour,Udaipur,2027-03-02,09:00,3,13,1223,INR
ACT00286,TravelNest,Rishikesh Heritage Walk,Rishikesh,2026-10-03,09:00,5,27,5858,INR
ACT00287,TravelNest,Manali River Rafting,Manali,2027-03-04,11:00,1,26,4473,INR
ACT00288,TravelNest,Rishikesh Heritage Walk,Rishikesh,2026-10-15,11:00,6,32,2756,INR
ACT00289,ExploreIndia,Kochi Beach Tour,Kochi,2027-03-27,09:00,3,23,923,INR
ACT00290,HolidayHub,Kolkata City Tour,Kolkata,2026-12-05,09:00,2,11,4230,INR
ACT00291,TravelNest,Kochi Heritage Walk,Kochi,2026-12-13,08:00,1,12,2665,INR
ACT00292,TripSphere,Chennai Wildlife Safari,Chennai,2026-11-07,11:00,6,17,2439,INR
ACT00293,HolidayHub,Agra Sightseeing,Agra,2027-01-25,08:00,1,21,4389,INR
ACT00294,HolidayHub,Pune City Tour,Pune,2027-03-19,10:00,1,31,3363,INR
ACT00295,HolidayHub,Jaipur Museum Tour,Jaipur,2027-03-06,11:00,6,19,3724,INR
ACT00296,ExploreIndia,Agra Sightseeing,Agra,2027-02-02,18:00,1,12,4549,INR
ACT00297,HolidayHub,Hyderabad Cultural Experience,Hyderabad,2027-02-07,10:00,3,27,4463,INR
ACT00298,TripSphere,Mysuru Beach Tour,Mysuru,2026-12-13,08:00,3,36,3111,INR
ACT00299,TravelNest,Agra Wildlife Safari,Agra,2026-11-06,10:00,1,30,2500,INR
ACT00300,TravelNest,Pune Sightseeing,Pune,2027-02-15,14:00,4,26,5615,INR
ACT00301,ExploreIndia,Bengaluru Food Tour,Bengaluru,2027-01-08,16:00,5,28,5779,INR
ACT00302,TravelNest,Kolkata Heritage Walk,Kolkata,2027-01-26,08:00,5,32,3030,INR
ACT00303,TripSphere,Delhi Adventure Trek,Delhi,2027-03-14,11:00,4,10,3442,INR
ACT00304,ExploreIndia,Jaipur Food Tour,Jaipur,2026-11-24,16:00,3,36,2427,INR
ACT00305,BookGuard Tours,Chennai Food Tour,Chennai,2026-11-25,08:00,5,35,4605,INR
ACT00306,TripSphere,Goa Adventure Trek,Goa,2027-03-06,14:00,4,19,1102,INR
ACT00307,BookGuard Tours,Kolkata Sightseeing,Kolkata,2026-12-28,16:00,1,39,4629,INR
ACT00308,HolidayHub,Delhi City Tour,Delhi,2027-02-01,18:00,2,26,1417,INR
ACT00309,HolidayHub,Udaipur Heritage Walk,Udaipur,2027-03-01,09:00,4,40,1954,INR
ACT00310,TripSphere,Mysuru Beach Tour,Mysuru,2026-12-31,10:00,5,20,3765,INR
ACT00311,BookGuard Tours,Agra Cultural Experience,Agra,2026-11-06,18:00,1,34,1340,INR
ACT00312,TravelNest,Pune Sightseeing,Pune,2026-12-01,16:00,4,7,4521,INR
ACT00313,HolidayHub,Hyderabad River Rafting,Hyderabad,2026-10-14,09:00,5,7,3414,INR
ACT00314,HolidayHub,Goa Wildlife Safari,Goa,2026-10-14,09:00,4,25,2100,INR
ACT00315,TripSphere,Delhi Heritage Walk,Delhi,2027-03-24,09:00,6,16,1012,INR
ACT00316,TravelNest,Pune Adventure Trek,Pune,2027-02-19,14:00,5,17,5301,INR
ACT00317,TripSphere,Chennai Wildlife Safari,Chennai,2026-10-28,09:00,5,35,4709,INR
ACT00318,ExploreIndia,Mysuru City Tour,Mysuru,2026-12-21,18:00,2,37,1047,INR
ACT00319,HolidayHub,Goa Food Tour,Goa,2026-12-29,16:00,4,22,2084,INR
ACT00320,ExploreIndia,Delhi Sightseeing,Delhi,2027-01-24,14:00,5,40,3865,INR
ACT00321,ExploreIndia,Hyderabad Heritage Walk,Hyderabad,2026-11-06,18:00,4,9,4680,INR
ACT00322,BookGuard Tours,Chennai Heritage Walk,Chennai,2027-03-16,14:00,2,22,2636,INR
ACT00323,ExploreIndia,Kolkata Cultural Experience,Kolkata,2026-10-01,11:00,3,8,4684,INR
ACT00324,BookGuard Tours,Agra Sightseeing,Agra,2027-02-06,14:00,4,21,1172,INR
ACT00325,TripSphere,Rishikesh Adventure Trek,Rishikesh,2026-11-14,08:00,2,12,5931,INR
ACT00326,BookGuard Tours,Kochi Adventure Trek,Kochi,2027-01-28,09:00,2,12,4823,INR
ACT00327,TripSphere,Delhi Beach Tour,Delhi,2027-03-10,18:00,5,12,4159,INR
ACT00328,ExploreIndia,Mumbai Beach Tour,Mumbai,2027-02-13,14:00,6,7,3500,INR
ACT00329,HolidayHub,Jaipur Food Tour,Jaipur,2027-02-20,09:00,6,15,3910,INR
ACT00330,ExploreIndia,Rishikesh City Tour,Rishikesh,2026-10-17,16:00,4,9,3429,INR
ACT00331,TripSphere,Rishikesh Museum Tour,Rishikesh,2026-10-25,18:00,2,38,5840,INR
ACT00332,TripSphere,Manali Museum Tour,Manali,2026-12-15,18:00,1,34,4194,INR
ACT00333,ExploreIndia,Hyderabad Wildlife Safari,Hyderabad,2027-02-08,14:00,3,25,920,INR
ACT00334,BookGuard Tours,Agra Food Tour,Agra,2026-10-19,18:00,2,17,5084,INR
ACT00335,HolidayHub,Chennai Museum Tour,Chennai,2026-11-06,10:00,2,8,4626,INR
ACT00336,BookGuard Tours,Goa River Rafting,Goa,2026-11-10,10:00,6,28,3591,INR
ACT00337,ExploreIndia,Mumbai Adventure Trek,Mumbai,2026-11-21,08:00,3,38,3465,INR
ACT00338,ExploreIndia,Pune River Rafting,Pune,2027-02-27,18:00,2,23,313,INR
ACT00339,BookGuard Tours,Mysuru Museum Tour,Mysuru,2027-01-11,10:00,4,40,1246,INR
ACT00340,BookGuard Tours,Hyderabad Heritage Walk,Hyderabad,2027-01-20,11:00,6,37,2131,INR
ACT00341,ExploreIndia,Rishikesh Sightseeing,Rishikesh,2027-01-30,09:00,1,20,2813,INR
ACT00342,ExploreIndia,Udaipur River Rafting,Udaipur,2026-11-10,09:00,6,25,394,INR
ACT00343,TravelNest,Udaipur Beach Tour,Udaipur,2026-10-01,11:00,2,14,3585,INR
ACT00344,BookGuard Tours,Jaipur City Tour,Jaipur,2026-10-25,16:00,3,30,3747,INR
ACT00345,ExploreIndia,Kochi Adventure Trek,Kochi,2027-03-11,16:00,1,15,1330,INR
ACT00346,BookGuard Tours,Mysuru Food Tour,Mysuru,2026-11-01,10:00,2,26,4615,INR
ACT00347,BookGuard Tours,Mysuru Heritage Walk,Mysuru,2026-11-13,09:00,2,26,5893,INR
ACT00348,ExploreIndia,Chennai City Tour,Chennai,2026-12-14,16:00,1,7,1358,INR
ACT00349,BookGuard Tours,Jaipur City Tour,Jaipur,2027-01-16,16:00,3,36,3525,INR
ACT00350,BookGuard Tours,Udaipur City Tour,Udaipur,2027-02-18,10:00,3,31,3491,INR
ACT00351,HolidayHub,Udaipur Wildlife Safari,Udaipur,2026-12-01,14:00,6,11,1295,INR
ACT00352,TripSphere,Mysuru Food Tour,Mysuru,2026-10-23,11:00,2,29,3016,INR
ACT00353,TravelNest,Manali City Tour,Manali,2027-03-07,16:00,1,8,2564,INR
ACT00354,ExploreIndia,Hyderabad Heritage Walk,Hyderabad,2026-10-11,10:00,4,37,3859,INR
ACT00355,TripSphere,Mumbai Adventure Trek,Mumbai,2026-10-03,18:00,3,17,5166,INR
ACT00356,BookGuard Tours,Mumbai Sightseeing,Mumbai,2026-12-07,09:00,2,37,3554,INR
ACT00357,ExploreIndia,Udaipur Food Tour,Udaipur,2027-03-09,08:00,6,29,1346,INR
ACT00358,ExploreIndia,Jaipur Cultural Experience,Jaipur,2026-11-14,11:00,2,14,5701,INR
ACT00359,HolidayHub,Kochi Adventure Trek,Kochi,2027-01-10,18:00,3,6,3749,INR
ACT00360,ExploreIndia,Mumbai Cultural Experience,Mumbai,2027-03-01,08:00,1,34,3983,INR
ACT00361,TravelNest,Goa Wildlife Safari,Goa,2027-03-23,08:00,6,8,2510,INR
ACT00362,TripSphere,Udaipur Heritage Walk,Udaipur,2027-02-10,18:00,5,12,3110,INR
ACT00363,TravelNest,Goa City Tour,Goa,2027-03-15,14:00,6,29,3803,INR
ACT00364,ExploreIndia,Mumbai River Rafting,Mumbai,2026-12-01,11:00,2,14,4297,INR
ACT00365,ExploreIndia,Agra Beach Tour,Agra,2026-10-22,09:00,2,37,2110,INR
ACT00366,TripSphere,Agra Adventure Trek,Agra,2026-12-27,14:00,2,25,1828,INR
ACT00367,BookGuard Tours,Bengaluru Adventure Trek,Bengaluru,2027-03-11,11:00,3,40,4520,INR
ACT00368,HolidayHub,Mysuru Sightseeing,Mysuru,2027-01-30,18:00,4,26,1889,INR
ACT00369,TripSphere,Delhi Beach Tour,Delhi,2027-01-19,18:00,4,38,5941,INR
ACT00370,ExploreIndia,Rishikesh Adventure Trek,Rishikesh,2026-12-22,14:00,1,22,5462,INR
ACT00371,HolidayHub,Manali Cultural Experience,Manali,2027-01-03,18:00,5,40,5829,INR
ACT00372,TravelNest,Mumbai Heritage Walk,Mumbai,2027-03-29,09:00,6,26,3986,INR
ACT00373,TravelNest,Hyderabad Food Tour,Hyderabad,2026-12-01,14:00,6,9,4203,INR
ACT00374,ExploreIndia,Mumbai Adventure Trek,Mumbai,2027-03-21,11:00,4,13,5934,INR
ACT00375,ExploreIndia,Goa City Tour,Goa,2026-11-03,11:00,2,8,808,INR
ACT00376,TravelNest,Jaipur Wildlife Safari,Jaipur,2027-03-21,14:00,6,30,5890,INR
ACT00377,ExploreIndia,Kolkata Adventure Trek,Kolkata,2026-11-15,10:00,2,18,5582,INR
ACT00378,ExploreIndia,Chennai Food Tour,Chennai,2026-10-08,10:00,5,10,3136,INR
ACT00379,BookGuard Tours,Rishikesh Heritage Walk,Rishikesh,2026-11-27,14:00,1,14,1374,INR
ACT00380,ExploreIndia,Manali Museum Tour,Manali,2027-01-30,18:00,2,6,2179,INR
ACT00381,BookGuard Tours,Manali Food Tour,Manali,2027-02-12,10:00,1,35,1229,INR
ACT00382,ExploreIndia,Jaipur Museum Tour,Jaipur,2026-12-14,08:00,3,30,5701,INR
ACT00383,BookGuard Tours,Chennai Heritage Walk,Chennai,2027-03-18,14:00,4,19,459,INR
ACT00384,ExploreIndia,Mumbai Wildlife Safari,Mumbai,2027-02-23,16:00,6,26,5233,INR
ACT00385,TravelNest,Agra City Tour,Agra,2026-10-13,18:00,3,20,4687,INR
ACT00386,ExploreIndia,Jaipur Cultural Experience,Jaipur,2027-03-21,16:00,6,26,4404,INR
ACT00387,ExploreIndia,Agra Wildlife Safari,Agra,2027-01-21,08:00,6,7,3750,INR
ACT00388,BookGuard Tours,Chennai Sightseeing,Chennai,2026-10-18,09:00,1,25,4789,INR
ACT00389,ExploreIndia,Agra Food Tour,Agra,2027-03-08,09:00,6,37,2756,INR
ACT00390,TripSphere,Rishikesh Beach Tour,Rishikesh,2027-02-15,10:00,2,16,2654,INR
ACT00391,HolidayHub,Mumbai City Tour,Mumbai,2027-01-14,08:00,1,11,5771,INR
ACT00392,TripSphere,Agra River Rafting,Agra,2026-10-09,09:00,1,17,2100,INR
ACT00393,BookGuard Tours,Chennai Adventure Trek,Chennai,2027-02-20,10:00,3,40,4185,INR
ACT00394,ExploreIndia,Manali River Rafting,Manali,2027-01-31,09:00,1,27,5484,INR
ACT00395,ExploreIndia,Jaipur Food Tour,Jaipur,2027-01-29,09:00,1,36,3644,INR
ACT00396,BookGuard Tours,Delhi Heritage Walk,Delhi,2027-03-02,10:00,4,39,1223,INR
ACT00397,BookGuard Tours,Bengaluru Museum Tour,Bengaluru,2026-12-20,14:00,2,19,5904,INR
ACT00398,BookGuard Tours,Mumbai Sightseeing,Mumbai,2026-10-14,16:00,3,28,5442,INR
ACT00399,HolidayHub,Mumbai Adventure Trek,Mumbai,2027-03-18,14:00,4,9,3668,INR
ACT00400,BookGuard Tours,Goa Food Tour,Goa,2026-11-19,16:00,6,22,552,INR
ACT00401,TripSphere,Chennai Food Tour,Chennai,2027-02-15,09:00,2,16,4185,INR
ACT00402,TripSphere,Goa Heritage Walk,Goa,2027-01-21,10:00,4,6,5685,INR
ACT00403,TravelNest,Chennai Adventure Trek,Chennai,2026-11-07,18:00,5,30,3083,INR
ACT00404,TripSphere,Udaipur Heritage Walk,Udaipur,2027-01-24,08:00,1,37,434,INR
ACT00405,HolidayHub,Goa Wildlife Safari,Goa,2027-02-05,18:00,1,25,5420,INR
ACT00406,TravelNest,Hyderabad Sightseeing,Hyderabad,2027-02-10,11:00,4,7,371,INR
ACT00407,TravelNest,Udaipur Wildlife Safari,Udaipur,2026-10-20,10:00,2,37,496,INR
ACT00408,BookGuard Tours,Udaipur River Rafting,Udaipur,2026-11-07,09:00,1,24,2142,INR
ACT00409,ExploreIndia,Bengaluru Adventure Trek,Bengaluru,2026-11-11,11:00,5,27,355,INR
ACT00410,TravelNest,Jaipur Cultural Experience,Jaipur,2026-12-07,18:00,2,40,2431,INR
ACT00411,TripSphere,Udaipur Cultural Experience,Udaipur,2026-11-30,09:00,1,37,1315,INR
ACT00412,BookGuard Tours,Manali Sightseeing,Manali,2026-11-15,08:00,2,10,3543,INR
ACT00413,TravelNest,Bengaluru Wildlife Safari,Bengaluru,2026-12-03,08:00,1,12,1935,INR
ACT00414,TripSphere,Rishikesh Heritage Walk,Rishikesh,2026-12-09,14:00,2,5,5285,INR
ACT00415,ExploreIndia,Jaipur River Rafting,Jaipur,2026-10-08,09:00,4,28,5086,INR
ACT00416,TripSphere,Manali Wildlife Safari,Manali,2027-01-18,08:00,6,17,2693,INR
ACT00417,BookGuard Tours,Mysuru Cultural Experience,Mysuru,2026-11-05,08:00,2,28,5242,INR
ACT00418,TripSphere,Udaipur Food Tour,Udaipur,2026-10-16,11:00,3,19,3260,INR
ACT00419,HolidayHub,Manali City Tour,Manali,2027-01-12,08:00,6,17,639,INR
ACT00420,TripSphere,Agra City Tour,Agra,2027-03-01,16:00,5,21,4429,INR
ACT00421,HolidayHub,Jaipur Heritage Walk,Jaipur,2027-03-13,08:00,4,11,3132,INR
ACT00422,TravelNest,Mysuru Adventure Trek,Mysuru,2027-02-18,16:00,6,24,5855,INR
ACT00423,HolidayHub,Rishikesh Beach Tour,Rishikesh,2027-01-30,18:00,5,32,4792,INR
ACT00424,ExploreIndia,Chennai Beach Tour,Chennai,2026-10-14,08:00,4,17,894,INR
ACT00425,BookGuard Tours,Agra Heritage Walk,Agra,2026-10-22,08:00,1,15,4984,INR
ACT00426,TravelNest,Udaipur Sightseeing,Udaipur,2027-01-04,09:00,1,28,359,INR
ACT00427,TravelNest,Kolkata Heritage Walk,Kolkata,2027-02-22,14:00,1,24,2430,INR
ACT00428,BookGuard Tours,Agra Museum Tour,Agra,2026-10-09,14:00,5,16,2151,INR
ACT00429,HolidayHub,Delhi City Tour,Delhi,2027-01-08,11:00,3,38,3361,INR
ACT00430,HolidayHub,Mumbai Cultural Experience,Mumbai,2026-12-07,08:00,2,38,4123,INR
ACT00431,ExploreIndia,Hyderabad Museum Tour,Hyderabad,2027-03-02,18:00,2,21,2611,INR
ACT00432,TravelNest,Chennai Wildlife Safari,Chennai,2027-01-29,10:00,5,23,2492,INR
ACT00433,TripSphere,Udaipur City Tour,Udaipur,2027-03-30,14:00,3,38,2800,INR
ACT00434,TripSphere,Kochi Museum Tour,Kochi,2026-10-02,14:00,4,20,702,INR
ACT00435,BookGuard Tours,Agra Museum Tour,Agra,2026-11-23,09:00,4,11,2807,INR
ACT00436,BookGuard Tours,Mumbai Museum Tour,Mumbai,2027-03-15,11:00,6,11,5675,INR
ACT00437,TripSphere,Rishikesh City Tour,Rishikesh,2026-10-11,14:00,5,31,4403,INR
ACT00438,BookGuard Tours,Mysuru Adventure Trek,Mysuru,2026-11-13,14:00,5,7,1349,INR
ACT00439,ExploreIndia,Kochi Museum Tour,Kochi,2027-02-17,14:00,1,5,5905,INR
ACT00440,TravelNest,Mysuru Beach Tour,Mysuru,2026-10-11,14:00,2,12,5604,INR
ACT00441,ExploreIndia,Kochi Cultural Experience,Kochi,2026-10-13,08:00,4,6,4023,INR
ACT00442,HolidayHub,Manali Beach Tour,Manali,2027-03-29,16:00,6,6,4149,INR
ACT00443,TripSphere,Manali Heritage Walk,Manali,2026-10-21,11:00,5,27,3306,INR
ACT00444,HolidayHub,Pune Cultural Experience,Pune,2027-02-24,08:00,4,12,1335,INR
ACT00445,TravelNest,Delhi Museum Tour,Delhi,2027-02-02,11:00,1,24,1438,INR
ACT00446,ExploreIndia,Kolkata Heritage Walk,Kolkata,2027-02-24,18:00,3,29,4529,INR
ACT00447,ExploreIndia,Goa Beach Tour,Goa,2027-03-03,11:00,4,37,1358,INR
ACT00448,TripSphere,Manali Heritage Walk,Manali,2027-03-01,09:00,2,34,3404,INR
ACT00449,HolidayHub,Hyderabad Museum Tour,Hyderabad,2027-01-02,16:00,6,9,1777,INR
ACT00450,TripSphere,Kochi River Rafting,Kochi,2027-03-29,09:00,1,20,2791,INR
ACT00451,TravelNest,Goa Heritage Walk,Goa,2026-11-04,16:00,1,33,5675,INR
ACT00452,BookGuard Tours,Manali Adventure Trek,Manali,2027-03-08,09:00,6,11,3331,INR
ACT00453,TravelNest,Hyderabad Museum Tour,Hyderabad,2027-02-16,14:00,3,16,2875,INR
ACT00454,HolidayHub,Jaipur Food Tour,Jaipur,2026-10-28,09:00,6,36,4627,INR
ACT00455,HolidayHub,Delhi Cultural Experience,Delhi,2027-01-29,18:00,1,7,4451,INR
ACT00456,ExploreIndia,Agra City Tour,Agra,2027-01-31,14:00,5,36,551,INR
ACT00457,ExploreIndia,Agra City Tour,Agra,2026-11-22,11:00,5,18,5040,INR
ACT00458,HolidayHub,Delhi River Rafting,Delhi,2026-11-15,09:00,1,9,3943,INR
ACT00459,ExploreIndia,Mumbai River Rafting,Mumbai,2027-01-25,11:00,2,31,3875,INR
ACT00460,HolidayHub,Mysuru Beach Tour,Mysuru,2026-12-16,11:00,4,16,3624,INR
ACT00461,BookGuard Tours,Mumbai Beach Tour,Mumbai,2026-10-05,16:00,6,40,5018,INR
ACT00462,TravelNest,Kochi Heritage Walk,Kochi,2027-03-06,16:00,4,20,4167,INR
ACT00463,BookGuard Tours,Mysuru Heritage Walk,Mysuru,2026-10-08,08:00,3,21,2431,INR
ACT00464,TripSphere,Delhi Adventure Trek,Delhi,2026-11-20,10:00,4,10,4207,INR
ACT00465,TripSphere,Kolkata City Tour,Kolkata,2026-10-25,09:00,2,18,5164,INR
ACT00466,TravelNest,Mumbai Cultural Experience,Mumbai,2026-12-27,09:00,4,8,2151,INR
ACT00467,ExploreIndia,Mumbai Sightseeing,Mumbai,2026-12-15,08:00,6,28,5850,INR
ACT00468,TravelNest,Mysuru City Tour,Mysuru,2027-01-02,09:00,3,36,2184,INR
ACT00469,ExploreIndia,Kolkata Heritage Walk,Kolkata,2026-11-13,16:00,5,11,3974,INR
ACT00470,BookGuard Tours,Mumbai Food Tour,Mumbai,2027-02-07,11:00,2,22,5133,INR
ACT00471,HolidayHub,Pune Beach Tour,Pune,2026-10-08,18:00,2,25,1431,INR
ACT00472,BookGuard Tours,Manali River Rafting,Manali,2026-10-07,09:00,5,31,5794,INR
ACT00473,BookGuard Tours,Jaipur Adventure Trek,Jaipur,2026-10-12,10:00,3,29,1251,INR
ACT00474,ExploreIndia,Mumbai City Tour,Mumbai,2026-11-16,18:00,1,8,5217,INR
ACT00475,TravelNest,Udaipur Heritage Walk,Udaipur,2026-11-24,16:00,3,15,2464,INR
ACT00476,BookGuard Tours,Delhi Beach Tour,Delhi,2026-12-01,11:00,4,38,5214,INR
ACT00477,BookGuard Tours,Manali Sightseeing,Manali,2027-01-21,10:00,6,18,410,INR
ACT00478,TravelNest,Pune River Rafting,Pune,2027-01-19,08:00,1,16,3537,INR
ACT00479,HolidayHub,Bengaluru River Rafting,Bengaluru,2027-02-05,14:00,4,10,3151,INR
ACT00480,HolidayHub,Delhi Wildlife Safari,Delhi,2026-12-23,10:00,2,5,5922,INR
ACT00481,BookGuard Tours,Pune Wildlife Safari,Pune,2026-11-17,10:00,1,36,1464,INR
ACT00482,TripSphere,Pune Adventure Trek,Pune,2026-12-06,10:00,4,18,1358,INR
ACT00483,ExploreIndia,Pune Beach Tour,Pune,2026-12-29,18:00,3,28,4947,INR
ACT00484,TravelNest,Mysuru River Rafting,Mysuru,2026-11-11,09:00,4,5,3036,INR
ACT00485,HolidayHub,Delhi Sightseeing,Delhi,2027-02-01,08:00,2,16,3206,INR
ACT00486,TripSphere,Bengaluru City Tour,Bengaluru,2027-03-23,18:00,4,34,2645,INR
ACT00487,TravelNest,Mysuru Sightseeing,Mysuru,2027-01-01,08:00,4,30,5055,INR
ACT00488,TravelNest,Kolkata Heritage Walk,Kolkata,2026-12-03,14:00,2,39,4874,INR
ACT00489,HolidayHub,Udaipur Adventure Trek,Udaipur,2026-10-04,10:00,4,8,2060,INR
ACT00490,TravelNest,Kolkata Heritage Walk,Kolkata,2026-10-28,10:00,1,23,3543,INR
ACT00491,ExploreIndia,Goa Food Tour,Goa,2027-01-21,11:00,1,19,2595,INR
ACT00492,BookGuard Tours,Jaipur Heritage Walk,Jaipur,2027-03-25,10:00,5,6,4855,INR
ACT00493,BookGuard Tours,Manali River Rafting,Manali,2027-02-04,18:00,6,34,687,INR
ACT00494,TripSphere,Kolkata Beach Tour,Kolkata,2027-02-27,18:00,6,38,5842,INR
ACT00495,BookGuard Tours,Agra Adventure Trek,Agra,2027-02-25,18:00,6,8,3312,INR
ACT00496,ExploreIndia,Chennai Museum Tour,Chennai,2027-02-02,10:00,2,6,463,INR
ACT00497,TripSphere,Hyderabad Beach Tour,Hyderabad,2027-01-25,10:00,5,9,3334,INR
ACT00498,BookGuard Tours,Bengaluru Food Tour,Bengaluru,2027-02-05,18:00,1,27,2343,INR
ACT00499,TripSphere,Bengaluru Sightseeing,Bengaluru,2026-10-06,14:00,2,7,4264,INR
ACT00500,TripSphere,Pune Adventure Trek,Pune,2026-11-14,08:00,3,22,2133,INR
