activity_booking_id,customer_id,activity_id,activity_inventory_id,activity_date,participants,amount,currency,payment_status,booking_status,created_at
ABK000001,CUST00283,ACT00083,AINV00126,2027-01-03,4,27582,INR,failed,failed,2026-12-02
ABK000002,CUST00281,ACT00269,AINV00323,2027-03-19,6,19504,INR,failed,failed,2027-02-18
ABK000003,CUST00004,ACT00437,AINV00059,2027-01-05,1,17959,INR,failed,initiated,2026-12-11
ABK000004,CUST00091,ACT00178,AINV00316,2027-03-15,5,12332,INR,refunded,confirmed,2027-01-31
ABK000005,CUST00087,ACT00241,AINV00007,2026-11-05,1,3781,INR,pending,confirmed,2026-10-08
ABK000006,CUST00009,ACT00350,AINV00223,2027-03-19,7,6882,INR,failed,initiated,2027-02-18
ABK000007,CUST00092,ACT00302,AINV00184,2027-03-09,8,16529,INR,pending,failed,2027-02-02
ABK000008,CUST00223,ACT00425,AINV00277,2027-03-16,1,15844,INR,pending,cancelled,2027-03-16
ABK000009,CUST00015,ACT00168,AINV00216,2027-03-15,9,3158,INR,refunded,cancelled,2027-02-14
ABK000010,CUST00248,ACT00110,AINV00416,2026-12-27,9,2055,INR,failed,failed,2026-11-27
ABK000011,CUST00227,ACT00104,AINV00283,2027-01-21,6,29352,INR,failed,cancelled,2026-12-18
ABK000012,CUST00282,ACT00328,AINV00453,2027-02-10,7,29300,INR,paid,initiated,2027-02-01
ABK000013,CUST00006,ACT00343,AINV00339,2027-01-14,3,22499,INR,refunded,initiated,2026-12-16
ABK000014,CUST00257,ACT00386,AINV00492,2027-03-24,5,19267,INR,refunded,failed,2027-02-20
ABK000015,CUST00009,ACT00328,AINV00398,2027-02-24,5,4879,INR,refunded,failed,2027-01-31
ABK000016,CUST00163,ACT00164,AINV00206,2027-04-06,10,21711,INR,failed,failed,2027-03-13
ABK000017,CUST00167,ACT00245,AINV00311,2027-02-14,2,478,INR,paid,failed,2027-01-13
ABK000018,CUST00134,ACT00028,AINV00201,2026-12-21,9,11062,INR,pending,cancelled,2026-11-25
ABK000019,CUST00002,ACT00149,AINV00489,2026-10-29,8,2669,INR,refunded,confirmed,2026-10-09
ABK000020,CUST00041,ACT00378,AINV00249,2027-01-15,9,19636,INR,pending,confirmed,2026-12-29
ABK000021,CUST00096,ACT00374,AINV00412,2027-04-16,2,29215,INR,pending,confirmed,2027-03-20
ABK000022,CUST00069,ACT00080,AINV00421,2027-03-28,9,17945,INR,refunded,failed,2027-02-26
ABK000023,CUST00028,ACT00434,AINV00235,2026-12-23,8,13587,INR,pending,initiated,2026-11-22
ABK000024,CUST00260,ACT00040,AINV00290,2026-11-18,4,28331,INR,paid,initiated,2026-10-31
ABK000025,CUST00103,ACT00390,AINV00420,2027-04-05,8,11973,INR,paid,failed,2027-03-04
ABK000026,CUST00035,ACT00247,AINV00496,2026-12-04,9,7111,INR,paid,failed,2026-11-29
ABK000027,CUST00115,ACT00058,AINV00083,2026-12-24,9,3303,INR,refunded,failed,2026-11-19
ABK000028,CUST00005,ACT00098,AINV00009,2027-02-13,6,27538,INR,failed,cancelled,2027-02-12
ABK000029,CUST00270,ACT00444,AINV00402,2026-11-01,5,3403,INR,paid,initiated,2026-10-22
ABK000030,CUST00243,ACT00374,AINV00400,2026-11-20,6,3017,INR,pending,failed,2026-11-17
ABK000031,CUST00259,ACT00424,AINV00211,2026-12-15,6,22552,INR,pending,failed,2026-12-13
ABK000032,CUST00010,ACT00156,AINV00250,2026-11-14,6,2245,INR,pending,failed,2026-11-12
ABK000033,CUST00098,ACT00328,AINV00472,2027-04-03,6,16046,INR,pending,failed,2027-03-13
ABK000034,CUST00150,ACT00430,AINV00027,2027-02-04,4,1158,INR,refunded,failed,2027-02-02
ABK000035,CUST00087,ACT00091,AINV00256,2027-04-14,8,22191,INR,pending,failed,2027-03-13
ABK000036,CUST00257,ACT00458,AINV00389,2027-01-24,2,1149,INR,paid,failed,2026-12-16
ABK000037,CUST00118,ACT00170,AINV00394,2027-01-15,5,25735,INR,refunded,initiated,2026-12-18
ABK000038,CUST00052,ACT00392,AINV00497,2026-10-30,7,5697,INR,pending,cancelled,2026-10-16
ABK000039,CUST00156,ACT00431,AINV00182,2026-12-05,4,7289,INR,refunded,initiated,2026-11-25
ABK000040,CUST00181,ACT00321,AINV00375,2027-02-19,5,1281,INR,failed,confirmed,2027-01-10
ABK000041,CUST00137,ACT00088,AINV00168,2026-10-28,2,29003,INR,pending,failed,2026-10-14
ABK000042,CUST00237,ACT00127,AINV00312,2026-12-13,3,22987,INR,pending,confirmed,2026-12-13
ABK000043,CUST00210,ACT00439,AINV00119,2027-01-05,6,7799,INR,pending,failed,2026-12-10
ABK000044,CUST00026,ACT00138,AINV00130,2027-02-20,5,10048,INR,pending,confirmed,2027-02-18
ABK000045,CUST00129,ACT00368,AINV00466,2026-12-31,5,13033,INR,refunded,initiated,2026-12-13
ABK000046,CUST00243,ACT00089,AINV00423,2027-01-29,4,19739,INR,refunded,confirmed,2026-12-25
ABK000047,CUST00113,ACT00383,AINV00113,2027-04-06,2,18992,INR,failed,confirmed,2027-03-14
ABK000048,CUST00158,ACT00448,AINV00460,2027-04-17,8,1586,INR,pending,initiated,2027-03-22
ABK000049,CUST00252,ACT00397,AINV00155,2026-12-06,6,9840,INR,refunded,cancelled,2026-10-28
ABK000050,CUST00040,ACT00467,AINV00216,2026-11-18,8,10125,INR,failed,cancelled,2026-11-04
ABK000051,CUST00118,ACT00190,AINV00322,2026-12-21,9,4300,INR,paid,confirmed,2026-11-06
ABK000052,CUST00168,ACT00159,AINV00172,2026-10-12,7,20847,INR,pending,cancelled,2026-10-06
ABK000053,CUST00267,ACT00191,AINV00271,2026-11-30,2,19384,INR,paid,failed,2026-11-15
ABK000054,CUST00101,ACT00263,AINV00162,2027-02-08,7,8394,INR,failed,confirmed,2027-01-21
ABK000055,CUST00078,ACT00229,AINV00419,2027-01-01,5,17439,INR,pending,initiated,2026-12-21
ABK000056,CUST00281,ACT00493,AINV00118,2027-02-05,7,16867,INR,refunded,confirmed,2026-12-31
ABK000057,CUST00013,ACT00274,AINV00052,2027-03-11,10,12252,INR,failed,confirmed,2027-02-19
ABK000058,CUST00098,ACT00496,AINV00066,2027-02-04,4,17420,INR,failed,initiated,2027-01-06
ABK000059,CUST00084,ACT00138,AINV00446,2027-04-02,6,20984,INR,pending,cancelled,2027-03-04
ABK000060,CUST00018,ACT00010,AINV00259,2027-01-26,9,7702,INR,refunded,failed,2027-01-09
ABK000061,CUST00220,ACT00378,AINV00016,2026-11-22,4,20226,INR,pending,failed,2026-11-19
ABK000062,CUST00130,ACT00013,AINV00278,2027-01-14,6,15736,INR,refunded,initiated,2026-12-30
ABK000063,CUST00295,ACT00089,AINV00113,2027-01-03,10,16386,INR,refunded,confirmed,2026-11-27
ABK000064,CUST00013,ACT00117,AINV00290,2027-02-02,4,8073,INR,failed,failed,2027-01-08
ABK000065,CUST00151,ACT00156,AINV00467,2027-01-13,2,21661,INR,failed,initiated,2026-12-03
ABK000066,CUST00064,ACT00481,AINV00030,2027-03-19,7,3045,INR,failed,initiated,2027-03-19
ABK000067,CUST00297,ACT00020,AINV00326,2026-11-29,5,11014,INR,pending,failed,2026-10-21
ABK000068,CUST00050,ACT00438,AINV00266,2027-01-07,2,14006,INR,refunded,confirmed,2026-12-11
ABK000069,CUST00045,ACT00183,AINV00047,2027-01-11,6,2755,INR,refunded,confirmed,2026-12-12
ABK000070,CUST00106,ACT00027,AINV00042,2026-11-11,8,9160,INR,refunded,cancelled,2026-11-04
ABK000071,CUST00198,ACT00202,AINV00130,2027-01-01,8,27308,INR,paid,initiated,2026-12-22
ABK000072,CUST00153,ACT00214,AINV00435,2027-01-30,5,934,INR,refunded,failed,2026-12-23
ABK000073,CUST00058,ACT00152,AINV00303,2026-11-16,7,2891,INR,refunded,failed,2026-10-09
ABK000074,CUST00105,ACT00392,AINV00456,2026-10-26,10,21279,INR,failed,failed,2026-10-19
ABK000075,CUST00148,ACT00427,AINV00057,2027-04-09,10,9556,INR,refunded,confirmed,2027-03-28
ABK000076,CUST00081,ACT00029,AINV00163,2026-12-08,5,21549,INR,refunded,cancelled,2026-11-02
ABK000077,CUST00132,ACT00492,AINV00228,2026-11-16,2,29457,INR,paid,failed,2026-10-24
ABK000078,CUST00257,ACT00231,AINV00378,2027-01-09,6,20058,INR,pending,confirmed,2027-01-01
ABK000079,CUST00180,ACT00037,AINV00411,2026-10-12,7,25784,INR,paid,confirmed,2026-10-04
ABK000080,CUST00078,ACT00114,AINV00023,2026-12-14,4,28934,INR,failed,cancelled,2026-11-22
ABK000081,CUST00113,ACT00151,AINV00321,2027-01-24,7,19549,INR,pending,cancelled,2027-01-24
ABK000082,CUST00280,ACT00035,AINV00459,2026-12-11,10,22438,INR,refunded,failed,2026-12-05
ABK000083,CUST00222,ACT00320,AINV00435,2026-10-14,8,14522,INR,paid,confirmed,2026-10-14
ABK000084,CUST00300,ACT00335,AINV00306,2026-11-08,8,1968,INR,pending,failed,2026-10-08
ABK000085,CUST00127,ACT00027,AINV00465,2026-12-30,4,8513,INR,refunded,initiated,2026-12-27
ABK000086,CUST00117,ACT00082,AINV00256,2026-11-07,9,18832,INR,pending,failed,2026-10-31
ABK000087,CUST00031,ACT00089,AINV00287,2027-02-17,4,13747,INR,refunded,confirmed,2027-02-17
ABK000088,CUST00053,ACT00335,AINV00285,2026-12-25,5,23680,INR,refunded,cancelled,2026-11-29
ABK000089,CUST00131,ACT00305,AINV00396,2026-10-08,5,2023,INR,refunded,failed,2026-10-04
ABK000090,CUST00180,ACT00427,AINV00011,2027-04-06,9,711,INR,paid,cancelled,2027-02-21
ABK000091,CUST00018,ACT00210,AINV00274,2027-02-03,4,9369,INR,refunded,cancelled,2026-12-20
ABK000092,CUST00137,ACT00320,AINV00353,2027-03-09,4,9001,INR,paid,confirmed,2027-01-29
ABK000093,CUST00153,ACT00222,AINV00210,2027-03-01,2,18918,INR,paid,cancelled,2027-01-15
ABK000094,CUST00021,ACT00122,AINV00119,2026-10-25,8,16003,INR,pending,confirmed,2026-10-20
ABK000095,CUST00150,ACT00004,AINV00080,2027-03-07,9,9642,INR,failed,failed,2027-02-20
ABK000096,CUST00087,ACT00349,AINV00354,2027-01-24,9,25154,INR,pending,failed,2027-01-03
ABK000097,CUST00004,ACT00329,AINV00228,2026-12-28,4,22937,INR,refunded,cancelled,2026-12-28
ABK000098,CUST00112,ACT00017,AINV00463,2027-04-28,3,2018,INR,paid,cancelled,2027-03-28
ABK000099,CUST00068,ACT00102,AINV00124,2027-03-13,2,14987,INR,pending,initiated,2027-02-24
ABK000100,CUST00165,ACT00032,AINV00348,2027-01-21,5,29361,INR,refunded,confirmed,2027-01-18
ABK000101,CUST00179,ACT00413,AINV00241,2027-03-17,8,19308,INR,failed,confirmed,2027-02-03
ABK000102,CUST00275,ACT00187,AINV00194,2027-02-23,7,11968,INR,refunded,confirmed,2027-02-07
ABK000103,CUST00089,ACT00393,AINV00424,2027-02-25,2,10084,INR,pending,failed,2027-02-02
ABK000104,CUST00153,ACT00226,AINV00224,2027-02-19,4,1972,INR,refunded,confirmed,2027-02-07
ABK000105,CUST00089,ACT00144,AINV00040,2027-03-08,9,23374,INR,failed,cancelled,2027-01-29
ABK000106,CUST00009,ACT00343,AINV00463,2026-12-23,6,24503,INR,refunded,failed,2026-11-29
ABK000107,CUST00168,ACT00362,AINV00246,2026-11-11,5,18862,INR,paid,cancelled,2026-10-12
ABK000108,CUST00043,ACT00096,AINV00353,2026-11-05,3,15089,INR,refunded,failed,2026-10-28
ABK000109,CUST00096,ACT00124,AINV00181,2026-11-08,1,17420,INR,refunded,failed,2026-11-08
ABK000110,CUST00243,ACT00018,AINV00339,2026-12-21,7,24500,INR,failed,cancelled,2026-12-15
ABK000111,CUST00139,ACT00010,AINV00005,2026-11-11,1,15098,INR,failed,confirmed,2026-10-17
ABK000112,CUST00055,ACT00140,AINV00416,2026-11-03,8,2961,INR,refunded,initiated,2026-11-01
ABK000113,CUST00072,ACT00236,AINV00478,2027-03-04,7,24630,INR,refunded,initiated,2027-02-14
ABK000114,CUST00022,ACT00411,AINV00199,2027-03-07,5,21735,INR,failed,confirmed,2027-03-05
ABK000115,CUST00292,ACT00066,AINV00444,2026-11-25,6,794,INR,failed,cancelled,2026-11-23
ABK000116,CUST00223,ACT00026,AINV00050,2026-12-22,8,28697,INR,paid,cancelled,2026-12-08
ABK000117,CUST00216,ACT00282,AINV00416,2027-03-12,8,10229,INR,refunded,initiated,2027-02-17
ABK000118,CUST00188,ACT00078,AINV00135,2026-11-23,6,11434,INR,paid,failed,2026-11-07
ABK000119,CUST00217,ACT00073,AINV00426,2027-01-26,7,1191,INR,refunded,failed,2027-01-21
ABK000120,CUST00291,ACT00261,AINV00399,2027-01-03,5,13896,INR,failed,confirmed,2026-11-26
ABK000121,CUST00042,ACT00116,AINV00226,2026-11-22,7,19300,INR,failed,cancelled,2026-11-11
ABK000122,CUST00300,ACT00355,AINV00422,2027-03-08,1,12137,INR,paid,initiated,2027-01-26
ABK000123,CUST00155,ACT00291,AINV00062,2027-01-21,3,11310,INR,pending,initiated,2027-01-13
ABK000124,CUST00051,ACT00159,AINV00464,2027-03-19,2,17294,INR,refunded,confirmed,2027-02-20
ABK000125,CUST00036,ACT00241,AINV00091,2026-12-01,1,13604,INR,failed,failed,2026-11-26
ABK000126,CUST00203,ACT00131,AINV00131,2027-01-29,1,18134,INR,pending,cancelled,2027-01-22
ABK000127,CUST00124,ACT00260,AINV00098,2027-02-04,9,11830,INR,pending,cancelled,2027-01-23
ABK000128,CUST00238,ACT00469,AINV00309,2027-03-22,10,3509,INR,failed,confirmed,2027-02-09
ABK000129,CUST00088,ACT00468,AINV00047,2026-12-26,1,17770,INR,refunded,cancelled,2026-12-01
ABK000130,CUST00034,ACT00049,AINV00107,2027-04-06,5,13267,INR,failed,initiated,2027-02-20
ABK000131,CUST00281,ACT00350,AINV00366,2027-02-08,8,29855,INR,refunded,cancelled,2027-01-05
ABK000132,CUST00079,ACT00055,AINV00456,2026-10-21,9,16665,INR,failed,cancelled,2026-10-02
ABK000133,CUST00260,ACT00364,AINV00157,2027-01-27,7,28581,INR,failed,confirmed,2027-01-06
ABK000134,CUST00184,ACT00499,AINV00461,2027-01-21,5,9184,INR,pending,initiated,2027-01-10
ABK000135,CUST00280,ACT00076,AINV00006,2026-12-29,8,8433,INR,failed,failed,2026-11-21
ABK000136,CUST00212,ACT00095,AINV00440,2027-02-02,9,26064,INR,paid,failed,2027-01-12
ABK000137,CUST00201,ACT00125,AINV00019,2027-01-21,6,9571,INR,refunded,confirmed,2027-01-01
ABK000138,CUST00036,ACT00167,AINV00354,2026-12-30,7,24534,INR,paid,confirmed,2026-12-15
ABK000139,CUST00123,ACT00369,AINV00482,2026-11-19,1,19669,INR,pending,confirmed,2026-11-14
ABK000140,CUST00118,ACT00372,AINV00450,2026-11-04,10,26696,INR,refunded,failed,2026-11-04
ABK000141,CUST00177,ACT00221,AINV00393,2027-03-01,1,26313,INR,failed,failed,2027-02-15
ABK000142,CUST00025,ACT00318,AINV00048,2027-04-10,8,21201,INR,failed,cancelled,2027-03-10
ABK000143,CUST00099,ACT00151,AINV00484,2026-12-16,7,21564,INR,pending,initiated,2026-11-21
ABK000144,CUST00219,ACT00284,AINV00352,2026-12-10,9,22685,INR,refunded,initiated,2026-10-27
ABK000145,CUST00239,ACT00488,AINV00364,2026-11-29,4,11115,INR,failed,confirmed,2026-10-18
ABK000146,CUST00032,ACT00239,AINV00107,2026-11-21,7,26608,INR,failed,failed,2026-10-15
ABK000147,CUST00145,ACT00152,AINV00182,2026-12-22,5,9542,INR,refunded,cancelled,2026-12-03
ABK000148,CUST00042,ACT00468,AINV00037,2026-10-22,7,25927,INR,failed,initiated,2026-10-02
ABK000149,CUST00082,ACT00271,AINV00257,2026-12-22,9,23987,INR,paid,failed,2026-11-22
ABK000150,CUST00092,ACT00326,AINV00009,2027-02-06,9,4434,INR,pending,initiated,2026-12-28
ABK000151,CUST00266,ACT00348,AINV00050,2027-02-17,6,19984,INR,paid,initiated,2027-01-26
ABK000152,CUST00165,ACT00159,AINV00133,2026-11-15,3,710,INR,pending,failed,2026-10-07
ABK000153,CUST00020,ACT00149,AINV00167,2027-03-24,10,7523,INR,pending,initiated,2027-03-15
ABK000154,CUST00049,ACT00354,AINV00058,2027-03-25,10,18050,INR,pending,failed,2027-02-08
ABK000155,CUST00133,ACT00359,AINV00068,2026-12-10,9,5094,INR,paid,cancelled,2026-11-15
ABK000156,CUST00161,ACT00446,AINV00231,2026-12-27,8,2407,INR,refunded,confirmed,2026-12-01
ABK000157,CUST00276,ACT00066,AINV00332,2027-04-01,1,24532,INR,paid,confirmed,2027-02-25
ABK000158,CUST00055,ACT00253,AINV00015,2027-04-19,10,8283,INR,paid,initiated,2027-03-15
ABK000159,CUST00284,ACT00064,AINV00087,2027-03-20,5,15524,INR,failed,initiated,2027-03-03
ABK000160,CUST00125,ACT00034,AINV00306,2026-12-24,10,9543,INR,refunded,failed,2026-11-22
ABK000161,CUST00221,ACT00462,AINV00360,2027-01-09,4,11357,INR,paid,failed,2027-01-08
ABK000162,CUST00202,ACT00419,AINV00262,2027-04-25,3,12476,INR,refunded,failed,2027-03-11
ABK000163,CUST00153,ACT00368,AINV00211,2026-12-25,6,22860,INR,pending,failed,2026-12-13
ABK000164,CUST00026,ACT00489,AINV00110,2027-02-26,1,27601,INR,failed,cancelled,2027-02-23
ABK000165,CUST00245,ACT00157,AINV00449,2026-12-17,5,17559,INR,refunded,initiated,2026-11-14
ABK000166,CUST00249,ACT00232,AINV00120,2027-03-16,5,7078,INR,failed,failed,2027-03-16
ABK000167,CUST00242,ACT00403,AINV00405,2027-03-30,10,17818,INR,refunded,cancelled,2027-03-20
ABK000168,CUST00183,ACT00492,AINV00083,2026-10-24,5,8819,INR,refunded,failed,2026-10-01
ABK000169,CUST00060,ACT00147,AINV00006,2027-03-13,2,19154,INR,failed,initiated,2027-02-20
ABK000170,CUST00298,ACT00425,AINV00086,2027-01-25,2,7762,INR,paid,failed,2027-01-09
ABK000171,CUST00183,ACT00197,AINV00421,2027-01-12,4,29994,INR,paid,initiated,2027-01-02
ABK000172,CUST00165,ACT00083,AINV00115,2027-03-17,6,20500,INR,paid,failed,2027-03-08
ABK000173,CUST00062,ACT00184,AINV00079,2027-04-21,10,27992,INR,failed,initiated,2027-03-08
ABK000174,CUST00064,ACT00034,AINV00074,2026-12-09,9,24169,INR,paid,confirmed,2026-11-01
ABK000175,CUST00136,ACT00081,AINV00071,2027-01-16,1,805,INR,paid,confirmed,2026-12-25
ABK000176,CUST00262,ACT00367,AINV00181,2027-03-15,7,11630,INR,paid,failed,2027-02-28
ABK000177,CUST00069,ACT00082,AINV00176,2027-01-05,10,418,INR,failed,confirmed,2026-12-17
ABK000178,CUST00187,ACT00088,AINV00072,2026-11-14,10,9568,INR,refunded,confirmed,2026-11-13
ABK000179,CUST00074,ACT00382,AINV00378,2026-11-13,5,2600,INR,pending,cancelled,2026-10-22
ABK000180,CUST00153,ACT00380,AINV00220,2027-01-12,9,28014,INR,refunded,cancelled,2026-12-31
ABK000181,CUST00238,ACT00498,AINV00306,2027-02-20,9,2139,INR,paid,failed,2027-02-07
ABK000182,CUST00194,ACT00117,AINV00388,2027-03-16,5,643,INR,pending,confirmed,2027-02-26
ABK000183,CUST00183,ACT00488,AINV00366,2027-03-11,2,8693,INR,pending,confirmed,2027-02-28
ABK000184,CUST00024,ACT00499,AINV00459,2027-02-08,6,21251,INR,pending,initiated,2027-01-23
ABK000185,CUST00161,ACT00008,AINV00350,2027-03-30,4,12526,INR,refunded,initiated,2027-03-30
ABK000186,CUST00158,ACT00450,AINV00050,2026-11-26,3,13607,INR,failed,initiated,2026-10-19
ABK000187,CUST00046,ACT00441,AINV00149,2027-03-18,10,26281,INR,failed,cancelled,2027-03-16
ABK000188,CUST00007,ACT00198,AINV00427,2027-02-21,4,5918,INR,pending,cancelled,2027-01-17
ABK000189,CUST00052,ACT00107,AINV00023,2027-02-06,8,20798,INR,paid,initiated,2027-01-20
ABK000190,CUST00132,ACT00467,AINV00217,2027-01-29,9,5379,INR,pending,cancelled,2026-12-18
ABK000191,CUST00091,ACT00095,AINV00382,2026-11-24,3,21128,INR,failed,failed,2026-11-12
ABK000192,CUST00273,ACT00184,AINV00079,2027-03-16,3,22934,INR,pending,failed,2027-02-22
ABK000193,CUST00156,ACT00085,AINV00424,2027-02-27,3,21458,INR,pending,confirmed,2027-01-14
ABK000194,CUST00148,ACT00147,AINV00319,2027-03-27,1,9954,INR,failed,confirmed,2027-02-11
ABK000195,CUST00228,ACT00101,AINV00327,2027-03-06,3,23101,INR,paid,confirmed,2027-02-26
ABK000196,CUST00162,ACT00265,AINV00334,2027-04-08,8,22858,INR,paid,confirmed,2027-03-08
ABK000197,CUST00147,ACT00040,AINV00498,2026-10-13,10,11811,INR,paid,initiated,2026-10-07
ABK000198,CUST00078,ACT00048,AINV00435,2026-11-12,1,6608,INR,paid,confirmed,2026-10-10
ABK000199,CUST00209,ACT00479,AINV00273,2026-12-13,2,28437,INR,paid,cancelled,2026-12-04
ABK000200,CUST00032,ACT00469,AINV00144,2027-02-22,3,25135,INR,refunded,failed,2027-01-17
ABK000201,CUST00082,ACT00438,AINV00416,2027-03-19,10,24351,INR,refunded,initiated,2027-02-05
ABK000202,CUST00222,ACT00294,AINV00308,2026-12-24,9,28535,INR,paid,initiated,2026-12-17
ABK000203,CUST00103,ACT00244,AINV00095,2026-12-02,1,2389,INR,refunded,failed,2026-11-20
ABK000204,CUST00069,ACT00038,AINV00160,2027-03-22,1,21154,INR,pending,cancelled,2027-03-22
ABK000205,CUST00147,ACT00477,AINV00037,2027-05-07,6,9730,INR,refunded,failed,2027-03-27
ABK000206,CUST00239,ACT00158,AINV00390,2027-03-23,3,10363,INR,failed,cancelled,2027-03-09
ABK000207,CUST00187,ACT00281,AINV00190,2026-12-04,10,13072,INR,paid,initiated,2026-11-10
ABK000208,CUST00202,ACT00335,AINV00192,2026-11-10,1,1866,INR,paid,confirmed,2026-10-13
ABK000209,CUST00263,ACT00357,AINV00146,2026-11-14,6,13807,INR,pending,cancelled,2026-10-19
ABK000210,CUST00284,ACT00437,AINV00254,2027-02-05,4,3042,INR,failed,confirmed,2027-01-10
ABK000211,CUST00029,ACT00395,AINV00490,2027-03-14,5,27133,INR,pending,failed,2027-01-31
ABK000212,CUST00192,ACT00160,AINV00397,2026-12-24,5,21648,INR,failed,initiated,2026-12-15
ABK000213,CUST00137,ACT00376,AINV00332,2026-11-18,2,2599,INR,failed,failed,2026-10-16
ABK000214,CUST00256,ACT00116,AINV00163,2027-03-17,4,961,INR,refunded,initiated,2027-03-16
ABK000215,CUST00036,ACT00205,AINV00291,2027-03-12,7,9286,INR,paid,failed,2027-01-29
ABK000216,CUST00056,ACT00115,AINV00337,2026-11-24,2,12459,INR,pending,cancelled,2026-11-16
ABK000217,CUST00053,ACT00078,AINV00347,2026-12-03,7,20661,INR,pending,failed,2026-11-19
ABK000218,CUST00230,ACT00365,AINV00254,2027-02-02,4,26449,INR,refunded,confirmed,2027-01-11
ABK000219,CUST00020,ACT00201,AINV00208,2027-04-20,3,27391,INR,paid,failed,2027-03-09
ABK000220,CUST00271,ACT00015,AINV00261,2026-11-21,4,7807,INR,refunded,confirmed,2026-11-15
ABK000221,CUST00244,ACT00199,AINV00281,2026-11-08,8,28099,INR,failed,confirmed,2026-11-04
ABK000222,CUST00261,ACT00276,AINV00231,2027-01-04,5,14421,INR,failed,confirmed,2026-12-23
ABK000223,CUST00051,ACT00476,AINV00276,2027-03-10,6,6528,INR,refunded,initiated,2027-02-16
ABK000224,CUST00150,ACT00066,AINV00083,2027-03-18,2,10236,INR,failed,failed,2027-02-12
ABK000225,CUST00096,ACT00381,AINV00148,2026-11-09,2,14526,INR,failed,initiated,2026-10-07
ABK000226,CUST00125,ACT00203,AINV00159,2026-10-11,1,29506,INR,paid,initiated,2026-10-02
ABK000227,CUST00238,ACT00038,AINV00321,2026-12-17,10,8297,INR,failed,confirmed,2026-11-29
ABK000228,CUST00275,ACT00152,AINV00345,2026-11-30,8,22875,INR,refunded,confirmed,2026-11-07
ABK000229,CUST00176,ACT00277,AINV00230,2026-12-15,6,6137,INR,failed,failed,2026-12-07
ABK000230,CUST00217,ACT00352,AINV00106,2026-10-20,2,9306,INR,failed,cancelled,2026-10-18
ABK000231,CUST00140,ACT00066,AINV00382,2027-01-14,8,10509,INR,refunded,confirmed,2026-12-14
ABK000232,CUST00032,ACT00418,AINV00114,2027-04-16,7,21833,INR,refunded,cancelled,2027-03-26
ABK000233,CUST00054,ACT00084,AINV00232,2026-12-16,2,18650,INR,refunded,cancelled,2026-11-04
ABK000234,CUST00158,ACT00299,AINV00282,2026-11-14,10,2576,INR,pending,confirmed,2026-11-02
ABK000235,CUST00194,ACT00097,AINV00141,2027-03-07,10,6070,INR,pending,failed,2027-02-21
ABK000236,CUST00271,ACT00200,AINV00404,2027-04-01,5,29801,INR,refunded,confirmed,2027-02-26
ABK000237,CUST00295,ACT00308,AINV00076,2026-11-07,6,17640,INR,paid,confirmed,2026-11-05
ABK000238,CUST00201,ACT00061,AINV00306,2026-11-13,3,17515,INR,refunded,cancelled,2026-10-16
ABK000239,CUST00267,ACT00234,AINV00091,2027-04-03,4,3313,INR,paid,confirmed,2027-02-28
ABK000240,CUST00105,ACT00458,AINV00152,2026-12-04,5,9802,INR,failed,cancelled,2026-10-27
ABK000241,CUST00181,ACT00382,AINV00085,2026-11-30,4,17666,INR,refunded,initiated,2026-11-02
ABK000242,CUST00154,ACT00451,AINV00313,2026-12-31,4,22440,INR,paid,cancelled,2026-12-14
ABK000243,CUST00163,ACT00316,AINV00191,2026-10-18,6,24893,INR,failed,failed,2026-10-12
ABK000244,CUST00169,ACT00129,AINV00440,2027-01-30,6,3246,INR,paid,confirmed,2026-12-24
ABK000245,CUST00285,ACT00073,AINV00325,2027-04-22,4,9778,INR,refunded,initiated,2027-03-21
ABK000246,CUST00016,ACT00148,AINV00258,2027-01-04,9,29215,INR,paid,failed,2026-12-09
ABK000247,CUST00145,ACT00445,AINV00175,2026-11-16,4,12481,INR,pending,initiated,2026-11-07
ABK000248,CUST00047,ACT00494,AINV00264,2027-03-20,3,15902,INR,paid,initiated,2027-02-19
ABK000249,CUST00136,ACT00493,AINV00052,2027-01-19,5,7324,INR,pending,cancelled,2027-01-19
ABK000250,CUST00015,ACT00224,AINV00430,2027-02-05,7,3196,INR,pending,confirmed,2026-12-31
ABK000251,CUST00248,ACT00308,AINV00175,2026-12-02,6,12436,INR,refunded,confirmed,2026-10-25
ABK000252,CUST00037,ACT00324,AINV00325,2027-05-03,1,9772,INR,failed,failed,2027-03-23
ABK000253,CUST00151,ACT00444,AINV00472,2027-03-14,1,716,INR,pending,confirmed,2027-01-31
ABK000254,CUST00272,ACT00291,AINV00363,2026-12-11,2,14122,INR,paid,cancelled,2026-11-11
ABK000255,CUST00196,ACT00376,AINV00109,2027-05-01,2,14436,INR,failed,initiated,2027-03-27
ABK000256,CUST00150,ACT00104,AINV00308,2026-12-21,2,19278,INR,refunded,failed,2026-11-09
ABK000257,CUST00044,ACT00211,AINV00372,2026-11-22,6,10346,INR,pending,confirmed,2026-11-02
ABK000258,CUST00109,ACT00178,AINV00002,2027-01-15,6,21368,INR,pending,confirmed,2026-12-08
ABK000259,CUST00270,ACT00422,AINV00026,2027-04-04,2,22567,INR,refunded,failed,2027-03-21
ABK000260,CUST00141,ACT00119,AINV00064,2027-01-29,3,7174,INR,pending,failed,2026-12-20
ABK000261,CUST00084,ACT00379,AINV00483,2027-02-22,2,21052,INR,paid,failed,2027-02-11
ABK000262,CUST00167,ACT00196,AINV00002,2026-10-16,7,3722,INR,paid,confirmed,2026-10-15
ABK000263,CUST00244,ACT00178,AINV00444,2027-01-04,10,17297,INR,refunded,failed,2026-12-05
ABK000264,CUST00152,ACT00144,AINV00114,2027-02-25,8,24149,INR,paid,failed,2027-02-23
ABK000265,CUST00163,ACT00033,AINV00201,2027-01-28,10,13357,INR,refunded,initiated,2026-12-31
ABK000266,CUST00115,ACT00137,AINV00024,2026-12-21,9,19386,INR,pending,cancelled,2026-11-22
ABK000267,CUST00173,ACT00248,AINV00017,2027-03-30,7,17009,INR,refunded,initiated,2027-02-21
ABK000268,CUST00216,ACT00322,AINV00011,2026-11-25,1,2919,INR,pending,confirmed,2026-11-12
ABK000269,CUST00268,ACT00397,AINV00290,2026-11-30,6,5340,INR,refunded,failed,2026-11-21
ABK000270,CUST00233,ACT00092,AINV00309,2027-02-28,10,1732,INR,pending,failed,2027-02-12
ABK000271,CUST00255,ACT00296,AINV00192,2027-01-15,1,11373,INR,pending,initiated,2026-12-14
ABK000272,CUST00097,ACT00143,AINV00441,2027-02-09,9,4642,INR,failed,confirmed,2027-02-01
ABK000273,CUST00056,ACT00309,AINV00481,2026-11-17,8,13610,INR,failed,confirmed,2026-10-06
ABK000274,CUST00296,ACT00052,AINV00469,2026-12-31,1,25316,INR,failed,confirmed,2026-12-27
ABK000275,CUST00121,ACT00413,AINV00086,2027-03-23,1,6269,INR,paid,confirmed,2027-02-11
ABK000276,CUST00077,ACT00187,AINV00200,2027-01-16,7,15274,INR,refunded,cancelled,2027-01-10
ABK000277,CUST00007,ACT00394,AINV00191,2026-12-08,8,553,INR,refunded,failed,2026-10-24
ABK000278,CUST00017,ACT00172,AINV00243,2027-02-18,10,11393,INR,refunded,failed,2027-01-04
ABK000279,CUST00162,ACT00117,AINV00318,2027-01-19,5,16728,INR,refunded,cancelled,2026-12-14
ABK000280,CUST00088,ACT00208,AINV00237,2026-12-18,8,19298,INR,paid,confirmed,2026-11-16
ABK000281,CUST00132,ACT00274,AINV00417,2027-03-25,10,21178,INR,paid,initiated,2027-02-28
ABK000282,CUST00051,ACT00007,AINV00375,2026-11-10,1,3153,INR,paid,failed,2026-10-30
ABK000283,CUST00108,ACT00481,AINV00392,2026-10-14,4,19594,INR,failed,confirmed,2026-10-03
ABK000284,CUST00120,ACT00163,AINV00251,2026-12-12,7,24120,INR,failed,confirmed,2026-11-19
ABK000285,CUST00168,ACT00251,AINV00073,2027-01-24,5,18097,INR,failed,initiated,2027-01-11
ABK000286,CUST00288,ACT00200,AINV00015,2027-04-20,10,24927,INR,paid,confirmed,2027-03-16
ABK000287,CUST00057,ACT00006,AINV00221,2027-02-04,6,6631,INR,paid,cancelled,2026-12-21
ABK000288,CUST00133,ACT00166,AINV00466,2027-02-24,5,6061,INR,refunded,cancelled,2027-01-19
ABK000289,CUST00066,ACT00214,AINV00103,2027-02-14,10,27724,INR,refunded,failed,2027-01-07
ABK000290,CUST00201,ACT00130,AINV00120,2027-03-19,3,19832,INR,paid,cancelled,2027-02-21
ABK000291,CUST00189,ACT00411,AINV00367,2027-03-30,9,14371,INR,refunded,cancelled,2027-03-18
ABK000292,CUST00204,ACT00348,AINV00253,2027-02-12,9,4580,INR,pending,confirmed,2027-02-11
ABK000293,CUST00147,ACT00179,AINV00110,2026-11-05,5,13933,INR,failed,cancelled,2026-10-12
ABK000294,CUST00004,ACT00494,AINV00357,2027-03-31,9,4630,INR,paid,failed,2027-03-26
ABK000295,CUST00254,ACT00140,AINV00414,2027-01-12,8,1804,INR,pending,cancelled,2026-12-18
ABK000296,CUST00258,ACT00074,AINV00485,2026-11-16,6,12986,INR,pending,initiated,2026-10-25
ABK000297,CUST00092,ACT00393,AINV00049,2027-01-28,10,13694,INR,failed,confirmed,2027-01-10
ABK000298,CUST00129,ACT00271,AINV00413,2026-10-30,5,18366,INR,failed,cancelled,2026-10-24
ABK000299,CUST00061,ACT00209,AINV00422,2027-04-16,2,19985,INR,failed,confirmed,2027-03-15
ABK000300,CUST00133,ACT00032,AINV00112,2027-03-04,4,26239,INR,pending,cancelled,2027-02-10
ABK000301,CUST00056,ACT00464,AINV00277,2026-12-24,10,8913,INR,refunded,failed,2026-12-12
ABK000302,CUST00024,ACT00154,AINV00360,2027-02-21,4,2414,INR,paid,confirmed,2027-02-07
ABK000303,CUST00007,ACT00471,AINV00012,2027-02-24,9,19247,INR,failed,cancelled,2027-02-09
ABK000304,CUST00219,ACT00278,AINV00054,2026-11-20,7,14877,INR,failed,initiated,2026-11-17
ABK000305,CUST00061,ACT00090,AINV00180,2027-03-12,6,14036,INR,paid,cancelled,2027-02-18
ABK000306,CUST00098,ACT00363,AINV00198,2026-12-05,1,3160,INR,refunded,confirmed,2026-11-03
ABK000307,CUST00099,ACT00438,AINV00071,2026-11-21,9,9807,INR,paid,initiated,2026-10-12
ABK000308,CUST00043,ACT00324,AINV00155,2027-03-28,2,24655,INR,paid,confirmed,2027-02-15
ABK000309,CUST00271,ACT00187,AINV00014,2026-11-17,6,5855,INR,refunded,confirmed,2026-11-13
ABK000310,CUST00295,ACT00236,AINV00005,2027-04-12,1,26657,INR,refunded,failed,2027-03-25
ABK000311,CUST00261,ACT00065,AINV00014,2027-01-22,9,1231,INR,refunded,failed,2027-01-18
ABK000312,CUST00268,ACT00117,AINV00420,2027-02-20,1,923,INR,failed,initiated,2027-02-16
ABK000313,CUST00098,ACT00408,AINV00431,2027-01-17,4,28833,INR,refunded,initiated,2026-12-25
ABK000314,CUST00263,ACT00137,AINV00033,2027-01-22,4,13050,INR,refunded,confirmed,2027-01-01
ABK000315,CUST00243,ACT00164,AINV00101,2026-11-07,5,7570,INR,pending,failed,2026-10-22
ABK000316,CUST00168,ACT00048,AINV00382,2027-05-02,9,7569,INR,paid,failed,2027-03-30
ABK000317,CUST00293,ACT00411,AINV00061,2027-02-14,2,25180,INR,pending,initiated,2027-01-16
ABK000318,CUST00291,ACT00382,AINV00135,2027-01-29,1,2274,INR,failed,cancelled,2026-12-18
ABK000319,CUST00247,ACT00329,AINV00279,2027-01-18,10,15540,INR,paid,confirmed,2026-12-12
ABK000320,CUST00090,ACT00453,AINV00060,2027-03-15,1,6003,INR,pending,initiated,2027-02-09
ABK000321,CUST00013,ACT00141,AINV00152,2027-01-16,1,10761,INR,pending,failed,2026-12-08
ABK000322,CUST00070,ACT00119,AINV00098,2026-11-18,3,27712,INR,refunded,initiated,2026-11-18
ABK000323,CUST00286,ACT00061,AINV00079,2027-02-04,10,21022,INR,pending,failed,2027-01-04
ABK000324,CUST00109,ACT00087,AINV00319,2027-01-29,3,7955,INR,refunded,cancelled,2027-01-21
ABK000325,CUST00238,ACT00148,AINV00204,2026-12-26,3,29552,INR,refunded,initiated,2026-12-12
ABK000326,CUST00105,ACT00067,AINV00110,2027-01-25,5,25060,INR,refunded,cancelled,2027-01-14
ABK000327,CUST00056,ACT00404,AINV00262,2027-02-09,9,28327,INR,paid,initiated,2027-01-31
ABK000328,CUST00185,ACT00423,AINV00286,2027-01-28,4,7383,INR,failed,confirmed,2027-01-14
ABK000329,CUST00061,ACT00313,AINV00450,2027-02-08,5,7171,INR,pending,failed,2027-02-04
ABK000330,CUST00015,ACT00105,AINV00243,2027-03-21,7,8550,INR,paid,initiated,2027-02-16
ABK000331,CUST00023,ACT00228,AINV00019,2027-02-03,5,29648,INR,failed,cancelled,2027-01-31
ABK000332,CUST00236,ACT00343,AINV00109,2027-02-01,6,1949,INR,pending,initiated,2026-12-20
ABK000333,CUST00201,ACT00394,AINV00174,2027-04-05,9,23855,INR,paid,confirmed,2027-03-21
ABK000334,CUST00095,ACT00168,AINV00074,2027-03-08,7,5614,INR,paid,failed,2027-03-04
ABK000335,CUST00184,ACT00390,AINV00068,2026-11-20,10,16987,INR,paid,cancelled,2026-10-17
ABK000336,CUST00292,ACT00117,AINV00287,2027-01-24,1,11024,INR,failed,cancelled,2027-01-13
ABK000337,CUST00206,ACT00228,AINV00399,2027-02-16,7,28723,INR,failed,failed,2027-02-16
ABK000338,CUST00248,ACT00230,AINV00463,2027-03-30,5,12873,INR,failed,failed,2027-03-01
ABK000339,CUST00178,ACT00062,AINV00093,2027-03-06,8,24810,INR,refunded,failed,2027-02-01
ABK000340,CUST00240,ACT00424,AINV00092,2026-10-20,9,14974,INR,refunded,cancelled,2026-10-02
ABK000341,CUST00300,ACT00453,AINV00285,2027-02-27,9,19569,INR,refunded,confirmed,2027-01-24
ABK000342,CUST00138,ACT00064,AINV00225,2027-01-21,8,11975,INR,paid,failed,2026-12-08
ABK000343,CUST00085,ACT00488,AINV00055,2027-02-26,2,18986,INR,failed,failed,2027-02-01
ABK000344,CUST00072,ACT00473,AINV00170,2027-04-13,8,1671,INR,paid,failed,2027-03-03
ABK000345,CUST00275,ACT00151,AINV00099,2027-02-14,6,29305,INR,pending,failed,2027-01-13
ABK000346,CUST00280,ACT00092,AINV00184,2026-12-09,5,19985,INR,pending,failed,2026-11-13
ABK000347,CUST00082,ACT00178,AINV00236,2027-03-21,1,18380,INR,pending,confirmed,2027-02-09
ABK000348,CUST00082,ACT00143,AINV00351,2027-02-06,9,26086,INR,pending,failed,2027-01-16
ABK000349,CUST00148,ACT00236,AINV00038,2027-04-24,4,1565,INR,paid,initiated,2027-03-19
ABK000350,CUST00035,ACT00463,AINV00322,2027-03-08,8,25139,INR,failed,initiated,2027-03-06
ABK000351,CUST00140,ACT00422,AINV00342,2027-01-20,5,4668,INR,paid,cancelled,2026-12-16
ABK000352,CUST00175,ACT00175,AINV00308,2026-10-20,4,27246,INR,paid,failed,2026-10-08
ABK000353,CUST00196,ACT00001,AINV00479,2027-03-13,5,6079,INR,paid,failed,2027-02-15
ABK000354,CUST00119,ACT00434,AINV00209,2027-04-24,6,21360,INR,failed,confirmed,2027-03-19
ABK000355,CUST00025,ACT00064,AINV00285,2026-12-26,7,19131,INR,paid,initiated,2026-11-13
ABK000356,CUST00274,ACT00484,AINV00408,2026-12-28,10,6620,INR,refunded,cancelled,2026-11-22
ABK000357,CUST00126,ACT00226,AINV00269,2027-02-20,4,29480,INR,pending,cancelled,2027-01-22
ABK000358,CUST00276,ACT00068,AINV00198,2027-02-22,6,4445,INR,refunded,cancelled,2027-02-22
ABK000359,CUST00232,ACT00230,AINV00206,2026-12-12,10,29728,INR,paid,confirmed,2026-10-29
ABK000360,CUST00050,ACT00457,AINV00150,2026-12-15,9,10118,INR,paid,initiated,2026-11-15
ABK000361,CUST00035,ACT00403,AINV00203,2027-04-04,7,28245,INR,refunded,failed,2027-03-17
ABK000362,CUST00087,ACT00104,AINV00251,2026-12-19,5,1798,INR,refunded,initiated,2026-11-27
ABK000363,CUST00036,ACT00283,AINV00467,2027-03-06,4,4269,INR,paid,failed,2027-03-05
ABK000364,CUST00186,ACT00461,AINV00003,2027-03-15,10,24034,INR,pending,confirmed,2027-02-17
ABK000365,CUST00273,ACT00450,AINV00083,2027-04-11,8,15700,INR,pending,failed,2027-03-02
ABK000366,CUST00280,ACT00317,AINV00285,2026-12-06,5,16684,INR,pending,confirmed,2026-11-15
ABK000367,CUST00294,ACT00331,AINV00061,2027-01-27,6,18327,INR,pending,confirmed,2027-01-15
ABK000368,CUST00045,ACT00021,AINV00375,2027-02-21,9,14160,INR,refunded,cancelled,2027-01-22
ABK000369,CUST00056,ACT00042,AINV00325,2027-02-28,8,24548,INR,paid,failed,2027-02-04
ABK000370,CUST00063,ACT00271,AINV00181,2027-02-23,3,6914,INR,pending,confirmed,2027-02-19
ABK000371,CUST00126,ACT00006,AINV00037,2026-11-29,3,22430,INR,pending,confirmed,2026-10-21
ABK000372,CUST00080,ACT00419,AINV00003,2027-03-30,7,27023,INR,paid,confirmed,2027-02-16
ABK000373,CUST00113,ACT00417,AINV00499,2026-11-14,7,17000,INR,pending,confirmed,2026-10-08
ABK000374,CUST00124,ACT00342,AINV00443,2027-02-04,5,14389,INR,refunded,cancelled,2026-12-21
ABK000375,CUST00196,ACT00392,AINV00016,2027-04-07,4,1750,INR,pending,initiated,2027-03-08
ABK000376,CUST00220,ACT00264,AINV00376,2027-04-09,4,12639,INR,failed,initiated,2027-03-15
ABK000377,CUST00254,ACT00088,AINV00432,2027-01-01,6,8279,INR,failed,initiated,2026-11-23
ABK000378,CUST00268,ACT00257,AINV00123,2026-11-05,3,24208,INR,failed,failed,2026-10-29
ABK000379,CUST00104,ACT00357,AINV00172,2026-11-24,7,12577,INR,pending,confirmed,2026-10-26
ABK000380,CUST00005,ACT00375,AINV00064,2027-02-07,1,20304,INR,failed,failed,2027-01-24
ABK000381,CUST00174,ACT00292,AINV00091,2026-12-31,7,18601,INR,failed,cancelled,2026-12-07
ABK000382,CUST00217,ACT00053,AINV00293,2027-03-11,4,16618,INR,paid,initiated,2027-02-26
ABK000383,CUST00272,ACT00116,AINV00455,2026-11-08,10,21948,INR,pending,initiated,2026-10-13
ABK000384,CUST00210,ACT00123,AINV00469,2026-11-26,2,12662,INR,pending,initiated,2026-11-08
ABK000385,CUST00203,ACT00329,AINV00181,2027-02-10,7,15936,INR,pending,failed,2027-01-15
ABK000386,CUST00173,ACT00319,AINV00140,2026-11-01,7,9216,INR,failed,failed,2026-10-04
ABK000387,CUST00292,ACT00061,AINV00186,2027-01-25,6,13306,INR,pending,failed,2026-12-28
ABK000388,CUST00081,ACT00336,AINV00199,2027-03-21,5,1984,INR,pending,initiated,2027-02-10
ABK000389,CUST00220,ACT00490,AINV00348,2027-03-13,10,6901,INR,paid,cancelled,2027-03-10
ABK000390,CUST00178,ACT00386,AINV00360,2027-01-09,3,15909,INR,failed,cancelled,2026-12-22
ABK000391,CUST00281,ACT00068,AINV00284,2027-04-15,3,403,INR,pending,confirmed,2027-03-19
ABK000392,CUST00060,ACT00273,AINV00189,2026-11-09,3,4524,INR,pending,cancelled,2026-10-06
ABK000393,CUST00164,ACT00483,AINV00153,2026-11-08,8,4846,INR,refunded,initiated,2026-10-16
ABK000394,CUST00145,ACT00470,AINV00424,2027-04-06,10,22666,INR,refunded,initiated,2027-02-25
ABK000395,CUST00073,ACT00024,AINV00329,2027-04-10,2,15347,INR,failed,initiated,2027-03-28
ABK000396,CUST00093,ACT00133,AINV00494,2026-12-18,9,1953,INR,pending,initiated,2026-11-11
ABK000397,CUST00233,ACT00022,AINV00408,2027-01-21,1,18809,INR,refunded,initiated,2027-01-09
ABK000398,CUST00256,ACT00360,AINV00260,2026-12-24,2,23234,INR,refunded,failed,2026-11-22
ABK000399,CUST00051,ACT00316,AINV00424,2026-12-17,10,27351,INR,paid,cancelled,2026-11-05
ABK000400,CUST00270,ACT00207,AINV00050,2026-12-02,10,5556,INR,paid,cancelled,2026-11-12
ABK000401,CUST00071,ACT00161,AINV00203,2027-02-18,5,22736,INR,refunded,initiated,2027-01-15
ABK000402,CUST00277,ACT00359,AINV00106,2027-03-30,5,3092,INR,refunded,confirmed,2027-03-04
ABK000403,CUST00175,ACT00418,AINV00181,2026-11-10,3,19944,INR,paid,cancelled,2026-10-24
ABK000404,CUST00298,ACT00411,AINV00264,2027-02-07,1,20795,INR,pending,confirmed,2027-01-14
ABK000405,CUST00275,ACT00048,AINV00330,2027-04-02,5,12530,INR,pending,failed,2027-02-19
ABK000406,CUST00243,ACT00061,AINV00099,2027-01-02,1,19971,INR,paid,initiated,2027-01-02
ABK000407,CUST00176,ACT00500,AINV00081,2026-11-23,9,8005,INR,pending,cancelled,2026-10-26
ABK000408,CUST00125,ACT00334,AINV00278,2027-03-01,3,6490,INR,failed,confirmed,2027-02-13
ABK000409,CUST00197,ACT00085,AINV00192,2027-03-21,3,15885,INR,failed,failed,2027-03-20
ABK000410,CUST00224,ACT00421,AINV00250,2027-03-08,5,14995,INR,refunded,failed,2027-02-02
ABK000411,CUST00154,ACT00397,AINV00442,2027-02-28,10,8603,INR,refunded,failed,2027-02-17
ABK000412,CUST00076,ACT00162,AINV00200,2027-02-14,3,20853,INR,failed,cancelled,2027-01-01
ABK000413,CUST00192,ACT00286,AINV00078,2027-03-05,1,17828,INR,failed,cancelled,2027-02-21
ABK000414,CUST00183,ACT00378,AINV00300,2027-03-04,10,19809,INR,failed,confirmed,2027-02-09
ABK000415,CUST00015,ACT00343,AINV00120,2027-03-19,3,25177,INR,refunded,cancelled,2027-02-08
ABK000416,CUST00134,ACT00319,AINV00292,2027-01-17,3,19357,INR,paid,confirmed,2026-12-27
ABK000417,CUST00256,ACT00366,AINV00478,2027-03-03,3,25041,INR,pending,confirmed,2027-02-13
ABK000418,CUST00131,ACT00381,AINV00346,2027-03-31,10,27390,INR,refunded,initiated,2027-02-21
ABK000419,CUST00134,ACT00336,AINV00400,2027-01-03,4,6597,INR,failed,failed,2026-11-22
ABK000420,CUST00300,ACT00327,AINV00476,2026-11-09,6,29986,INR,refunded,cancelled,2026-10-29
ABK000421,CUST00199,ACT00274,AINV00290,2027-01-14,6,19016,INR,paid,confirmed,2026-12-26
ABK000422,CUST00261,ACT00077,AINV00388,2027-03-17,7,17477,INR,refunded,failed,2027-02-15
ABK000423,CUST00029,ACT00477,AINV00429,2027-02-02,3,3839,INR,failed,initiated,2027-01-30
ABK000424,CUST00257,ACT00337,AINV00187,2026-12-19,7,17721,INR,pending,confirmed,2026-12-07
ABK000425,CUST00207,ACT00317,AINV00216,2027-01-16,5,16295,INR,pending,confirmed,2027-01-01
ABK000426,CUST00052,ACT00392,AINV00371,2026-12-09,9,3504,INR,refunded,initiated,2026-11-23
ABK000427,CUST00078,ACT00115,AINV00295,2027-02-17,1,6482,INR,refunded,initiated,2027-02-09
ABK000428,CUST00077,ACT00491,AINV00096,2026-12-03,6,21313,INR,refunded,cancelled,2026-11-22
ABK000429,CUST00145,ACT00309,AINV00012,2027-05-10,6,3290,INR,failed,failed,2027-03-28
ABK000430,CUST00085,ACT00259,AINV00112,2027-02-02,9,2063,INR,paid,initiated,2027-01-26
ABK000431,CUST00216,ACT00497,AINV00118,2027-01-17,9,26113,INR,failed,cancelled,2026-12-15
ABK000432,CUST00151,ACT00414,AINV00117,2026-11-10,10,17300,INR,paid,failed,2026-11-01
ABK000433,CUST00235,ACT00281,AINV00141,2026-12-12,5,17412,INR,failed,cancelled,2026-11-27
ABK000434,CUST00167,ACT00325,AINV00043,2027-01-20,4,10363,INR,pending,cancelled,2026-12-31
ABK000435,CUST00278,ACT00424,AINV00158,2027-01-19,6,13818,INR,pending,initiated,2027-01-09
ABK000436,CUST00223,ACT00192,AINV00282,2027-02-02,7,4843,INR,paid,confirmed,2027-01-31
ABK000437,CUST00056,ACT00160,AINV00064,2026-11-01,9,15810,INR,paid,initiated,2026-10-31
ABK000438,CUST00120,ACT00407,AINV00006,2027-03-12,4,15613,INR,paid,cancelled,2027-03-08
ABK000439,CUST00059,ACT00329,AINV00269,2026-11-03,7,14041,INR,refunded,cancelled,2026-10-07
ABK000440,CUST00010,ACT00444,AINV00157,2027-02-18,6,14189,INR,paid,failed,2027-01-10
ABK000441,CUST00083,ACT00339,AINV00140,2027-03-15,4,3072,INR,paid,cancelled,2027-02-14
ABK000442,CUST00259,ACT00328,AINV00280,2026-12-04,5,7475,INR,refunded,confirmed,2026-10-22
ABK000443,CUST00091,ACT00251,AINV00361,2027-03-06,6,6837,INR,refunded,cancelled,2027-01-31
ABK000444,CUST00182,ACT00115,AINV00122,2027-02-13,5,3300,INR,refunded,failed,2026-12-30
ABK000445,CUST00006,ACT00065,AINV00358,2027-03-30,3,24595,INR,failed,cancelled,2027-03-03
ABK000446,CUST00066,ACT00009,AINV00323,2026-12-28,9,15233,INR,refunded,confirmed,2026-11-28
ABK000447,CUST00212,ACT00237,AINV00069,2027-04-20,2,13346,INR,failed,confirmed,2027-03-16
ABK000448,CUST00022,ACT00167,AINV00029,2026-12-09,5,21798,INR,paid,initiated,2026-10-31
ABK000449,CUST00138,ACT00125,AINV00334,2027-04-05,3,11250,INR,refunded,initiated,2027-03-15
ABK000450,CUST00274,ACT00137,AINV00136,2027-01-08,3,17976,INR,pending,confirmed,2026-12-16
ABK000451,CUST00234,ACT00273,AINV00353,2027-01-14,7,18311,INR,failed,initiated,2026-12-28
ABK000452,CUST00132,ACT00108,AINV00279,2027-04-20,7,5382,INR,refunded,initiated,2027-03-14
ABK000453,CUST00174,ACT00446,AINV00013,2026-11-21,8,4117,INR,failed,confirmed,2026-10-15
ABK000454,CUST00297,ACT00063,AINV00139,2026-11-25,3,18386,INR,paid,initiated,2026-10-11
ABK000455,CUST00242,ACT00313,AINV00375,2027-02-19,8,13355,INR,pending,cancelled,2027-01-05
ABK000456,CUST00080,ACT00458,AINV00274,2027-03-27,3,12230,INR,refunded,confirmed,2027-03-23
ABK000457,CUST00113,ACT00489,AINV00466,2026-11-10,10,9243,INR,refunded,confirmed,2026-10-23
ABK000458,CUST00164,ACT00313,AINV00454,2027-04-16,4,2730,INR,failed,cancelled,2027-03-20
ABK000459,CUST00130,ACT00005,AINV00182,2026-12-14,9,11465,INR,failed,confirmed,2026-12-03
ABK000460,CUST00078,ACT00105,AINV00130,2027-03-14,6,15397,INR,refunded,initiated,2027-03-01
ABK000461,CUST00259,ACT00482,AINV00285,2027-04-28,3,28414,INR,refunded,failed,2027-03-30
ABK000462,CUST00188,ACT00027,AINV00340,2027-01-31,10,698,INR,refunded,confirmed,2026-12-17
ABK000463,CUST00299,ACT00089,AINV00378,2027-02-13,2,1069,INR,failed,failed,2027-02-03
ABK000464,CUST00150,ACT00279,AINV00240,2026-11-10,4,23407,INR,pending,cancelled,2026-10-08
ABK000465,CUST00013,ACT00256,AINV00440,2026-10-30,8,14281,INR,failed,failed,2026-10-09
ABK000466,CUST00258,ACT00412,AINV00420,2027-04-22,6,11297,INR,paid,confirmed,2027-03-22
ABK000467,CUST00140,ACT00446,AINV00459,2026-10-23,10,5620,INR,paid,confirmed,2026-10-08
ABK000468,CUST00160,ACT00015,AINV00198,2027-01-16,9,5701,INR,paid,cancelled,2026-12-21
ABK000469,CUST00125,ACT00061,AINV00428,2027-03-11,7,10185,INR,failed,initiated,2027-01-29
ABK000470,CUST00269,ACT00050,AINV00240,2026-11-11,1,21365,INR,refunded,initiated,2026-10-19
ABK000471,CUST00062,ACT00069,AINV00497,2027-03-17,10,26457,INR,failed,initiated,2027-02-17
ABK000472,CUST00110,ACT00369,AINV00474,2027-03-04,3,26453,INR,failed,cancelled,2027-02-19
ABK000473,CUST00122,ACT00127,AINV00388,2026-11-27,7,26040,INR,paid,initiated,2026-10-28
ABK000474,CUST00103,ACT00027,AINV00233,2026-12-19,4,27639,INR,refunded,confirmed,2026-12-03
ABK000475,CUST00266,ACT00426,AINV00425,2026-11-15,10,12467,INR,failed,confirmed,2026-11-07
ABK000476,CUST00022,ACT00451,AINV00051,2027-03-28,2,11928,INR,refunded,cancelled,2027-03-01
ABK000477,CUST00161,ACT00475,AINV00437,2026-12-03,6,23481,INR,pending,cancelled,2026-11-22
ABK000478,CUST00040,ACT00465,AINV00079,2026-12-28,10,17967,INR,paid,confirmed,2026-12-02
ABK000479,CUST00104,ACT00054,AINV00213,2027-01-17,1,19027,INR,refunded,cancelled,2027-01-04
ABK000480,CUST00250,ACT00203,AINV00492,2027-01-04,9,739,INR,pending,cancelled,2026-12-20
ABK000481,CUST00116,ACT00494,AINV00015,2026-11-11,5,2195,INR,paid,confirmed,2026-10-02
ABK000482,CUST00282,ACT00479,AINV00010,2027-02-27,8,17342,INR,pending,failed,2027-02-16
ABK000483,CUST00028,ACT00263,AINV00079,2026-10-31,8,9939,INR,failed,cancelled,2026-10-01
ABK000484,CUST00157,ACT00460,AINV00423,2027-04-13,7,18497,INR,paid,cancelled,2027-03-29
ABK000485,CUST00212,ACT00152,AINV00354,2027-02-07,7,10901,INR,paid,initiated,2027-01-03
ABK000486,CUST00062,ACT00380,AINV00017,2027-01-01,8,8034,INR,failed,confirmed,2026-11-18
ABK000487,CUST00181,ACT00012,AINV00001,2026-12-12,6,15667,INR,failed,confirmed,2026-11-04
ABK000488,CUST00275,ACT00143,AINV00345,2026-12-10,5,21707,INR,pending,initiated,2026-11-23
ABK000489,CUST00137,ACT00338,AINV00022,2026-12-29,10,8427,INR,paid,failed,2026-12-16
ABK000490,CUST00135,ACT00309,AINV00309,2027-04-02,9,19430,INR,paid,cancelled,2027-02-26
ABK000491,CUST00134,ACT00397,AINV00491,2026-12-28,6,1134,INR,refunded,initiated,2026-12-15
ABK000492,CUST00261,ACT00234,AINV00079,2027-02-17,2,18907,INR,paid,confirmed,2027-01-10
ABK000493,CUST00164,ACT00328,AINV00414,2027-02-19,9,2410,INR,failed,initiated,2027-01-23
ABK000494,CUST00135,ACT00201,AINV00317,2026-11-10,8,28622,INR,failed,failed,2026-10-09
ABK000495,CUST00053,ACT00240,AINV00261,2027-02-22,7,12750,INR,pending,failed,2027-02-05
ABK000496,CUST00147,ACT00458,AINV00114,2027-03-30,3,4291,INR,failed,cancelled,2027-03-11
ABK000497,CUST00271,ACT00469,AINV00409,2027-01-15,9,28788,INR,pending,confirmed,2026-12-11
ABK000498,CUST00030,ACT00499,AINV00369,2026-11-20,9,6906,INR,pending,cancelled,2026-11-20
ABK000499,CUST00220,ACT00066,AINV00007,2026-11-18,2,19733,INR,pending,initiated,2026-11-14
ABK000500,CUST00286,ACT00242,AINV00262,2027-03-12,9,11409,INR,pending,cancelled,2027-02-26
ABK000501,CUST00080,ACT00269,AINV00485,2027-01-26,2,16473,INR,paid,initiated,2026-12-21
ABK000502,CUST00081,ACT00455,AINV00432,2027-02-25,9,6794,INR,pending,failed,2027-01-15
ABK000503,CUST00133,ACT00439,AINV00287,2027-01-10,3,20220,INR,paid,initiated,2026-12-01
ABK000504,CUST00135,ACT00075,AINV00073,2027-02-21,7,11895,INR,refunded,initiated,2027-01-11
ABK000505,CUST00030,ACT00079,AINV00112,2026-11-21,8,14635,INR,failed,initiated,2026-11-10
ABK000506,CUST00271,ACT00499,AINV00401,2027-05-10,5,23449,INR,failed,confirmed,2027-03-30
ABK000507,CUST00060,ACT00191,AINV00384,2027-03-30,5,19337,INR,pending,initiated,2027-02-19
ABK000508,CUST00209,ACT00107,AINV00329,2027-01-14,5,2181,INR,refunded,failed,2026-12-23
ABK000509,CUST00035,ACT00268,AINV00492,2027-01-16,9,26559,INR,refunded,initiated,2026-12-08
ABK000510,CUST00140,ACT00007,AINV00345,2027-03-18,8,2883,INR,paid,cancelled,2027-03-04
ABK000511,CUST00125,ACT00140,AINV00396,2027-01-11,1,17757,INR,paid,cancelled,2026-12-20
ABK000512,CUST00297,ACT00008,AINV00336,2027-04-03,4,10517,INR,failed,failed,2027-03-06
ABK000513,CUST00178,ACT00062,AINV00449,2026-10-27,7,2577,INR,paid,initiated,2026-10-11
ABK000514,CUST00072,ACT00243,AINV00284,2026-12-13,5,13335,INR,failed,confirmed,2026-12-12
ABK000515,CUST00178,ACT00406,AINV00464,2026-10-11,7,17200,INR,failed,cancelled,2026-10-02
ABK000516,CUST00021,ACT00160,AINV00416,2026-11-03,1,14451,INR,pending,confirmed,2026-10-05
ABK000517,CUST00272,ACT00092,AINV00295,2026-11-24,3,16267,INR,refunded,failed,2026-11-24
ABK000518,CUST00014,ACT00319,AINV00144,2026-12-08,8,11631,INR,pending,failed,2026-11-22
ABK000519,CUST00146,ACT00281,AINV00062,2026-11-26,4,21660,INR,failed,cancelled,2026-10-12
ABK000520,CUST00158,ACT00459,AINV00455,2027-03-13,1,16497,INR,pending,cancelled,2027-03-05
ABK000521,CUST00141,ACT00463,AINV00029,2026-10-18,8,26797,INR,failed,cancelled,2026-10-06
ABK000522,CUST00253,ACT00261,AINV00337,2026-12-19,1,3397,INR,paid,cancelled,2026-11-19
ABK000523,CUST00028,ACT00200,AINV00191,2027-01-13,8,12381,INR,pending,initiated,2027-01-09
ABK000524,CUST00222,ACT00448,AINV00024,2027-01-15,4,9252,INR,pending,initiated,2027-01-03
ABK000525,CUST00063,ACT00263,AINV00443,2027-03-27,10,24359,INR,paid,failed,2027-03-22
ABK000526,CUST00070,ACT00056,AINV00104,2027-01-24,9,1095,INR,pending,confirmed,2026-12-24
ABK000527,CUST00106,ACT00255,AINV00370,2027-03-08,10,10057,INR,failed,failed,2027-02-03
ABK000528,CUST00106,ACT00279,AINV00008,2026-11-16,1,23954,INR,refunded,cancelled,2026-10-07
ABK000529,CUST00260,ACT00164,AINV00058,2027-02-07,5,10936,INR,refunded,confirmed,2026-12-26
ABK000530,CUST00183,ACT00490,AINV00445,2026-11-06,10,19142,INR,pending,initiated,2026-11-02
ABK000531,CUST00172,ACT00346,AINV00010,2026-12-18,4,25184,INR,paid,cancelled,2026-11-06
ABK000532,CUST00137,ACT00439,AINV00430,2027-02-24,4,24971,INR,pending,failed,2027-02-02
ABK000533,CUST00169,ACT00492,AINV00172,2027-01-02,2,23916,INR,pending,cancelled,2026-11-24
ABK000534,CUST00143,ACT00345,AINV00401,2027-03-19,1,20812,INR,refunded,cancelled,2027-03-08
ABK000535,CUST00166,ACT00337,AINV00355,2027-03-17,8,12094,INR,paid,initiated,2027-02-14
ABK000536,CUST00254,ACT00300,AINV00324,2027-03-04,9,27117,INR,paid,failed,2027-02-15
ABK000537,CUST00246,ACT00473,AINV00370,2027-01-31,10,29271,INR,paid,initiated,2027-01-15
ABK000538,CUST00086,ACT00494,AINV00131,2026-12-12,4,22620,INR,refunded,failed,2026-12-04
ABK000539,CUST00274,ACT00052,AINV00130,2027-02-16,10,18192,INR,pending,cancelled,2027-01-04
ABK000540,CUST00201,ACT00484,AINV00418,2027-03-31,7,20180,INR,failed,cancelled,2027-02-26
ABK000541,CUST00143,ACT00238,AINV00303,2027-04-10,7,20085,INR,refunded,initiated,2027-03-19
ABK000542,CUST00042,ACT00418,AINV00490,2027-01-22,8,3628,INR,refunded,failed,2027-01-12
ABK000543,CUST00015,ACT00287,AINV00359,2027-02-17,7,9315,INR,paid,confirmed,2027-01-27
ABK000544,CUST00171,ACT00249,AINV00488,2027-01-15,9,23573,INR,failed,confirmed,2026-12-17
ABK000545,CUST00138,ACT00390,AINV00162,2026-11-19,2,27809,INR,pending,cancelled,2026-11-14
ABK000546,CUST00093,ACT00402,AINV00422,2027-02-07,5,21117,INR,refunded,confirmed,2027-02-02
ABK000547,CUST00025,ACT00013,AINV00219,2026-10-17,2,4141,INR,failed,initiated,2026-10-14
ABK000548,CUST00084,ACT00298,AINV00053,2027-05-03,7,6675,INR,failed,cancelled,2027-03-20
ABK000549,CUST00132,ACT00070,AINV00247,2026-10-26,6,29414,INR,paid,cancelled,2026-10-14
ABK000550,CUST00215,ACT00119,AINV00312,2027-05-04,1,20873,INR,pending,initiated,2027-03-29
ABK000551,CUST00040,ACT00499,AINV00471,2027-01-04,3,9454,INR,paid,cancelled,2026-12-21
ABK000552,CUST00008,ACT00064,AINV00023,2027-02-01,5,16986,INR,failed,failed,2027-01-25
ABK000553,CUST00013,ACT00450,AINV00191,2027-04-12,3,9413,INR,paid,failed,2027-03-05
ABK000554,CUST00116,ACT00393,AINV00002,2026-11-01,9,4343,INR,refunded,failed,2026-10-12
ABK000555,CUST00012,ACT00422,AINV00200,2027-03-28,6,15109,INR,failed,cancelled,2027-03-23
ABK000556,CUST00050,ACT00350,AINV00311,2026-11-26,8,10556,INR,paid,cancelled,2026-10-27
ABK000557,CUST00239,ACT00394,AINV00129,2026-10-05,1,24093,INR,pending,failed,2026-10-02
ABK000558,CUST00186,ACT00314,AINV00443,2027-03-31,4,20680,INR,paid,initiated,2027-03-14
ABK000559,CUST00279,ACT00070,AINV00328,2026-12-03,8,16391,INR,failed,confirmed,2026-11-29
ABK000560,CUST00150,ACT00405,AINV00374,2027-04-06,8,10288,INR,pending,cancelled,2027-03-12
ABK000561,CUST00136,ACT00403,AINV00312,2026-12-05,7,4035,INR,refunded,confirmed,2026-11-05
ABK000562,CUST00004,ACT00450,AINV00253,2027-04-21,5,3815,INR,pending,initiated,2027-03-10
ABK000563,CUST00061,ACT00267,AINV00447,2026-11-11,9,359,INR,failed,failed,2026-10-08
ABK000564,CUST00220,ACT00129,AINV00328,2027-03-31,7,14600,INR,pending,failed,2027-03-11
ABK000565,CUST00139,ACT00370,AINV00345,2027-04-18,10,7953,INR,pending,initiated,2027-03-23
ABK000566,CUST00118,ACT00355,AINV00268,2026-11-13,5,9793,INR,failed,cancelled,2026-11-08
ABK000567,CUST00039,ACT00373,AINV00191,2027-03-06,8,23422,INR,refunded,cancelled,2027-02-03
ABK000568,CUST00156,ACT00237,AINV00055,2027-03-22,3,6016,INR,paid,failed,2027-02-15
ABK000569,CUST00216,ACT00478,AINV00190,2026-11-16,6,13913,INR,refunded,cancelled,2026-10-17
ABK000570,CUST00251,ACT00205,AINV00223,2026-11-08,6,28112,INR,failed,confirmed,2026-10-12
ABK000571,CUST00001,ACT00315,AINV00079,2026-11-03,10,25657,INR,paid,initiated,2026-10-20
ABK000572,CUST00174,ACT00192,AINV00254,2026-11-03,3,18312,INR,failed,failed,2026-10-28
ABK000573,CUST00157,ACT00320,AINV00115,2027-01-14,7,24772,INR,paid,cancelled,2026-12-10
ABK000574,CUST00239,ACT00150,AINV00108,2026-11-05,1,12133,INR,failed,cancelled,2026-10-04
ABK000575,CUST00053,ACT00388,AINV00204,2026-10-26,8,10681,INR,failed,initiated,2026-10-22
ABK000576,CUST00272,ACT00103,AINV00047,2027-02-23,7,8191,INR,refunded,cancelled,2027-02-14
ABK000577,CUST00285,ACT00177,AINV00395,2026-11-06,2,19411,INR,failed,initiated,2026-10-09
ABK000578,CUST00211,ACT00133,AINV00380,2027-02-24,7,19315,INR,failed,confirmed,2027-01-26
ABK000579,CUST00190,ACT00424,AINV00165,2027-03-10,9,15217,INR,pending,cancelled,2027-01-28
ABK000580,CUST00007,ACT00001,AINV00131,2027-04-18,6,8184,INR,refunded,failed,2027-03-30
ABK000581,CUST00154,ACT00398,AINV00492,2027-03-09,6,9822,INR,paid,initiated,2027-02-26
ABK000582,CUST00088,ACT00277,AINV00319,2027-01-07,7,2366,INR,refunded,confirmed,2026-12-08
ABK000583,CUST00092,ACT00337,AINV00297,2027-01-10,6,3159,INR,paid,confirmed,2026-12-18
ABK000584,CUST00212,ACT00473,AINV00018,2027-01-30,6,26867,INR,pending,cancelled,2026-12-30
ABK000585,CUST00034,ACT00156,AINV00268,2027-04-13,10,14531,INR,refunded,cancelled,2027-03-21
ABK000586,CUST00064,ACT00358,AINV00472,2027-02-04,9,17545,INR,paid,confirmed,2027-01-04
ABK000587,CUST00100,ACT00060,AINV00146,2027-02-11,4,7481,INR,pending,initiated,2027-02-03
ABK000588,CUST00057,ACT00387,AINV00361,2027-03-22,2,6289,INR,failed,cancelled,2027-02-25
ABK000589,CUST00076,ACT00128,AINV00471,2026-12-04,3,3193,INR,refunded,failed,2026-11-14
ABK000590,CUST00158,ACT00218,AINV00217,2026-10-18,8,29404,INR,pending,confirmed,2026-10-04
ABK000591,CUST00063,ACT00061,AINV00310,2027-01-13,2,16129,INR,failed,initiated,2026-12-09
ABK000592,CUST00212,ACT00412,AINV00270,2026-11-16,1,29527,INR,refunded,cancelled,2026-10-18
ABK000593,CUST00014,ACT00300,AINV00255,2026-12-20,2,27796,INR,failed,cancelled,2026-12-06
ABK000594,CUST00069,ACT00170,AINV00363,2027-01-05,10,4194,INR,failed,cancelled,2026-11-22
ABK000595,CUST00203,ACT00043,AINV00466,2026-11-29,9,1504,INR,paid,initiated,2026-11-04
ABK000596,CUST00052,ACT00473,AINV00203,2026-11-18,7,25600,INR,refunded,cancelled,2026-10-04
ABK000597,CUST00204,ACT00259,AINV00061,2027-02-18,3,25249,INR,pending,confirmed,2027-02-07
ABK000598,CUST00029,ACT00468,AINV00013,2027-02-26,6,16011,INR,failed,failed,2027-01-22
ABK000599,CUST00051,ACT00256,AINV00469,2027-04-03,2,5148,INR,refunded,failed,2027-03-12
ABK000600,CUST00279,ACT00477,AINV00238,2027-03-22,4,21249,INR,pending,confirmed,2027-03-16
ABK000601,CUST00135,ACT00431,AINV00440,2027-03-29,1,10643,INR,paid,initiated,2027-03-10
ABK000602,CUST00075,ACT00105,AINV00116,2027-01-27,6,6513,INR,pending,initiated,2026-12-20
ABK000603,CUST00186,ACT00180,AINV00064,2027-03-22,9,5773,INR,paid,failed,2027-02-26
ABK000604,CUST00173,ACT00239,AINV00333,2027-04-08,8,852,INR,pending,failed,2027-03-13
ABK000605,CUST00211,ACT00197,AINV00343,2027-02-21,6,1990,INR,pending,cancelled,2027-02-07
ABK000606,CUST00118,ACT00082,AINV00034,2027-05-05,2,17404,INR,paid,failed,2027-03-22
ABK000607,CUST00201,ACT00355,AINV00176,2026-11-10,8,23778,INR,pending,confirmed,2026-11-04
ABK000608,CUST00079,ACT00127,AINV00102,2026-11-10,5,6603,INR,refunded,cancelled,2026-10-20
ABK000609,CUST00269,ACT00008,AINV00115,2026-12-29,3,9598,INR,refunded,cancelled,2026-11-15
ABK000610,CUST00288,ACT00189,AINV00486,2026-11-14,8,16268,INR,refunded,confirmed,2026-11-01
ABK000611,CUST00257,ACT00437,AINV00148,2026-10-23,9,20246,INR,failed,initiated,2026-10-10
ABK000612,CUST00211,ACT00006,AINV00213,2026-11-27,1,22014,INR,pending,cancelled,2026-10-18
ABK000613,CUST00216,ACT00190,AINV00268,2027-03-17,3,2363,INR,failed,failed,2027-02-20
ABK000614,CUST00020,ACT00053,AINV00365,2027-02-03,10,28615,INR,paid,failed,2027-01-13
ABK000615,CUST00047,ACT00189,AINV00361,2027-03-27,6,23427,INR,failed,failed,2027-02-14
ABK000616,CUST00131,ACT00218,AINV00055,2027-03-27,6,14984,INR,refunded,failed,2027-03-03
ABK000617,CUST00086,ACT00488,AINV00432,2026-12-23,10,23337,INR,failed,cancelled,2026-11-13
ABK000618,CUST00286,ACT00332,AINV00083,2027-04-16,8,13712,INR,pending,confirmed,2027-03-25
ABK000619,CUST00064,ACT00266,AINV00235,2027-04-29,9,7148,INR,paid,initiated,2027-03-19
ABK000620,CUST00035,ACT00081,AINV00065,2027-03-04,9,16051,INR,paid,confirmed,2027-02-18
ABK000621,CUST00114,ACT00390,AINV00269,2026-12-17,8,28137,INR,paid,initiated,2026-12-10
ABK000622,CUST00205,ACT00088,AINV00479,2027-03-29,1,1643,INR,paid,cancelled,2027-03-05
ABK000623,CUST00249,ACT00131,AINV00236,2026-12-21,10,2110,INR,paid,failed,2026-11-21
ABK000624,CUST00121,ACT00046,AINV00196,2027-02-21,8,10781,INR,pending,initiated,2027-02-03
ABK000625,CUST00089,ACT00308,AINV00445,2027-04-29,3,22681,INR,refunded,initiated,2027-03-24
ABK000626,CUST00083,ACT00023,AINV00269,2027-01-29,4,22201,INR,failed,cancelled,2027-01-27
ABK000627,CUST00154,ACT00030,AINV00363,2027-01-14,1,25711,INR,refunded,confirmed,2026-12-02
ABK000628,CUST00205,ACT00244,AINV00327,2027-02-26,10,15463,INR,paid,cancelled,2027-02-21
ABK000629,CUST00048,ACT00242,AINV00070,2027-03-02,5,9020,INR,paid,initiated,2027-01-30
ABK000630,CUST00273,ACT00031,AINV00228,2027-03-28,9,638,INR,refunded,confirmed,2027-03-24
ABK000631,CUST00127,ACT00461,AINV00335,2026-12-08,3,11990,INR,paid,confirmed,2026-10-28
ABK000632,CUST00186,ACT00320,AINV00029,2027-02-24,9,4154,INR,paid,failed,2027-02-23
ABK000633,CUST00113,ACT00500,AINV00361,2027-01-07,9,14216,INR,pending,initiated,2026-12-14
ABK000634,CUST00214,ACT00374,AINV00343,2027-04-02,1,9187,INR,refunded,cancelled,2027-03-28
ABK000635,CUST00293,ACT00244,AINV00230,2027-02-06,3,26844,INR,paid,confirmed,2027-01-09
ABK000636,CUST00161,ACT00433,AINV00278,2027-03-29,2,23334,INR,pending,initiated,2027-03-04
ABK000637,CUST00094,ACT00197,AINV00024,2026-11-06,10,27899,INR,paid,cancelled,2026-10-12
ABK000638,CUST00064,ACT00375,AINV00411,2026-12-31,10,6641,INR,failed,initiated,2026-11-20
ABK000639,CUST00141,ACT00247,AINV00307,2027-01-21,6,8133,INR,paid,initiated,2027-01-03
ABK000640,CUST00031,ACT00301,AINV00451,2027-01-09,4,7376,INR,pending,cancelled,2026-12-29
ABK000641,CUST00248,ACT00050,AINV00198,2026-12-29,7,19584,INR,paid,confirmed,2026-12-11
ABK000642,CUST00042,ACT00342,AINV00279,2027-01-28,6,13307,INR,refunded,confirmed,2027-01-02
ABK000643,CUST00296,ACT00378,AINV00185,2026-11-05,3,22938,INR,refunded,cancelled,2026-10-06
ABK000644,CUST00248,ACT00044,AINV00022,2026-12-11,10,19996,INR,refunded,cancelled,2026-11-07
ABK000645,CUST00161,ACT00227,AINV00356,2027-02-26,3,19538,INR,pending,failed,2027-02-22
ABK000646,CUST00024,ACT00457,AINV00150,2027-03-12,7,8644,INR,pending,cancelled,2027-03-06
ABK000647,CUST00201,ACT00330,AINV00028,2026-11-22,1,25695,INR,failed,confirmed,2026-10-09
ABK000648,CUST00202,ACT00234,AINV00242,2027-02-28,9,21650,INR,paid,failed,2027-02-14
ABK000649,CUST00249,ACT00438,AINV00264,2027-04-07,10,24443,INR,failed,confirmed,2027-03-04
ABK000650,CUST00297,ACT00159,AINV00231,2026-12-07,3,20720,INR,paid,confirmed,2026-11-12
ABK000651,CUST00076,ACT00281,AINV00366,2027-01-03,1,28020,INR,pending,failed,2026-12-20
ABK000652,CUST00265,ACT00079,AINV00347,2026-11-30,10,19768,INR,pending,cancelled,2026-11-27
ABK000653,CUST00040,ACT00118,AINV00029,2027-02-16,4,8468,INR,pending,initiated,2027-02-01
ABK000654,CUST00076,ACT00351,AINV00301,2027-01-28,3,10814,INR,refunded,cancelled,2027-01-26
ABK000655,CUST00158,ACT00315,AINV00343,2026-10-25,9,23705,INR,paid,cancelled,2026-10-08
ABK000656,CUST00161,ACT00149,AINV00113,2026-11-15,2,16577,INR,paid,confirmed,2026-11-04
ABK000657,CUST00099,ACT00151,AINV00281,2027-01-04,1,29476,INR,refunded,initiated,2026-12-17
ABK000658,CUST00091,ACT00019,AINV00354,2027-03-17,4,25685,INR,failed,confirmed,2027-02-27
ABK000659,CUST00266,ACT00247,AINV00142,2027-02-20,10,19788,INR,failed,initiated,2027-01-17
ABK000660,CUST00005,ACT00113,AINV00418,2026-11-04,3,16340,INR,paid,initiated,2026-11-04
ABK000661,CUST00003,ACT00360,AINV00258,2027-02-27,4,29865,INR,refunded,initiated,2027-02-05
ABK000662,CUST00210,ACT00103,AINV00418,2027-01-20,8,6130,INR,pending,cancelled,2026-12-14
ABK000663,CUST00181,ACT00127,AINV00152,2027-01-04,1,19140,INR,failed,failed,2026-11-21
ABK000664,CUST00050,ACT00193,AINV00435,2027-04-30,8,1501,INR,pending,cancelled,2027-03-26
ABK000665,CUST00047,ACT00100,AINV00082,2027-01-03,10,8184,INR,refunded,confirmed,2026-12-23
ABK000666,CUST00007,ACT00025,AINV00308,2027-01-16,8,18090,INR,pending,failed,2026-12-20
ABK000667,CUST00078,ACT00356,AINV00347,2027-03-08,8,29597,INR,failed,initiated,2027-01-25
ABK000668,CUST00224,ACT00165,AINV00035,2027-01-15,4,9195,INR,failed,cancelled,2026-12-13
ABK000669,CUST00076,ACT00087,AINV00457,2027-03-31,6,811,INR,refunded,cancelled,2027-03-15
ABK000670,CUST00179,ACT00203,AINV00422,2027-01-14,7,23582,INR,refunded,initiated,2026-12-23
ABK000671,CUST00021,ACT00259,AINV00245,2026-12-11,2,7175,INR,pending,confirmed,2026-12-06
ABK000672,CUST00277,ACT00365,AINV00465,2026-12-07,5,8546,INR,failed,failed,2026-11-23
ABK000673,CUST00106,ACT00366,AINV00046,2027-03-20,6,17284,INR,refunded,initiated,2027-03-17
ABK000674,CUST00263,ACT00144,AINV00373,2027-01-13,3,6548,INR,paid,confirmed,2026-12-22
ABK000675,CUST00018,ACT00245,AINV00427,2026-12-15,8,13417,INR,failed,initiated,2026-11-14
ABK000676,CUST00265,ACT00103,AINV00249,2027-03-13,4,12597,INR,paid,confirmed,2027-02-26
ABK000677,CUST00259,ACT00422,AINV00256,2027-04-27,6,16961,INR,failed,failed,2027-03-24
ABK000678,CUST00244,ACT00064,AINV00022,2027-02-02,6,4980,INR,paid,failed,2027-01-01
ABK000679,CUST00182,ACT00153,AINV00437,2027-01-17,9,27937,INR,pending,confirmed,2026-12-08
ABK000680,CUST00094,ACT00188,AINV00068,2027-04-02,6,7974,INR,refunded,cancelled,2027-03-10
ABK000681,CUST00074,ACT00140,AINV00056,2026-11-13,5,23821,INR,paid,confirmed,2026-10-20
ABK000682,CUST00215,ACT00249,AINV00051,2027-02-18,5,19285,INR,refunded,initiated,2027-02-02
ABK000683,CUST00227,ACT00210,AINV00427,2027-03-21,3,18528,INR,pending,failed,2027-02-13
ABK000684,CUST00177,ACT00353,AINV00392,2027-03-10,5,1768,INR,failed,cancelled,2027-02-02
ABK000685,CUST00014,ACT00188,AINV00463,2026-12-19,7,18238,INR,paid,confirmed,2026-11-15
ABK000686,CUST00053,ACT00145,AINV00498,2027-01-27,6,29975,INR,paid,cancelled,2027-01-20
ABK000687,CUST00107,ACT00468,AINV00352,2026-10-27,10,20579,INR,failed,failed,2026-10-16
ABK000688,CUST00103,ACT00430,AINV00458,2026-11-16,8,28156,INR,paid,cancelled,2026-10-12
ABK000689,CUST00272,ACT00364,AINV00219,2027-01-04,6,7799,INR,pending,cancelled,2026-12-09
ABK000690,CUST00130,ACT00074,AINV00347,2027-02-22,1,17386,INR,refunded,confirmed,2027-02-03
ABK000691,CUST00263,ACT00334,AINV00195,2026-11-15,5,28134,INR,pending,failed,2026-10-25
ABK000692,CUST00274,ACT00303,AINV00299,2027-01-25,3,7725,INR,paid,cancelled,2027-01-11
ABK000693,CUST00049,ACT00114,AINV00310,2027-03-13,6,5939,INR,pending,failed,2027-02-10
ABK000694,CUST00190,ACT00294,AINV00343,2027-04-06,4,26125,INR,pending,initiated,2027-02-26
ABK000695,CUST00224,ACT00372,AINV00426,2027-04-11,5,22562,INR,failed,failed,2027-03-13
ABK000696,CUST00265,ACT00421,AINV00292,2026-10-06,4,1780,INR,refunded,cancelled,2026-10-02
ABK000697,CUST00118,ACT00218,AINV00490,2027-02-12,2,954,INR,failed,failed,2027-01-01
ABK000698,CUST00179,ACT00358,AINV00441,2027-01-31,6,13932,INR,paid,confirmed,2027-01-18
ABK000699,CUST00172,ACT00088,AINV00261,2027-03-15,10,9918,INR,pending,initiated,2027-02-28
ABK000700,CUST00263,ACT00165,AINV00421,2026-11-11,8,2699,INR,pending,failed,2026-11-07
ABK000701,CUST00006,ACT00481,AINV00157,2027-03-28,10,25902,INR,paid,initiated,2027-02-15
ABK000702,CUST00051,ACT00110,AINV00395,2027-03-24,6,13768,INR,refunded,initiated,2027-03-04
ABK000703,CUST00071,ACT00471,AINV00032,2026-11-12,4,7664,INR,failed,failed,2026-11-12
ABK000704,CUST00299,ACT00320,AINV00294,2026-10-26,3,21971,INR,failed,failed,2026-10-05
ABK000705,CUST00136,ACT00271,AINV00120,2027-03-10,9,790,INR,failed,cancelled,2027-02-07
ABK000706,CUST00143,ACT00067,AINV00128,2027-03-30,10,21373,INR,pending,confirmed,2027-03-07
ABK000707,CUST00268,ACT00415,AINV00011,2026-12-09,6,3494,INR,failed,initiated,2026-12-06
ABK000708,CUST00152,ACT00310,AINV00347,2027-01-12,2,18802,INR,failed,failed,2026-12-30
ABK000709,CUST00298,ACT00035,AINV00348,2027-01-08,4,24985,INR,paid,confirmed,2026-12-28
ABK000710,CUST00225,ACT00305,AINV00409,2027-03-26,9,1362,INR,failed,confirmed,2027-03-13
ABK000711,CUST00038,ACT00447,AINV00019,2027-02-19,6,15421,INR,pending,initiated,2027-01-13
ABK000712,CUST00205,ACT00092,AINV00457,2027-02-12,6,10105,INR,refunded,cancelled,2027-01-06
ABK000713,CUST00038,ACT00430,AINV00164,2026-12-23,2,15008,INR,pending,failed,2026-12-10
ABK000714,CUST00001,ACT00260,AINV00478,2027-04-01,9,26357,INR,pending,confirmed,2027-03-24
ABK000715,CUST00114,ACT00303,AINV00189,2027-02-17,6,13197,INR,pending,initiated,2027-01-19
ABK000716,CUST00041,ACT00253,AINV00246,2026-12-30,7,17584,INR,refunded,cancelled,2026-12-28
ABK000717,CUST00018,ACT00434,AINV00225,2027-03-13,4,14945,INR,failed,initiated,2027-01-31
ABK000718,CUST00219,ACT00010,AINV00194,2026-11-14,1,1364,INR,pending,confirmed,2026-10-10
ABK000719,CUST00276,ACT00329,AINV00197,2027-03-12,7,12650,INR,failed,cancelled,2027-02-17
ABK000720,CUST00023,ACT00192,AINV00263,2026-11-19,3,7800,INR,pending,failed,2026-10-21
ABK000721,CUST00082,ACT00169,AINV00339,2026-11-20,2,11142,INR,pending,failed,2026-10-17
ABK000722,CUST00228,ACT00413,AINV00369,2026-12-11,4,6878,INR,paid,confirmed,2026-11-28
ABK000723,CUST00018,ACT00145,AINV00455,2027-03-12,1,20065,INR,pending,initiated,2027-01-27
ABK000724,CUST00229,ACT00489,AINV00156,2027-03-25,5,8931,INR,refunded,initiated,2027-03-09
ABK000725,CUST00128,ACT00064,AINV00290,2026-12-28,8,2958,INR,paid,failed,2026-11-21
ABK000726,CUST00155,ACT00126,AINV00049,2026-10-25,6,26341,INR,pending,confirmed,2026-10-03
ABK000727,CUST00158,ACT00353,AINV00317,2027-02-03,1,20823,INR,refunded,initiated,2027-01-28
ABK000728,CUST00206,ACT00439,AINV00346,2026-11-30,6,14068,INR,paid,cancelled,2026-10-31
ABK000729,CUST00292,ACT00330,AINV00360,2026-12-19,7,16476,INR,refunded,failed,2026-11-28
ABK000730,CUST00261,ACT00148,AINV00417,2026-12-06,4,28091,INR,pending,cancelled,2026-11-10
ABK000731,CUST00236,ACT00008,AINV00346,2026-11-06,6,27596,INR,failed,failed,2026-10-13
ABK000732,CUST00035,ACT00377,AINV00191,2026-12-26,8,22451,INR,pending,cancelled,2026-12-16
ABK000733,CUST00277,ACT00352,AINV00150,2026-12-06,1,12809,INR,pending,initiated,2026-11-09
ABK000734,CUST00088,ACT00399,AINV00159,2027-05-08,5,29469,INR,refunded,confirmed,2027-03-30
ABK000735,CUST00125,ACT00463,AINV00259,2027-02-24,6,17465,INR,paid,confirmed,2027-02-10
ABK000736,CUST00267,ACT00335,AINV00252,2026-11-20,7,22462,INR,failed,confirmed,2026-10-09
ABK000737,CUST00254,ACT00382,AINV00397,2027-01-18,7,6442,INR,failed,failed,2026-12-18
ABK000738,CUST00191,ACT00364,AINV00157,2027-04-03,8,3831,INR,refunded,confirmed,2027-03-23
ABK000739,CUST00085,ACT00213,AINV00244,2027-03-28,10,4968,INR,refunded,confirmed,2027-03-26
ABK000740,CUST00146,ACT00235,AINV00465,2027-01-22,8,8387,INR,refunded,confirmed,2027-01-13
ABK000741,CUST00263,ACT00382,AINV00460,2027-03-21,1,8453,INR,pending,cancelled,2027-02-19
ABK000742,CUST00273,ACT00262,AINV00180,2027-02-22,10,14333,INR,pending,confirmed,2027-02-08
ABK000743,CUST00258,ACT00054,AINV00310,2027-01-27,2,11858,INR,refunded,initiated,2027-01-15
ABK000744,CUST00142,ACT00101,AINV00393,2027-01-17,4,25888,INR,refunded,initiated,2026-12-10
ABK000745,CUST00009,ACT00229,AINV00401,2027-02-10,7,13786,INR,failed,confirmed,2027-01-14
ABK000746,CUST00173,ACT00455,AINV00015,2027-04-23,2,6183,INR,pending,failed,2027-03-11
ABK000747,CUST00131,ACT00124,AINV00319,2027-01-06,5,13739,INR,pending,failed,2026-11-23
ABK000748,CUST00233,ACT00187,AINV00271,2027-02-08,7,25279,INR,failed,initiated,2027-01-06
ABK000749,CUST00154,ACT00260,AINV00382,2026-11-07,3,26786,INR,paid,confirmed,2026-10-24
ABK000750,CUST00202,ACT00006,AINV00084,2026-11-17,1,4883,INR,failed,initiated,2026-11-07
ABK000751,CUST00183,ACT00075,AINV00274,2027-04-14,5,11394,INR,refunded,cancelled,2027-03-02
ABK000752,CUST00139,ACT00267,AINV00430,2026-12-19,4,17926,INR,failed,confirmed,2026-11-08
ABK000753,CUST00084,ACT00338,AINV00483,2026-12-09,1,18430,INR,failed,failed,2026-11-19
ABK000754,CUST00149,ACT00302,AINV00315,2027-03-03,7,1501,INR,pending,confirmed,2027-02-28
ABK000755,CUST00256,ACT00351,AINV00258,2027-01-07,10,14522,INR,pending,confirmed,2026-12-25
ABK000756,CUST00173,ACT00226,AINV00166,2027-02-11,3,12009,INR,failed,cancelled,2027-01-29
ABK000757,CUST00277,ACT00394,AINV00027,2027-01-27,2,1278,INR,pending,cancelled,2027-01-08
ABK000758,CUST00061,ACT00218,AINV00415,2027-04-18,4,14696,INR,paid,confirmed,2027-03-13
ABK000759,CUST00093,ACT00445,AINV00210,2027-01-27,7,16442,INR,failed,initiated,2027-01-16
ABK000760,CUST00144,ACT00344,AINV00144,2027-02-10,5,21509,INR,failed,failed,2027-01-29
ABK000761,CUST00102,ACT00213,AINV00201,2026-11-12,10,24516,INR,failed,initiated,2026-10-07
ABK000762,CUST00155,ACT00413,AINV00024,2026-12-08,10,13082,INR,paid,initiated,2026-10-25
ABK000763,CUST00165,ACT00084,AINV00133,2027-04-05,1,4375,INR,refunded,cancelled,2027-02-20
ABK000764,CUST00068,ACT00333,AINV00258,2027-01-30,2,29987,INR,pending,failed,2027-01-14
ABK000765,CUST00109,ACT00306,AINV00358,2027-02-26,8,13457,INR,refunded,initiated,2027-01-27
ABK000766,CUST00083,ACT00087,AINV00219,2027-01-05,10,18002,INR,refunded,cancelled,2026-11-23
ABK000767,CUST00119,ACT00164,AINV00131,2027-03-05,5,19500,INR,refunded,initiated,2027-02-09
ABK000768,CUST00242,ACT00010,AINV00143,2027-04-12,9,9455,INR,refunded,confirmed,2027-02-26
ABK000769,CUST00273,ACT00087,AINV00074,2026-12-30,1,12264,INR,pending,failed,2026-12-01
ABK000770,CUST00073,ACT00191,AINV00428,2027-04-14,6,4764,INR,paid,failed,2027-03-21
ABK000771,CUST00124,ACT00047,AINV00240,2027-03-16,9,21119,INR,pending,confirmed,2027-02-08
ABK000772,CUST00245,ACT00047,AINV00109,2027-04-17,8,24578,INR,paid,initiated,2027-03-28
ABK000773,CUST00177,ACT00212,AINV00011,2027-03-28,4,1380,INR,pending,failed,2027-03-05
ABK000774,CUST00231,ACT00146,AINV00306,2027-02-26,9,8199,INR,paid,confirmed,2027-01-15
ABK000775,CUST00189,ACT00345,AINV00096,2026-10-27,8,27603,INR,refunded,failed,2026-10-26
ABK000776,CUST00135,ACT00204,AINV00146,2026-12-11,6,23344,INR,pending,cancelled,2026-11-27
ABK000777,CUST00051,ACT00096,AINV00306,2026-12-18,3,10904,INR,refunded,failed,2026-12-07
ABK000778,CUST00196,ACT00063,AINV00453,2026-11-08,1,18785,INR,pending,confirmed,2026-10-12
ABK000779,CUST00013,ACT00216,AINV00374,2026-12-28,2,11749,INR,paid,confirmed,2026-12-07
ABK000780,CUST00203,ACT00287,AINV00355,2026-11-12,9,29599,INR,paid,cancelled,2026-11-10
ABK000781,CUST00084,ACT00231,AINV00056,2026-11-11,5,17568,INR,pending,failed,2026-10-12
ABK000782,CUST00291,ACT00066,AINV00048,2027-02-03,6,21754,INR,pending,cancelled,2027-01-22
ABK000783,CUST00111,ACT00175,AINV00090,2026-12-05,3,18922,INR,pending,cancelled,2026-12-05
ABK000784,CUST00169,ACT00059,AINV00229,2026-12-11,2,12421,INR,pending,failed,2026-12-10
ABK000785,CUST00236,ACT00135,AINV00267,2027-03-13,9,6835,INR,refunded,confirmed,2027-02-28
ABK000786,CUST00062,ACT00087,AINV00297,2027-01-20,5,27048,INR,pending,cancelled,2027-01-06
ABK000787,CUST00212,ACT00178,AINV00360,2027-02-19,1,16821,INR,refunded,confirmed,2027-02-11
ABK000788,CUST00055,ACT00117,AINV00187,2027-02-04,2,19626,INR,paid,initiated,2027-01-31
ABK000789,CUST00268,ACT00480,AINV00316,2027-01-01,1,22072,INR,paid,cancelled,2026-12-16
ABK000790,CUST00122,ACT00258,AINV00142,2027-04-12,8,16768,INR,refunded,cancelled,2027-03-17
ABK000791,CUST00268,ACT00438,AINV00149,2026-11-20,1,7821,INR,refunded,initiated,2026-10-31
ABK000792,CUST00222,ACT00184,AINV00203,2027-02-28,5,16625,INR,failed,initiated,2027-02-17
ABK000793,CUST00254,ACT00078,AINV00310,2026-10-28,7,28651,INR,pending,failed,2026-10-21
ABK000794,CUST00153,ACT00169,AINV00366,2027-04-08,10,8395,INR,paid,confirmed,2027-03-25
ABK000795,CUST00134,ACT00177,AINV00311,2027-02-06,2,20298,INR,paid,confirmed,2027-01-03
ABK000796,CUST00038,ACT00140,AINV00167,2027-04-17,5,27306,INR,paid,cancelled,2027-03-27
ABK000797,CUST00105,ACT00175,AINV00486,2027-05-02,2,6535,INR,refunded,failed,2027-03-28
ABK000798,CUST00074,ACT00113,AINV00118,2026-11-13,6,17404,INR,refunded,failed,2026-10-14
ABK000799,CUST00052,ACT00345,AINV00283,2027-01-11,9,21849,INR,refunded,failed,2026-12-21
ABK000800,CUST00025,ACT00051,AINV00371,2027-03-03,9,21079,INR,refunded,cancelled,2027-02-08
ABK000801,CUST00137,ACT00147,AINV00469,2027-04-15,2,3009,INR,pending,failed,2027-03-24
ABK000802,CUST00216,ACT00310,AINV00381,2026-12-31,8,304,INR,failed,cancelled,2026-12-14
ABK000803,CUST00109,ACT00298,AINV00066,2026-12-22,8,18061,INR,pending,failed,2026-12-04
ABK000804,CUST00103,ACT00057,AINV00004,2026-12-10,3,9428,INR,refunded,confirmed,2026-12-08
ABK000805,CUST00223,ACT00352,AINV00175,2027-01-02,4,11805,INR,failed,confirmed,2027-01-01
ABK000806,CUST00105,ACT00454,AINV00330,2026-12-21,10,10509,INR,paid,failed,2026-11-13
ABK000807,CUST00023,ACT00243,AINV00186,2026-12-18,4,17137,INR,refunded,confirmed,2026-11-09
ABK000808,CUST00262,ACT00462,AINV00337,2026-11-05,10,11902,INR,failed,initiated,2026-10-15
ABK000809,CUST00029,ACT00258,AINV00478,2026-11-30,7,21195,INR,paid,cancelled,2026-11-27
ABK000810,CUST00046,ACT00240,AINV00268,2027-03-19,3,6163,INR,refunded,failed,2027-02-25
ABK000811,CUST00027,ACT00105,AINV00073,2026-11-07,10,25064,INR,refunded,initiated,2026-10-12
ABK000812,CUST00092,ACT00342,AINV00473,2027-01-20,8,8492,INR,failed,confirmed,2027-01-11
ABK000813,CUST00013,ACT00269,AINV00213,2026-11-24,5,14028,INR,paid,cancelled,2026-11-18
ABK000814,CUST00021,ACT00303,AINV00330,2027-04-12,6,26026,INR,pending,initiated,2027-03-04
ABK000815,CUST00107,ACT00418,AINV00384,2027-03-05,8,21352,INR,failed,initiated,2027-03-03
ABK000816,CUST00102,ACT00170,AINV00305,2026-12-02,1,12899,INR,failed,failed,2026-10-21
ABK000817,CUST00156,ACT00393,AINV00366,2026-11-28,10,3349,INR,refunded,initiated,2026-11-03
ABK000818,CUST00228,ACT00072,AINV00477,2027-02-05,4,2492,INR,failed,failed,2027-01-30
ABK000819,CUST00158,ACT00364,AINV00481,2026-11-24,6,28651,INR,refunded,cancelled,2026-10-24
ABK000820,CUST00108,ACT00028,AINV00284,2027-02-17,1,15344,INR,pending,confirmed,2027-02-06
ABK000821,CUST00203,ACT00029,AINV00444,2026-12-21,10,1392,INR,paid,failed,2026-11-10
ABK000822,CUST00202,ACT00332,AINV00068,2027-02-20,4,4221,INR,failed,cancelled,2027-01-12
ABK000823,CUST00119,ACT00244,AINV00324,2027-03-31,6,3189,INR,failed,cancelled,2027-03-26
ABK000824,CUST00202,ACT00380,AINV00300,2027-04-15,10,3984,INR,refunded,cancelled,2027-03-19
ABK000825,CUST00282,ACT00194,AINV00385,2027-02-12,4,24150,INR,pending,failed,2027-01-18
ABK000826,CUST00148,ACT00499,AINV00361,2026-12-08,8,10618,INR,refunded,failed,2026-11-01
ABK000827,CUST00197,ACT00455,AINV00314,2026-12-27,8,29744,INR,pending,failed,2026-12-16
ABK000828,CUST00051,ACT00154,AINV00374,2027-05-01,1,14447,INR,failed,failed,2027-03-23
ABK000829,CUST00108,ACT00373,AINV00480,2027-01-18,6,6389,INR,failed,cancelled,2026-12-04
ABK000830,CUST00143,ACT00419,AINV00167,2027-03-14,7,29349,INR,pending,initiated,2027-02-11
ABK000831,CUST00175,ACT00274,AINV00154,2027-03-22,9,15126,INR,failed,initiated,2027-02-08
ABK000832,CUST00138,ACT00349,AINV00077,2027-03-16,3,23346,INR,paid,confirmed,2027-03-10
ABK000833,CUST00278,ACT00072,AINV00085,2027-01-11,7,3225,INR,paid,failed,2026-12-03
ABK000834,CUST00027,ACT00087,AINV00056,2027-02-21,8,7951,INR,pending,initiated,2027-01-31
ABK000835,CUST00187,ACT00323,AINV00094,2027-03-21,1,22904,INR,paid,cancelled,2027-03-13
ABK000836,CUST00153,ACT00347,AINV00255,2026-12-05,5,20116,INR,failed,failed,2026-11-17
ABK000837,CUST00064,ACT00217,AINV00031,2027-03-08,1,16240,INR,pending,failed,2027-01-25
ABK000838,CUST00083,ACT00235,AINV00334,2027-01-05,4,5813,INR,refunded,failed,2026-12-24
ABK000839,CUST00034,ACT00026,AINV00260,2027-03-18,2,11029,INR,pending,cancelled,2027-02-03
ABK000840,CUST00125,ACT00333,AINV00330,2026-12-06,6,16444,INR,failed,cancelled,2026-11-23
ABK000841,CUST00292,ACT00251,AINV00107,2027-02-12,3,12863,INR,failed,confirmed,2027-01-14
ABK000842,CUST00274,ACT00043,AINV00448,2027-03-21,9,1645,INR,refunded,cancelled,2027-02-19
ABK000843,CUST00259,ACT00036,AINV00161,2026-12-03,10,10460,INR,pending,initiated,2026-11-28
ABK000844,CUST00101,ACT00077,AINV00198,2027-02-23,6,423,INR,pending,failed,2027-02-17
ABK000845,CUST00109,ACT00302,AINV00340,2027-01-10,4,20021,INR,pending,cancelled,2026-12-09
ABK000846,CUST00277,ACT00417,AINV00393,2026-12-07,6,27956,INR,paid,cancelled,2026-11-14
ABK000847,CUST00088,ACT00074,AINV00414,2027-01-08,9,24735,INR,paid,cancelled,2026-12-07
ABK000848,CUST00029,ACT00405,AINV00028,2026-10-20,7,22040,INR,paid,cancelled,2026-10-10
ABK000849,CUST00221,ACT00308,AINV00257,2027-04-18,9,12495,INR,pending,failed,2027-03-21
ABK000850,CUST00108,ACT00072,AINV00335,2027-04-06,9,1328,INR,refunded,failed,2027-02-20
ABK000851,CUST00271,ACT00163,AINV00044,2026-11-20,10,10769,INR,pending,confirmed,2026-11-18
ABK000852,CUST00090,ACT00294,AINV00178,2027-04-01,9,2442,INR,paid,initiated,2027-03-05
ABK000853,CUST00257,ACT00032,AINV00051,2027-03-18,4,13658,INR,failed,confirmed,2027-02-04
ABK000854,CUST00033,ACT00261,AINV00093,2027-03-04,9,14508,INR,refunded,failed,2027-02-21
ABK000855,CUST00057,ACT00169,AINV00210,2027-03-14,4,22780,INR,failed,cancelled,2027-02-07
ABK000856,CUST00004,ACT00443,AINV00413,2026-11-23,1,23336,INR,paid,initiated,2026-11-22
ABK000857,CUST00067,ACT00267,AINV00013,2026-12-18,8,14267,INR,pending,cancelled,2026-12-13
ABK000858,CUST00008,ACT00011,AINV00412,2026-11-06,2,17493,INR,refunded,failed,2026-10-02
ABK000859,CUST00184,ACT00071,AINV00080,2026-11-27,4,2551,INR,failed,cancelled,2026-10-21
ABK000860,CUST00045,ACT00259,AINV00048,2026-11-25,8,19784,INR,paid,initiated,2026-10-25
ABK000861,CUST00048,ACT00072,AINV00479,2027-03-27,10,16628,INR,paid,cancelled,2027-03-21
ABK000862,CUST00045,ACT00386,AINV00475,2026-12-06,10,25641,INR,paid,confirmed,2026-11-25
ABK000863,CUST00054,ACT00471,AINV00368,2027-01-12,6,17281,INR,refunded,initiated,2026-12-02
ABK000864,CUST00100,ACT00443,AINV00095,2026-12-23,4,24468,INR,paid,initiated,2026-11-13
ABK000865,CUST00221,ACT00314,AINV00190,2027-02-21,5,20814,INR,paid,cancelled,2027-02-01
ABK000866,CUST00060,ACT00363,AINV00140,2026-12-02,1,28724,INR,failed,confirmed,2026-10-19
ABK000867,CUST00058,ACT00412,AINV00309,2027-01-15,9,2730,INR,pending,confirmed,2027-01-06
ABK000868,CUST00148,ACT00077,AINV00182,2026-12-20,3,15379,INR,refunded,failed,2026-11-29
ABK000869,CUST00071,ACT00429,AINV00119,2027-03-24,9,11410,INR,refunded,cancelled,2027-03-01
ABK000870,CUST00009,ACT00353,AINV00003,2026-11-27,7,25014,INR,paid,confirmed,2026-11-27
ABK000871,CUST00146,ACT00108,AINV00228,2027-04-11,8,1540,INR,paid,initiated,2027-02-26
ABK000872,CUST00216,ACT00054,AINV00092,2027-05-07,9,6535,INR,refunded,failed,2027-03-23
ABK000873,CUST00056,ACT00163,AINV00452,2026-11-26,8,24776,INR,paid,failed,2026-10-30
ABK000874,CUST00147,ACT00017,AINV00401,2026-11-26,10,25594,INR,paid,cancelled,2026-10-15
ABK000875,CUST00106,ACT00361,AINV00365,2027-03-18,6,16898,INR,refunded,confirmed,2027-03-01
ABK000876,CUST00083,ACT00323,AINV00018,2027-03-07,7,3516,INR,paid,cancelled,2027-01-29
ABK000877,CUST00169,ACT00110,AINV00275,2027-01-04,2,5514,INR,failed,failed,2026-12-22
ABK000878,CUST00002,ACT00252,AINV00031,2027-02-12,3,23767,INR,pending,initiated,2027-02-06
ABK000879,CUST00289,ACT00399,AINV00103,2027-02-26,9,28339,INR,paid,confirmed,2027-01-30
ABK000880,CUST00259,ACT00052,AINV00131,2026-11-14,2,23888,INR,failed,cancelled,2026-10-30
ABK000881,CUST00178,ACT00261,AINV00450,2027-05-03,6,5284,INR,pending,cancelled,2027-03-20
ABK000882,CUST00072,ACT00025,AINV00302,2027-03-15,4,19536,INR,pending,failed,2027-02-17
ABK000883,CUST00273,ACT00382,AINV00060,2026-12-21,5,20704,INR,pending,cancelled,2026-11-17
ABK000884,CUST00202,ACT00060,AINV00227,2027-03-14,5,8872,INR,pending,failed,2027-03-07
ABK000885,CUST00070,ACT00082,AINV00076,2027-04-21,5,26541,INR,refunded,initiated,2027-03-28
ABK000886,CUST00256,ACT00199,AINV00410,2027-01-13,4,3818,INR,paid,cancelled,2026-12-10
ABK000887,CUST00200,ACT00289,AINV00436,2027-02-11,5,22608,INR,failed,cancelled,2027-01-11
ABK000888,CUST00116,ACT00207,AINV00147,2027-01-26,8,29718,INR,failed,confirmed,2027-01-09
ABK000889,CUST00163,ACT00419,AINV00468,2026-11-29,6,18278,INR,pending,initiated,2026-10-29
ABK000890,CUST00072,ACT00289,AINV00205,2026-11-05,10,27362,INR,refunded,failed,2026-10-20
ABK000891,CUST00116,ACT00236,AINV00364,2026-11-26,1,6042,INR,failed,confirmed,2026-10-26
ABK000892,CUST00276,ACT00304,AINV00253,2026-12-12,2,28124,INR,refunded,cancelled,2026-11-01
ABK000893,CUST00046,ACT00415,AINV00112,2026-11-07,2,20695,INR,failed,initiated,2026-10-28
ABK000894,CUST00186,ACT00207,AINV00265,2027-04-10,6,5590,INR,pending,failed,2027-03-26
ABK000895,CUST00230,ACT00450,AINV00305,2026-11-14,6,21894,INR,failed,failed,2026-10-08
ABK000896,CUST00181,ACT00271,AINV00204,2026-12-14,4,5388,INR,refunded,cancelled,2026-12-11
ABK000897,CUST00180,ACT00209,AINV00295,2026-12-18,1,23694,INR,refunded,failed,2026-12-07
ABK000898,CUST00075,ACT00473,AINV00134,2027-01-12,9,27695,INR,pending,initiated,2026-12-08
ABK000899,CUST00290,ACT00025,AINV00292,2027-01-02,1,17458,INR,pending,cancelled,2026-12-04
ABK000900,CUST00293,ACT00198,AINV00393,2027-01-25,2,4417,INR,refunded,cancelled,2027-01-11
ABK000901,CUST00134,ACT00462,AINV00409,2027-03-02,2,26652,INR,pending,cancelled,2027-01-29
ABK000902,CUST00185,ACT00129,AINV00131,2026-11-20,6,3235,INR,pending,failed,2026-10-09
ABK000903,CUST00198,ACT00286,AINV00083,2027-04-13,10,6589,INR,refunded,confirmed,2027-03-21
ABK000904,CUST00008,ACT00178,AINV00053,2027-03-21,2,28773,INR,paid,initiated,2027-02-22
ABK000905,CUST00255,ACT00332,AINV00386,2026-12-01,3,19590,INR,paid,initiated,2026-11-13
ABK000906,CUST00298,ACT00439,AINV00112,2026-11-12,8,5338,INR,pending,cancelled,2026-10-08
ABK000907,CUST00251,ACT00481,AINV00329,2027-01-21,4,29622,INR,paid,initiated,2026-12-10
ABK000908,CUST00101,ACT00432,AINV00096,2026-10-31,3,11226,INR,pending,initiated,2026-10-13
ABK000909,CUST00285,ACT00210,AINV00398,2027-02-27,3,1772,INR,refunded,cancelled,2027-02-24
ABK000910,CUST00076,ACT00442,AINV00488,2027-05-11,6,9313,INR,refunded,confirmed,2027-03-29
ABK000911,CUST00060,ACT00372,AINV00214,2026-12-13,9,15250,INR,pending,failed,2026-11-01
ABK000912,CUST00027,ACT00392,AINV00285,2026-10-23,4,10431,INR,pending,initiated,2026-10-07
ABK000913,CUST00149,ACT00481,AINV00338,2027-04-08,1,974,INR,refunded,initiated,2027-03-01
ABK000914,CUST00294,ACT00354,AINV00414,2027-04-05,3,16252,INR,failed,failed,2027-03-07
ABK000915,CUST00134,ACT00125,AINV00016,2026-12-16,7,4656,INR,pending,failed,2026-11-20
ABK000916,CUST00108,ACT00408,AINV00421,2027-03-06,6,21824,INR,paid,confirmed,2027-02-22
ABK000917,CUST00277,ACT00082,AINV00168,2026-12-04,10,8429,INR,paid,initiated,2026-11-24
ABK000918,CUST00147,ACT00002,AINV00446,2027-01-14,3,6640,INR,paid,failed,2026-12-11
ABK000919,CUST00060,ACT00044,AINV00046,2027-05-05,3,19771,INR,pending,cancelled,2027-03-26
ABK000920,CUST00219,ACT00088,AINV00231,2027-01-15,3,29809,INR,failed,initiated,2026-12-12
ABK000921,CUST00142,ACT00281,AINV00355,2027-02-03,4,27919,INR,paid,failed,2026-12-28
ABK000922,CUST00266,ACT00139,AINV00384,2027-04-28,8,11208,INR,refunded,cancelled,2027-03-25
ABK000923,CUST00145,ACT00070,AINV00192,2027-03-01,7,2157,INR,pending,initiated,2027-02-16
ABK000924,CUST00275,ACT00288,AINV00252,2027-04-23,6,10265,INR,pending,cancelled,2027-03-28
ABK000925,CUST00080,ACT00297,AINV00475,2026-12-29,10,1005,INR,refunded,confirmed,2026-12-10
ABK000926,CUST00109,ACT00444,AINV00450,2027-01-25,6,28824,INR,pending,initiated,2027-01-21
ABK000927,CUST00120,ACT00054,AINV00479,2027-01-11,10,25239,INR,refunded,confirmed,2026-12-30
ABK000928,CUST00192,ACT00482,AINV00070,2026-12-02,7,3101,INR,failed,failed,2026-12-01
ABK000929,CUST00267,ACT00150,AINV00306,2027-03-28,1,10113,INR,refunded,cancelled,2027-03-21
ABK000930,CUST00089,ACT00183,AINV00375,2027-04-13,1,22539,INR,pending,cancelled,2027-03-19
ABK000931,CUST00093,ACT00433,AINV00089,2026-12-11,1,2535,INR,failed,initiated,2026-11-20
ABK000932,CUST00148,ACT00150,AINV00206,2027-03-22,2,10991,INR,pending,cancelled,2027-02-19
ABK000933,CUST00066,ACT00059,AINV00216,2027-01-09,6,2675,INR,paid,confirmed,2026-12-27
ABK000934,CUST00079,ACT00360,AINV00362,2027-01-24,9,23777,INR,failed,initiated,2026-12-13
ABK000935,CUST00069,ACT00370,AINV00482,2027-04-23,8,19324,INR,paid,failed,2027-03-11
ABK000936,CUST00110,ACT00109,AINV00058,2027-01-02,6,12678,INR,failed,confirmed,2026-11-27
ABK000937,CUST00124,ACT00185,AINV00244,2027-04-14,8,14485,INR,failed,confirmed,2027-02-28
ABK000938,CUST00102,ACT00264,AINV00385,2027-02-03,1,7328,INR,refunded,cancelled,2027-01-19
ABK000939,CUST00102,ACT00030,AINV00322,2027-03-31,7,11097,INR,paid,cancelled,2027-02-19
ABK000940,CUST00216,ACT00155,AINV00250,2027-04-04,3,14268,INR,refunded,failed,2027-03-03
ABK000941,CUST00066,ACT00452,AINV00269,2027-01-31,3,11277,INR,paid,confirmed,2026-12-28
ABK000942,CUST00188,ACT00460,AINV00112,2027-02-04,1,3421,INR,paid,confirmed,2027-01-18
ABK000943,CUST00239,ACT00347,AINV00249,2027-01-19,8,10196,INR,paid,failed,2027-01-03
ABK000944,CUST00226,ACT00248,AINV00017,2026-11-16,5,23755,INR,failed,failed,2026-10-21
ABK000945,CUST00207,ACT00482,AINV00106,2027-02-24,8,20552,INR,failed,failed,2027-02-11
ABK000946,CUST00292,ACT00466,AINV00133,2026-11-13,4,1103,INR,pending,initiated,2026-10-31
ABK000947,CUST00049,ACT00276,AINV00058,2027-04-07,7,653,INR,failed,initiated,2027-03-04
ABK000948,CUST00284,ACT00163,AINV00211,2027-02-06,1,9846,INR,pending,failed,2027-01-04
ABK000949,CUST00247,ACT00020,AINV00227,2026-11-10,4,6653,INR,paid,failed,2026-10-30
ABK000950,CUST00162,ACT00415,AINV00415,2027-02-06,9,17242,INR,paid,failed,2027-02-06
ABK000951,CUST00010,ACT00317,AINV00175,2027-02-27,10,19978,INR,failed,initiated,2027-02-05
ABK000952,CUST00232,ACT00430,AINV00323,2026-12-06,10,16822,INR,refunded,failed,2026-11-14
ABK000953,CUST00185,ACT00135,AINV00033,2027-03-02,5,6211,INR,pending,cancelled,2027-02-28
ABK000954,CUST00255,ACT00458,AINV00301,2026-11-30,2,7797,INR,failed,initiated,2026-10-17
ABK000955,CUST00054,ACT00422,AINV00250,2027-04-11,1,24423,INR,refunded,cancelled,2027-03-27
ABK000956,CUST00113,ACT00207,AINV00058,2026-10-18,3,26076,INR,pending,initiated,2026-10-03
ABK000957,CUST00031,ACT00291,AINV00345,2026-12-31,8,24058,INR,paid,initiated,2026-12-04
ABK000958,CUST00120,ACT00252,AINV00233,2026-11-21,1,13522,INR,refunded,confirmed,2026-11-13
ABK000959,CUST00066,ACT00169,AINV00442,2027-02-15,1,21372,INR,pending,cancelled,2027-01-26
ABK000960,CUST00070,ACT00116,AINV00142,2027-05-04,10,2360,INR,pending,cancelled,2027-03-22
ABK000961,CUST00103,ACT00080,AINV00043,2027-03-30,10,25816,INR,paid,confirmed,2027-02-18
ABK000962,CUST00083,ACT00213,AINV00366,2027-01-29,5,19270,INR,pending,failed,2026-12-21
ABK000963,CUST00084,ACT00049,AINV00242,2026-11-10,1,22202,INR,refunded,initiated,2026-10-09
ABK000964,CUST00087,ACT00350,AINV00087,2027-04-16,5,4946,INR,paid,failed,2027-03-05
ABK000965,CUST00213,ACT00006,AINV00208,2027-04-02,2,23497,INR,paid,initiated,2027-02-27
ABK000966,CUST00215,ACT00164,AINV00298,2027-03-04,10,8636,INR,failed,initiated,2027-01-28
ABK000967,CUST00179,ACT00215,AINV00019,2027-04-11,2,18962,INR,pending,initiated,2027-03-25
ABK000968,CUST00068,ACT00238,AINV00026,2027-01-28,10,9510,INR,paid,initiated,2026-12-19
ABK000969,CUST00287,ACT00144,AINV00128,2027-03-18,4,513,INR,pending,confirmed,2027-03-13
ABK000970,CUST00070,ACT00470,AINV00324,2026-12-12,1,20496,INR,paid,confirmed,2026-11-25
ABK000971,CUST00093,ACT00033,AINV00128,2026-10-20,1,2944,INR,paid,cancelled,2026-10-06
ABK000972,CUST00249,ACT00454,AINV00398,2026-12-15,5,21862,INR,failed,initiated,2026-11-17
ABK000973,CUST00042,ACT00101,AINV00145,2027-02-20,8,572,INR,refunded,initiated,2027-02-02
ABK000974,CUST00013,ACT00116,AINV00137,2027-02-11,3,500,INR,refunded,confirmed,2027-02-07
ABK000975,CUST00167,ACT00047,AINV00166,2027-04-14,5,25283,INR,failed,confirmed,2027-03-25
ABK000976,CUST00294,ACT00311,AINV00267,2026-11-29,10,28131,INR,refunded,failed,2026-10-28
ABK000977,CUST00087,ACT00105,AINV00412,2026-12-22,1,9139,INR,pending,failed,2026-12-16
ABK000978,CUST00256,ACT00462,AINV00054,2026-11-03,3,16083,INR,paid,confirmed,2026-10-09
ABK000979,CUST00133,ACT00496,AINV00151,2027-04-30,9,20275,INR,paid,failed,2027-03-17
ABK000980,CUST00216,ACT00333,AINV00385,2027-03-22,7,5432,INR,pending,failed,2027-02-24
ABK000981,CUST00060,ACT00271,AINV00231,2026-12-25,4,24092,INR,pending,confirmed,2026-12-18
ABK000982,CUST00044,ACT00254,AINV00332,2026-11-29,6,4782,INR,failed,failed,2026-11-14
ABK000983,CUST00298,ACT00296,AINV00076,2027-02-21,3,24088,INR,paid,cancelled,2027-02-15
ABK000984,CUST00267,ACT00256,AINV00063,2027-03-17,6,18259,INR,failed,confirmed,2027-02-07
ABK000985,CUST00065,ACT00012,AINV00405,2027-03-14,9,20607,INR,paid,confirmed,2027-01-29
ABK000986,CUST00129,ACT00239,AINV00079,2026-12-03,3,14507,INR,refunded,confirmed,2026-10-19
ABK000987,CUST00137,ACT00144,AINV00283,2027-04-05,3,15319,INR,pending,confirmed,2027-03-02
ABK000988,CUST00267,ACT00362,AINV00234,2026-12-23,2,12494,INR,refunded,confirmed,2026-11-11
ABK000989,CUST00047,ACT00426,AINV00326,2026-11-17,5,8293,INR,failed,initiated,2026-10-16
ABK000990,CUST00274,ACT00082,AINV00430,2027-01-14,4,29172,INR,failed,initiated,2026-12-14
ABK000991,CUST00255,ACT00230,AINV00394,2026-12-22,6,3256,INR,refunded,failed,2026-11-11
ABK000992,CUST00138,ACT00038,AINV00280,2026-11-12,2,24116,INR,paid,cancelled,2026-10-04
ABK000993,CUST00259,ACT00346,AINV00016,2027-02-06,3,7374,INR,failed,cancelled,2027-01-21
ABK000994,CUST00262,ACT00204,AINV00456,2027-02-18,1,18819,INR,refunded,cancelled,2027-02-09
ABK000995,CUST00146,ACT00033,AINV00174,2026-10-13,7,19843,INR,refunded,initiated,2026-10-11
ABK000996,CUST00041,ACT00188,AINV00035,2026-12-27,5,3891,INR,paid,initiated,2026-12-20
ABK000997,CUST00219,ACT00359,AINV00324,2027-03-13,2,3153,INR,pending,failed,2027-02-26
ABK000998,CUST00262,ACT00176,AINV00355,2027-02-04,5,6366,INR,paid,cancelled,2027-01-03
ABK000999,CUST00104,ACT00480,AINV00458,2026-11-08,10,26910,INR,refunded,initiated,2026-10-15
ABK001000,CUST00006,ACT00058,AINV00352,2027-02-03,4,27620,INR,pending,confirmed,2026-12-20
