transport_inventory_id,vehicle_id,date,time_slot,total_capacity,booked_units,available_units,price,status
TINV00001,CAR00162,2027-02-18,09:00-12:00,18,9,8,1828,sold_out
TINV00002,CAR00085,2027-01-20,09:00-12:00,4,15,10,2055,available
TINV00003,CAR00285,2027-02-08,18:00-21:00,5,15,3,478,available
TINV00004,CAR00033,2027-01-17,09:00-12:00,16,5,2,713,sold_out
TINV00005,CAR00150,2027-02-18,12:00-15:00,11,3,3,2477,limited
TINV00006,CAR00008,2027-03-15,18:00-21:00,10,4,5,5597,limited
TINV00007,CAR00103,2026-11-14,15:00-18:00,20,8,0,3251,available
TINV00008,CAR00294,2026-12-13,12:00-15:00,19,15,1,6628,available
TINV00009,CAR00076,2026-11-27,12:00-15:00,16,10,6,1160,available
TINV00010,CAR00217,2027-01-03,15:00-18:00,11,0,9,7737,sold_out
TINV00011,CAR00208,2027-03-13,15:00-18:00,14,8,2,6526,limited
TINV00012,CAR00239,2026-11-19,18:00-21:00,8,5,3,1521,available
TINV00013,CAR00480,2026-12-10,21:00-00:00,19,13,9,4573,sold_out
TINV00014,CAR00296,2027-01-09,15:00-18:00,1,14,8,2650,available
TINV00015,CAR00049,2027-03-12,06:00-09:00,1,0,10,5515,limited
TINV00016,CAR00460,2027-01-03,06:00-09:00,20,14,8,7323,limited
TINV00017,CAR00475,2026-10-25,15:00-18:00,19,2,7,1558,available
TINV00018,CAR00439,2026-10-19,21:00-00:00,20,6,3,3138,available
TINV00019,CAR00276,2027-01-10,15:00-18:00,2,8,9,413,sold_out
TINV00020,CAR00462,2026-12-20,15:00-18:00,14,2,3,7943,limited
TINV00021,CAR00443,2026-12-21,06:00-09:00,2,2,3,7401,available
TINV00022,CAR00476,2026-11-23,18:00-21:00,4,4,3,2407,limited
TINV00023,CAR00420,2026-11-19,09:00-12:00,19,13,0,845,sold_out
TINV00024,CAR00481,2027-03-01,06:00-09:00,13,0,4,5403,sold_out
TINV00025,CAR00426,2026-11-08,06:00-09:00,5,2,1,6478,limited
TINV00026,CAR00396,2027-02-15,18:00-21:00,15,10,7,3519,sold_out
TINV00027,CAR00405,2026-12-17,12:00-15:00,16,6,2,372,sold_out
TINV00028,CAR00213,2027-01-26,09:00-12:00,19,9,1,1878,available
TINV00029,CAR00207,2026-11-17,06:00-09:00,11,12,0,3190,sold_out
TINV00030,CAR00085,2027-03-07,09:00-12:00,11,4,8,6480,sold_out
TINV00031,CAR00351,2026-11-19,06:00-09:00,2,14,2,5318,limited
TINV00032,CAR00490,2027-01-04,06:00-09:00,2,7,0,782,available
TINV00033,CAR00113,2026-11-08,15:00-18:00,4,1,7,4323,sold_out
TINV00034,CAR00460,2026-11-12,06:00-09:00,4,9,1,5613,sold_out
TINV00035,CAR00215,2026-11-26,12:00-15:00,12,2,9,7135,sold_out
TINV00036,CAR00091,2026-12-05,09:00-12:00,11,13,6,5106,sold_out
TINV00037,CAR00374,2027-02-16,12:00-15:00,12,11,3,7318,sold_out
TINV00038,CAR00393,2026-11-12,15:00-18:00,17,2,3,7975,sold_out
TINV00039,CAR00090,2027-03-03,21:00-00:00,10,13,1,2228,limited
TINV00040,CAR00455,2027-02-22,15:00-18:00,14,8,7,907,limited
TINV00041,CAR00156,2026-10-29,18:00-21:00,9,1,6,7136,sold_out
TINV00042,CAR00413,2026-12-30,15:00-18:00,6,8,5,7278,sold_out
TINV00043,CAR00336,2027-03-11,09:00-12:00,18,12,1,6198,available
TINV00044,CAR00330,2027-02-17,06:00-09:00,4,10,6,7330,sold_out
TINV00045,CAR00121,2026-11-09,12:00-15:00,10,13,2,2601,sold_out
TINV00046,CAR00161,2026-11-14,12:00-15:00,16,2,6,601,sold_out
TINV00047,CAR00277,2026-12-01,21:00-00:00,1,14,5,4697,sold_out
TINV00048,CAR00483,2027-03-03,18:00-21:00,10,13,5,3296,available
TINV00049,CAR00032,2027-02-16,15:00-18:00,14,7,6,1011,available
TINV00050,CAR00480,2027-01-28,09:00-12:00,10,7,3,457,limited
TINV00051,CAR00441,2026-12-12,15:00-18:00,3,15,9,6313,sold_out
TINV00052,CAR00446,2026-10-08,12:00-15:00,3,5,2,6448,limited
TINV00053,CAR00304,2026-10-26,06:00-09:00,12,3,9,2135,limited
TINV00054,CAR00242,2026-10-26,12:00-15:00,3,1,7,4405,available
TINV00055,CAR00268,2027-01-26,21:00-00:00,4,10,7,7442,sold_out
TINV00056,CAR00453,2027-01-13,18:00-21:00,15,3,2,1234,sold_out
TINV00057,CAR00080,2027-01-30,21:00-00:00,11,15,0,1159,limited
TINV00058,CAR00385,2026-10-05,21:00-00:00,7,3,10,2315,limited
TINV00059,CAR00042,2027-03-05,18:00-21:00,16,2,3,2232,limited
TINV00060,CAR00477,2026-12-10,09:00-12:00,17,11,2,3850,available
TINV00061,CAR00317,2026-10-07,06:00-09:00,4,2,9,6855,sold_out
TINV00062,CAR00191,2027-03-09,15:00-18:00,17,6,0,1553,available
TINV00063,CAR00372,2026-12-12,12:00-15:00,14,5,0,7775,available
TINV00064,CAR00025,2026-11-11,06:00-09:00,19,7,6,6218,limited
TINV00065,CAR00017,2026-11-25,15:00-18:00,7,3,0,6541,limited
TINV00066,CAR00069,2027-03-01,21:00-00:00,8,14,8,6447,sold_out
TINV00067,CAR00311,2027-01-02,21:00-00:00,18,6,6,3207,limited
TINV00068,CAR00363,2027-03-09,06:00-09:00,20,3,8,4960,sold_out
TINV00069,CAR00454,2026-10-24,15:00-18:00,19,10,10,5560,sold_out
TINV00070,CAR00287,2027-03-23,06:00-09:00,10,9,10,6211,available
TINV00071,CAR00156,2027-01-09,12:00-15:00,1,13,2,4557,limited
TINV00072,CAR00198,2027-01-20,21:00-00:00,8,8,3,7960,limited
TINV00073,CAR00383,2027-03-21,21:00-00:00,10,8,6,5523,sold_out
TINV00074,CAR00416,2027-01-04,21:00-00:00,2,14,5,4079,available
TINV00075,CAR00500,2027-01-04,09:00-12:00,13,12,9,1507,available
TINV00076,CAR00180,2026-11-17,12:00-15:00,17,12,5,4815,available
TINV00077,CAR00079,2027-03-21,06:00-09:00,11,7,0,2697,available
TINV00078,CAR00449,2027-01-08,09:00-12:00,5,3,1,2085,available
TINV00079,CAR00344,2027-01-10,12:00-15:00,8,4,0,5162,limited
TINV00080,CAR00050,2027-02-20,18:00-21:00,10,3,3,544,sold_out
TINV00081,CAR00345,2027-03-12,15:00-18:00,19,12,4,7862,sold_out
TINV00082,CAR00400,2027-01-28,15:00-18:00,7,7,9,1509,available
TINV00083,CAR00262,2027-03-14,12:00-15:00,9,13,7,3275,limited
TINV00084,CAR00025,2026-10-06,15:00-18:00,16,11,6,3392,limited
TINV00085,CAR00249,2027-02-25,18:00-21:00,6,15,7,5221,sold_out
TINV00086,CAR00157,2027-02-03,09:00-12:00,14,2,1,2760,available
TINV00087,CAR00430,2027-03-25,09:00-12:00,8,6,3,1332,available
TINV00088,CAR00352,2027-01-14,18:00-21:00,10,15,8,2568,sold_out
TINV00089,CAR00243,2027-02-23,21:00-00:00,6,7,2,7402,limited
TINV00090,CAR00493,2026-11-04,15:00-18:00,6,2,3,817,sold_out
TINV00091,CAR00335,2027-03-21,18:00-21:00,16,13,2,1594,available
TINV00092,CAR00283,2026-11-15,18:00-21:00,11,15,0,1487,sold_out
TINV00093,CAR00330,2027-02-03,15:00-18:00,18,8,4,4986,sold_out
TINV00094,CAR00211,2026-10-11,06:00-09:00,15,9,2,7854,limited
TINV00095,CAR00480,2027-01-18,12:00-15:00,6,11,3,5369,sold_out
TINV00096,CAR00140,2027-03-28,09:00-12:00,3,7,0,974,sold_out
TINV00097,CAR00219,2026-10-14,18:00-21:00,4,3,3,6569,limited
TINV00098,CAR00164,2027-03-14,12:00-15:00,14,14,6,2571,available
TINV00099,CAR00084,2026-10-26,15:00-18:00,10,12,7,1377,limited
TINV00100,CAR00074,2027-02-10,21:00-00:00,5,14,3,2775,available
TINV00101,CAR00167,2026-11-04,09:00-12:00,19,1,7,6490,available
TINV00102,CAR00273,2027-01-02,15:00-18:00,17,4,4,1144,limited
TINV00103,CAR00477,2026-11-08,06:00-09:00,7,13,3,2695,sold_out
TINV00104,CAR00253,2027-03-03,09:00-12:00,19,7,1,1096,available
TINV00105,CAR00120,2026-11-04,21:00-00:00,17,11,6,1986,available
TINV00106,CAR00225,2027-03-19,12:00-15:00,19,6,3,7510,limited
TINV00107,CAR00327,2026-12-14,12:00-15:00,2,6,6,4394,limited
TINV00108,CAR00369,2026-10-30,15:00-18:00,2,13,8,2100,limited
TINV00109,CAR00023,2026-10-12,15:00-18:00,1,7,8,4717,sold_out
TINV00110,CAR00026,2027-03-01,21:00-00:00,18,7,5,881,available
TINV00111,CAR00192,2027-01-26,06:00-09:00,18,1,7,978,limited
TINV00112,CAR00041,2026-10-15,12:00-15:00,11,3,7,7811,available
TINV00113,CAR00336,2026-10-28,21:00-00:00,3,14,9,6107,available
TINV00114,CAR00365,2027-01-09,12:00-15:00,12,5,0,1069,sold_out
TINV00115,CAR00206,2026-11-01,06:00-09:00,15,6,2,4819,limited
TINV00116,CAR00400,2026-10-04,15:00-18:00,17,13,8,3813,sold_out
TINV00117,CAR00181,2026-11-24,06:00-09:00,7,6,9,6823,available
TINV00118,CAR00491,2026-10-02,06:00-09:00,3,1,2,367,sold_out
TINV00119,CAR00190,2026-10-21,09:00-12:00,1,2,10,7074,available
TINV00120,CAR00477,2026-12-29,06:00-09:00,7,7,7,3266,limited
TINV00121,CAR00388,2027-01-10,12:00-15:00,15,4,0,7598,limited
TINV00122,CAR00288,2027-03-10,09:00-12:00,2,13,9,4132,sold_out
TINV00123,CAR00403,2027-02-13,12:00-15:00,2,6,7,1033,limited
TINV00124,CAR00146,2026-10-20,06:00-09:00,19,1,8,7017,sold_out
TINV00125,CAR00248,2026-11-28,15:00-18:00,18,13,6,1313,sold_out
TINV00126,CAR00331,2027-01-12,18:00-21:00,12,8,9,7441,limited
TINV00127,CAR00354,2027-01-07,12:00-15:00,3,1,7,5587,sold_out
TINV00128,CAR00400,2027-02-20,15:00-18:00,9,6,10,6736,limited
TINV00129,CAR00187,2026-11-19,06:00-09:00,5,11,0,711,limited
TINV00130,CAR00131,2026-10-25,09:00-12:00,5,13,9,855,limited
TINV00131,CAR00178,2026-10-31,18:00-21:00,19,6,0,1568,limited
TINV00132,CAR00226,2026-11-13,21:00-00:00,5,1,9,5324,limited
TINV00133,CAR00212,2027-01-02,12:00-15:00,11,5,0,3109,available
TINV00134,CAR00394,2027-03-04,18:00-21:00,18,4,5,7614,limited
TINV00135,CAR00029,2026-10-12,18:00-21:00,5,10,5,1975,available
TINV00136,CAR00430,2026-12-21,12:00-15:00,1,9,2,1113,sold_out
TINV00137,CAR00183,2027-03-14,09:00-12:00,2,2,9,6300,limited
TINV00138,CAR00309,2027-03-19,15:00-18:00,13,0,7,2909,available
TINV00139,CAR00167,2027-02-01,06:00-09:00,10,15,5,3276,limited
TINV00140,CAR00315,2026-12-26,21:00-00:00,20,11,6,3292,available
TINV00141,CAR00309,2027-03-02,18:00-21:00,15,3,3,6210,limited
TINV00142,CAR00105,2027-01-09,15:00-18:00,19,0,3,7750,limited
TINV00143,CAR00006,2026-12-04,06:00-09:00,8,9,0,6214,sold_out
TINV00144,CAR00144,2026-10-17,06:00-09:00,18,10,2,2255,available
TINV00145,CAR00287,2026-10-26,18:00-21:00,1,8,4,2959,limited
TINV00146,CAR00357,2026-12-06,06:00-09:00,20,9,1,4952,available
TINV00147,CAR00192,2027-01-24,09:00-12:00,3,9,4,1675,sold_out
TINV00148,CAR00351,2027-01-20,21:00-00:00,13,10,8,6194,sold_out
TINV00149,CAR00188,2027-01-31,21:00-00:00,15,6,5,2052,limited
TINV00150,CAR00118,2026-10-08,21:00-00:00,13,5,7,6038,limited
TINV00151,CAR00064,2026-11-20,06:00-09:00,10,13,7,5630,available
TINV00152,CAR00218,2026-12-29,18:00-21:00,17,9,3,6803,limited
TINV00153,CAR00234,2026-12-09,06:00-09:00,15,4,2,943,sold_out
TINV00154,CAR00409,2027-02-10,09:00-12:00,6,9,0,3876,limited
TINV00155,CAR00414,2027-02-20,21:00-00:00,5,3,5,6037,sold_out
TINV00156,CAR00357,2026-12-08,12:00-15:00,11,15,3,4343,sold_out
TINV00157,CAR00090,2026-12-13,09:00-12:00,7,6,1,3442,limited
TINV00158,CAR00404,2027-02-22,09:00-12:00,14,6,7,6342,available
TINV00159,CAR00439,2027-02-20,18:00-21:00,1,7,1,6162,sold_out
TINV00160,CAR00224,2027-02-23,15:00-18:00,16,7,8,2494,available
TINV00161,CAR00172,2027-01-18,09:00-12:00,4,9,2,4912,limited
TINV00162,CAR00247,2026-11-06,12:00-15:00,9,3,9,5300,limited
TINV00163,CAR00251,2026-10-28,18:00-21:00,15,15,3,5215,sold_out
TINV00164,CAR00447,2027-02-26,21:00-00:00,19,8,3,4670,limited
TINV00165,CAR00248,2026-10-20,06:00-09:00,15,0,1,5028,limited
TINV00166,CAR00139,2026-12-11,06:00-09:00,20,9,3,7292,sold_out
TINV00167,CAR00107,2026-11-21,15:00-18:00,2,4,2,7953,available
TINV00168,CAR00459,2026-11-27,12:00-15:00,6,13,5,2369,sold_out
TINV00169,CAR00029,2027-02-24,18:00-21:00,3,6,9,1316,available
TINV00170,CAR00325,2027-01-29,06:00-09:00,6,15,1,4916,sold_out
TINV00171,CAR00095,2026-12-26,15:00-18:00,1,8,10,3663,limited
TINV00172,CAR00182,2027-03-26,06:00-09:00,14,1,2,6285,available
TINV00173,CAR00019,2026-11-03,21:00-00:00,19,1,7,7679,sold_out
TINV00174,CAR00160,2027-01-01,18:00-21:00,10,12,4,4150,limited
TINV00175,CAR00334,2026-11-17,18:00-21:00,17,14,10,2497,sold_out
TINV00176,CAR00249,2027-02-07,15:00-18:00,16,1,5,1300,available
TINV00177,CAR00344,2026-11-08,12:00-15:00,16,11,7,3078,sold_out
TINV00178,CAR00469,2027-01-21,18:00-21:00,1,3,8,1772,limited
TINV00179,CAR00180,2027-01-19,09:00-12:00,17,11,0,4917,available
TINV00180,CAR00082,2027-02-02,21:00-00:00,20,9,8,360,limited
TINV00181,CAR00192,2027-02-13,09:00-12:00,9,6,7,3921,available
TINV00182,CAR00215,2027-03-17,12:00-15:00,10,15,2,537,sold_out
TINV00183,CAR00311,2027-03-02,15:00-18:00,1,10,6,3724,available
TINV00184,CAR00012,2027-03-18,21:00-00:00,12,9,9,7562,limited
TINV00185,CAR00075,2027-01-19,21:00-00:00,11,5,10,6616,sold_out
TINV00186,CAR00128,2027-03-06,21:00-00:00,6,13,5,627,available
TINV00187,CAR00225,2026-12-23,06:00-09:00,7,10,5,1559,sold_out
TINV00188,CAR00373,2027-03-09,06:00-09:00,8,5,5,5362,sold_out
TINV00189,CAR00295,2026-11-30,06:00-09:00,3,9,4,847,limited
TINV00190,CAR00374,2027-01-25,09:00-12:00,15,15,3,1756,limited
TINV00191,CAR00411,2026-10-07,09:00-12:00,13,15,1,7991,limited
TINV00192,CAR00358,2026-10-29,15:00-18:00,7,14,4,2514,available
TINV00193,CAR00173,2026-11-14,12:00-15:00,14,10,0,5469,limited
TINV00194,CAR00338,2026-12-22,15:00-18:00,20,10,7,5070,available
TINV00195,CAR00036,2027-02-28,21:00-00:00,18,14,10,3879,available
TINV00196,CAR00269,2027-01-12,21:00-00:00,6,1,7,7416,limited
TINV00197,CAR00398,2027-01-28,15:00-18:00,20,4,9,5165,available
TINV00198,CAR00176,2027-01-31,18:00-21:00,11,7,4,1899,sold_out
TINV00199,CAR00047,2027-03-19,15:00-18:00,2,4,7,2100,limited
TINV00200,CAR00372,2026-12-01,15:00-18:00,1,13,6,2402,sold_out
TINV00201,CAR00485,2027-02-01,21:00-00:00,5,5,4,3492,sold_out
TINV00202,CAR00098,2027-02-14,06:00-09:00,3,10,6,5754,limited
TINV00203,CAR00236,2026-12-11,12:00-15:00,19,11,3,1023,limited
TINV00204,CAR00362,2027-02-03,12:00-15:00,11,4,6,2407,available
TINV00205,CAR00491,2026-11-29,21:00-00:00,20,15,8,5710,available
TINV00206,CAR00363,2026-12-19,06:00-09:00,9,1,7,5254,available
TINV00207,CAR00178,2027-02-17,09:00-12:00,18,0,10,1766,limited
TINV00208,CAR00491,2027-03-27,18:00-21:00,2,2,2,1065,sold_out
TINV00209,CAR00027,2027-02-13,15:00-18:00,4,13,9,6254,sold_out
TINV00210,CAR00016,2026-12-26,21:00-00:00,13,4,3,7801,available
TINV00211,CAR00438,2027-02-27,12:00-15:00,14,9,10,3233,available
TINV00212,CAR00198,2027-02-25,21:00-00:00,10,13,4,4320,sold_out
TINV00213,CAR00418,2027-03-04,15:00-18:00,2,6,8,5526,sold_out
TINV00214,CAR00171,2026-11-24,18:00-21:00,8,3,0,5888,sold_out
TINV00215,CAR00368,2026-12-24,09:00-12:00,13,7,7,280,limited
TINV00216,CAR00314,2026-10-05,09:00-12:00,10,6,6,358,sold_out
TINV00217,CAR00227,2027-01-08,21:00-00:00,11,7,0,5969,available
TINV00218,CAR00155,2027-01-06,15:00-18:00,12,11,8,1552,available
TINV00219,CAR00306,2026-12-29,06:00-09:00,1,8,0,6613,limited
TINV00220,CAR00314,2026-12-15,18:00-21:00,19,7,3,7517,limited
TINV00221,CAR00498,2026-12-25,09:00-12:00,3,9,7,5459,available
TINV00222,CAR00246,2026-11-06,09:00-12:00,15,6,7,1627,limited
TINV00223,CAR00087,2027-03-19,18:00-21:00,15,9,0,7373,limited
TINV00224,CAR00226,2026-12-13,12:00-15:00,12,4,4,3015,limited
TINV00225,CAR00474,2027-03-22,09:00-12:00,4,4,0,3023,limited
TINV00226,CAR00238,2027-02-24,09:00-12:00,11,1,5,5642,sold_out
TINV00227,CAR00091,2026-10-10,12:00-15:00,3,3,10,6508,available
TINV00228,CAR00441,2026-12-06,21:00-00:00,9,3,1,7174,limited
TINV00229,CAR00314,2027-01-18,18:00-21:00,13,15,5,6810,available
TINV00230,CAR00291,2027-03-07,09:00-12:00,5,0,8,2072,available
TINV00231,CAR00439,2027-03-15,15:00-18:00,16,9,6,7014,sold_out
TINV00232,CAR00211,2027-03-27,21:00-00:00,20,5,6,2669,sold_out
TINV00233,CAR00389,2027-01-25,12:00-15:00,1,2,4,6016,available
TINV00234,CAR00344,2026-11-19,12:00-15:00,1,6,4,3966,limited
TINV00235,CAR00494,2027-01-20,06:00-09:00,2,15,1,7362,available
TINV00236,CAR00360,2027-02-26,06:00-09:00,10,12,3,5434,available
TINV00237,CAR00012,2026-11-25,09:00-12:00,14,2,2,4910,available
TINV00238,CAR00444,2027-03-21,09:00-12:00,10,7,3,6849,sold_out
TINV00239,CAR00468,2026-12-06,06:00-09:00,18,10,1,4058,available
TINV00240,CAR00333,2026-12-05,12:00-15:00,5,6,8,5057,sold_out
TINV00241,CAR00069,2026-12-08,12:00-15:00,7,13,0,7933,limited
TINV00242,CAR00024,2027-01-23,18:00-21:00,11,2,3,744,limited
TINV00243,CAR00069,2027-01-27,09:00-12:00,15,11,5,3790,sold_out
TINV00244,CAR00412,2027-02-14,18:00-21:00,4,0,2,5055,sold_out
TINV00245,CAR00412,2027-01-15,09:00-12:00,4,12,2,3832,limited
TINV00246,CAR00068,2026-12-01,15:00-18:00,13,14,3,6105,limited
TINV00247,CAR00030,2027-03-01,18:00-21:00,3,8,2,5792,limited
TINV00248,CAR00011,2027-01-24,18:00-21:00,7,0,0,7442,sold_out
TINV00249,CAR00209,2026-12-20,09:00-12:00,5,14,3,2652,sold_out
TINV00250,CAR00092,2026-12-15,06:00-09:00,20,2,0,7127,limited
TINV00251,CAR00468,2026-10-27,06:00-09:00,12,7,1,4995,sold_out
TINV00252,CAR00489,2027-03-25,09:00-12:00,15,6,0,1093,limited
TINV00253,CAR00464,2026-11-21,12:00-15:00,7,12,6,1812,sold_out
TINV00254,CAR00158,2026-12-01,09:00-12:00,13,6,0,7325,limited
TINV00255,CAR00254,2026-10-04,09:00-12:00,8,11,4,4155,limited
TINV00256,CAR00267,2027-02-10,12:00-15:00,12,11,3,3533,available
TINV00257,CAR00294,2027-03-14,15:00-18:00,11,14,3,4423,available
TINV00258,CAR00347,2026-10-06,21:00-00:00,11,8,10,1099,limited
TINV00259,CAR00190,2027-01-29,15:00-18:00,8,2,6,4203,limited
TINV00260,CAR00068,2027-01-24,12:00-15:00,5,5,5,1445,available
TINV00261,CAR00021,2026-12-10,09:00-12:00,18,1,8,7590,sold_out
TINV00262,CAR00151,2026-11-29,06:00-09:00,16,2,10,2864,available
TINV00263,CAR00473,2027-01-27,18:00-21:00,19,4,8,4073,sold_out
TINV00264,CAR00292,2026-10-24,18:00-21:00,20,15,5,272,limited
TINV00265,CAR00265,2027-03-22,18:00-21:00,10,12,3,5725,limited
TINV00266,CAR00174,2027-02-13,09:00-12:00,13,4,9,2947,available
TINV00267,CAR00160,2026-12-19,15:00-18:00,6,7,3,6495,sold_out
TINV00268,CAR00030,2027-03-20,18:00-21:00,17,2,7,5061,limited
TINV00269,CAR00421,2026-11-06,06:00-09:00,17,14,10,5797,available
TINV00270,CAR00295,2026-11-17,18:00-21:00,7,8,5,2723,limited
TINV00271,CAR00382,2026-10-12,15:00-18:00,7,13,1,5852,sold_out
TINV00272,CAR00282,2026-10-20,09:00-12:00,15,7,8,4103,available
TINV00273,CAR00494,2026-12-12,12:00-15:00,5,13,6,6028,sold_out
TINV00274,CAR00393,2027-03-19,21:00-00:00,4,2,5,1388,limited
TINV00275,CAR00066,2027-02-15,06:00-09:00,9,11,2,3425,sold_out
TINV00276,CAR00333,2026-10-03,09:00-12:00,5,1,8,3364,sold_out
TINV00277,CAR00288,2026-11-12,21:00-00:00,15,0,2,4373,sold_out
TINV00278,CAR00449,2027-01-08,15:00-18:00,15,12,9,972,limited
TINV00279,CAR00032,2026-12-20,12:00-15:00,17,8,4,5539,sold_out
TINV00280,CAR00385,2026-10-07,21:00-00:00,20,4,1,6360,sold_out
TINV00281,CAR00345,2027-01-03,06:00-09:00,19,4,7,3513,available
TINV00282,CAR00231,2027-02-08,12:00-15:00,4,4,9,6388,available
TINV00283,CAR00136,2027-01-28,18:00-21:00,17,12,9,3091,sold_out
TINV00284,CAR00087,2026-12-31,06:00-09:00,12,0,0,6627,available
TINV00285,CAR00252,2027-03-01,15:00-18:00,12,2,7,1281,limited
TINV00286,CAR00172,2026-10-27,06:00-09:00,20,11,9,5445,sold_out
TINV00287,CAR00031,2027-02-19,09:00-12:00,15,4,8,3745,sold_out
TINV00288,CAR00225,2026-10-08,06:00-09:00,17,12,0,4547,available
TINV00289,CAR00185,2026-12-01,21:00-00:00,2,12,10,6944,sold_out
TINV00290,CAR00081,2027-02-08,18:00-21:00,11,3,8,7999,sold_out
TINV00291,CAR00461,2026-11-16,18:00-21:00,3,6,9,5526,limited
TINV00292,CAR00374,2027-01-06,09:00-12:00,12,15,4,5983,available
TINV00293,CAR00490,2026-12-03,06:00-09:00,6,9,8,1420,available
TINV00294,CAR00091,2026-11-26,15:00-18:00,17,9,4,1707,sold_out
TINV00295,CAR00226,2026-11-05,06:00-09:00,1,4,3,6378,available
TINV00296,CAR00380,2027-01-12,12:00-15:00,15,15,4,4229,available
TINV00297,CAR00017,2027-02-08,15:00-18:00,14,1,0,437,sold_out
TINV00298,CAR00443,2027-03-20,09:00-12:00,3,7,8,5187,sold_out
TINV00299,CAR00446,2027-01-15,09:00-12:00,11,4,1,6771,sold_out
TINV00300,CAR00434,2026-12-11,18:00-21:00,9,6,6,6518,sold_out
TINV00301,CAR00027,2026-10-17,12:00-15:00,17,6,7,3184,limited
TINV00302,CAR00055,2027-02-12,09:00-12:00,16,4,4,3079,sold_out
TINV00303,CAR00179,2026-10-16,18:00-21:00,19,14,9,1543,limited
TINV00304,CAR00139,2026-11-21,09:00-12:00,13,0,9,2512,limited
TINV00305,CAR00350,2027-01-26,15:00-18:00,18,3,2,7365,sold_out
TINV00306,CAR00055,2026-12-02,18:00-21:00,11,15,8,7462,sold_out
TINV00307,CAR00156,2027-03-07,06:00-09:00,12,8,10,3938,limited
TINV00308,CAR00189,2026-12-28,12:00-15:00,6,3,8,512,limited
TINV00309,CAR00422,2027-02-05,12:00-15:00,4,5,5,7843,sold_out
TINV00310,CAR00050,2027-02-07,21:00-00:00,2,13,8,2256,limited
TINV00311,CAR00350,2026-12-30,21:00-00:00,17,4,10,727,sold_out
TINV00312,CAR00495,2026-12-05,06:00-09:00,15,4,2,4494,sold_out
TINV00313,CAR00380,2027-03-08,12:00-15:00,20,8,8,1453,limited
TINV00314,CAR00158,2026-10-30,09:00-12:00,18,5,3,7884,limited
TINV00315,CAR00215,2027-01-08,09:00-12:00,8,3,10,832,sold_out
TINV00316,CAR00382,2027-03-20,15:00-18:00,13,5,7,683,sold_out
TINV00317,CAR00434,2027-01-25,09:00-12:00,11,12,2,3309,available
TINV00318,CAR00475,2027-02-14,12:00-15:00,7,1,7,1624,available
TINV00319,CAR00490,2027-03-24,18:00-21:00,20,2,3,2926,limited
TINV00320,CAR00152,2026-11-19,12:00-15:00,15,0,10,2323,sold_out
TINV00321,CAR00153,2026-12-02,21:00-00:00,18,4,5,2709,limited
TINV00322,CAR00021,2027-03-28,21:00-00:00,7,13,6,652,sold_out
TINV00323,CAR00055,2027-03-19,15:00-18:00,16,3,10,1425,sold_out
TINV00324,CAR00131,2027-01-17,09:00-12:00,10,0,7,3341,sold_out
TINV00325,CAR00111,2027-03-16,09:00-12:00,17,6,1,6184,sold_out
TINV00326,CAR00404,2027-02-15,21:00-00:00,19,5,6,2559,limited
TINV00327,CAR00342,2026-10-14,18:00-21:00,11,1,5,6159,available
TINV00328,CAR00332,2026-11-14,12:00-15:00,8,11,10,7748,sold_out
TINV00329,CAR00395,2026-11-27,12:00-15:00,4,0,4,273,limited
TINV00330,CAR00462,2027-01-05,12:00-15:00,1,2,7,2674,sold_out
TINV00331,CAR00105,2027-01-12,09:00-12:00,9,1,5,5112,limited
TINV00332,CAR00278,2026-11-07,21:00-00:00,10,12,0,7719,available
TINV00333,CAR00174,2026-11-16,06:00-09:00,9,8,8,1118,sold_out
TINV00334,CAR00491,2026-11-28,09:00-12:00,7,14,7,1032,limited
TINV00335,CAR00315,2026-12-23,21:00-00:00,3,7,6,7280,limited
TINV00336,CAR00466,2026-12-18,18:00-21:00,17,11,10,2718,available
TINV00337,CAR00347,2026-10-22,15:00-18:00,19,0,4,7588,limited
TINV00338,CAR00447,2027-02-22,12:00-15:00,10,5,10,439,available
TINV00339,CAR00138,2027-03-03,21:00-00:00,17,6,9,4651,sold_out
TINV00340,CAR00424,2026-10-13,21:00-00:00,10,13,1,7240,sold_out
TINV00341,CAR00299,2026-10-28,21:00-00:00,17,15,7,6477,available
TINV00342,CAR00112,2026-11-27,21:00-00:00,14,14,5,674,available
TINV00343,CAR00133,2027-03-10,15:00-18:00,8,12,0,3770,available
TINV00344,CAR00340,2027-02-02,18:00-21:00,20,6,8,3303,sold_out
TINV00345,CAR00481,2027-02-20,21:00-00:00,13,7,9,6859,available
TINV00346,CAR00301,2027-03-11,15:00-18:00,6,7,5,4964,sold_out
TINV00347,CAR00070,2027-03-26,06:00-09:00,20,0,4,5228,sold_out
TINV00348,CAR00176,2026-11-18,18:00-21:00,8,8,9,6075,available
TINV00349,CAR00218,2026-12-19,09:00-12:00,16,9,7,4083,limited
TINV00350,CAR00459,2027-03-28,06:00-09:00,3,2,10,6825,limited
TINV00351,CAR00416,2027-01-07,15:00-18:00,6,7,1,7428,sold_out
TINV00352,CAR00151,2026-12-16,06:00-09:00,18,9,10,7576,sold_out
TINV00353,CAR00239,2027-01-04,12:00-15:00,13,14,5,6807,available
TINV00354,CAR00406,2027-03-05,21:00-00:00,1,4,4,2754,sold_out
TINV00355,CAR00194,2027-01-22,12:00-15:00,18,2,10,2147,sold_out
TINV00356,CAR00245,2027-01-28,21:00-00:00,20,1,8,6113,sold_out
TINV00357,CAR00325,2026-10-08,09:00-12:00,12,2,1,4581,limited
TINV00358,CAR00230,2026-11-11,06:00-09:00,20,11,0,2927,available
TINV00359,CAR00001,2027-02-21,21:00-00:00,10,9,5,2191,sold_out
TINV00360,CAR00500,2027-02-14,15:00-18:00,10,11,0,4139,sold_out
TINV00361,CAR00267,2026-12-11,09:00-12:00,10,8,0,5641,sold_out
TINV00362,CAR00066,2026-12-31,09:00-12:00,11,15,9,1868,sold_out
TINV00363,CAR00135,2026-10-28,06:00-09:00,3,11,3,6893,limited
TINV00364,CAR00048,2026-10-16,21:00-00:00,3,15,7,5392,available
TINV00365,CAR00401,2026-11-06,21:00-00:00,16,10,9,5324,sold_out
TINV00366,CAR00439,2027-02-05,09:00-12:00,1,13,4,3862,available
TINV00367,CAR00148,2026-12-01,21:00-00:00,7,7,1,3674,available
TINV00368,CAR00361,2026-10-18,12:00-15:00,19,8,2,2315,limited
TINV00369,CAR00476,2026-12-14,21:00-00:00,14,8,6,2169,limited
TINV00370,CAR00435,2027-02-17,06:00-09:00,5,2,8,539,limited
TINV00371,CAR00486,2027-03-11,06:00-09:00,8,14,2,5978,limited
TINV00372,CAR00055,2027-02-28,06:00-09:00,1,0,2,7214,available
TINV00373,CAR00460,2026-10-30,18:00-21:00,11,6,4,1660,limited
TINV00374,CAR00016,2026-12-12,15:00-18:00,14,15,7,2873,available
TINV00375,CAR00493,2026-11-18,18:00-21:00,20,6,0,4119,available
TINV00376,CAR00048,2027-03-02,18:00-21:00,20,4,6,298,limited
TINV00377,CAR00315,2026-12-06,12:00-15:00,3,2,10,4171,limited
TINV00378,CAR00041,2027-01-15,09:00-12:00,4,15,10,5529,limited
TINV00379,CAR00376,2026-12-20,21:00-00:00,16,15,3,7331,sold_out
TINV00380,CAR00484,2027-01-23,15:00-18:00,3,7,6,4869,limited
TINV00381,CAR00394,2027-01-12,18:00-21:00,5,5,6,3809,sold_out
TINV00382,CAR00140,2026-11-08,12:00-15:00,19,3,4,415,sold_out
TINV00383,CAR00136,2026-10-10,09:00-12:00,11,4,4,1582,limited
TINV00384,CAR00488,2027-01-21,15:00-18:00,4,3,3,907,available
TINV00385,CAR00143,2027-01-17,15:00-18:00,14,3,9,2130,limited
TINV00386,CAR00187,2026-11-18,12:00-15:00,20,0,10,7594,available
TINV00387,CAR00043,2026-12-24,06:00-09:00,7,11,9,6868,limited
TINV00388,CAR00364,2027-02-03,15:00-18:00,20,3,5,5108,sold_out
TINV00389,CAR00475,2027-02-01,09:00-12:00,16,1,6,7262,available
TINV00390,CAR00019,2027-02-19,21:00-00:00,8,15,10,950,sold_out
TINV00391,CAR00178,2027-01-10,15:00-18:00,4,8,7,916,sold_out
TINV00392,CAR00224,2027-03-02,21:00-00:00,17,0,9,7561,sold_out
TINV00393,CAR00264,2027-03-13,09:00-12:00,17,6,4,5211,available
TINV00394,CAR00027,2027-01-14,06:00-09:00,2,2,5,5818,available
TINV00395,CAR00474,2026-11-25,21:00-00:00,8,7,7,3936,sold_out
TINV00396,CAR00075,2027-03-23,12:00-15:00,3,3,6,2964,limited
TINV00397,CAR00320,2027-03-28,18:00-21:00,1,10,4,1446,limited
TINV00398,CAR00213,2027-02-10,18:00-21:00,2,8,10,3606,sold_out
TINV00399,CAR00457,2027-01-07,12:00-15:00,6,14,4,3632,limited
TINV00400,CAR00167,2027-02-25,18:00-21:00,17,2,0,2165,sold_out
TINV00401,CAR00467,2027-03-12,15:00-18:00,3,10,1,4612,limited
TINV00402,CAR00408,2027-02-07,15:00-18:00,8,5,9,2652,available
TINV00403,CAR00141,2027-02-21,12:00-15:00,7,11,3,3002,limited
TINV00404,CAR00029,2026-11-29,12:00-15:00,14,7,1,7952,available
TINV00405,CAR00464,2026-10-03,12:00-15:00,1,8,8,6019,sold_out
TINV00406,CAR00353,2026-10-21,15:00-18:00,18,5,10,3110,limited
TINV00407,CAR00323,2026-11-27,21:00-00:00,4,0,9,6760,limited
TINV00408,CAR00162,2027-01-29,12:00-15:00,9,14,5,7552,limited
TINV00409,CAR00116,2026-12-02,12:00-15:00,10,4,10,5799,available
TINV00410,CAR00168,2026-12-21,06:00-09:00,18,12,6,7553,sold_out
TINV00411,CAR00467,2026-12-22,06:00-09:00,5,7,2,264,available
TINV00412,CAR00478,2027-03-18,09:00-12:00,14,12,2,1475,available
TINV00413,CAR00143,2026-10-30,18:00-21:00,8,14,2,3624,sold_out
TINV00414,CAR00191,2027-01-19,18:00-21:00,5,9,9,417,available
TINV00415,CAR00220,2027-02-06,06:00-09:00,10,5,3,5505,available
TINV00416,CAR00047,2026-10-15,18:00-21:00,16,11,3,902,available
TINV00417,CAR00169,2026-11-03,06:00-09:00,12,2,3,4652,available
TINV00418,CAR00283,2026-11-25,21:00-00:00,16,3,0,3303,available
TINV00419,CAR00259,2027-01-11,18:00-21:00,10,12,4,7470,available
TINV00420,CAR00200,2026-11-24,09:00-12:00,5,15,2,2945,sold_out
TINV00421,CAR00327,2027-03-25,12:00-15:00,5,0,7,6478,available
TINV00422,CAR00474,2026-11-03,12:00-15:00,15,9,3,3979,available
TINV00423,CAR00147,2027-03-07,15:00-18:00,10,7,2,3165,available
TINV00424,CAR00384,2026-10-18,12:00-15:00,11,8,5,1178,available
TINV00425,CAR00208,2027-01-18,12:00-15:00,20,7,0,5266,limited
TINV00426,CAR00062,2027-02-04,09:00-12:00,18,3,4,1725,limited
TINV00427,CAR00068,2027-03-18,12:00-15:00,11,15,9,4447,sold_out
TINV00428,CAR00198,2026-11-05,15:00-18:00,6,9,2,4923,limited
TINV00429,CAR00063,2027-03-10,21:00-00:00,12,4,0,983,sold_out
TINV00430,CAR00409,2026-12-16,18:00-21:00,20,4,4,1513,available
TINV00431,CAR00319,2026-12-31,21:00-00:00,7,5,2,2725,sold_out
TINV00432,CAR00173,2027-01-14,06:00-09:00,1,13,10,6233,available
TINV00433,CAR00391,2026-12-17,15:00-18:00,10,0,9,824,sold_out
TINV00434,CAR00341,2027-02-17,18:00-21:00,13,6,1,3254,available
TINV00435,CAR00242,2027-03-12,18:00-21:00,1,12,7,542,available
TINV00436,CAR00277,2026-10-25,06:00-09:00,18,5,9,370,limited
TINV00437,CAR00294,2027-03-30,18:00-21:00,11,14,3,6686,sold_out
TINV00438,CAR00279,2027-01-03,15:00-18:00,2,12,6,1143,sold_out
TINV00439,CAR00158,2027-03-20,12:00-15:00,6,12,7,1521,limited
TINV00440,CAR00305,2027-03-04,18:00-21:00,6,1,5,3242,sold_out
TINV00441,CAR00480,2027-02-19,06:00-09:00,17,14,4,5157,available
TINV00442,CAR00476,2026-10-22,09:00-12:00,14,13,10,5485,limited
TINV00443,CAR00234,2027-03-28,09:00-12:00,5,13,4,3545,limited
TINV00444,CAR00496,2027-02-18,12:00-15:00,12,14,1,3932,limited
TINV00445,CAR00132,2027-03-15,21:00-00:00,3,6,10,3384,sold_out
TINV00446,CAR00158,2026-11-10,06:00-09:00,14,14,6,4210,sold_out
TINV00447,CAR00341,2027-01-06,06:00-09:00,10,15,2,3104,sold_out
TINV00448,CAR00141,2026-11-25,15:00-18:00,16,1,6,3667,available
TINV00449,CAR00310,2027-01-20,21:00-00:00,2,14,9,4601,limited
TINV00450,CAR00265,2026-11-14,06:00-09:00,19,11,3,2211,sold_out
TINV00451,CAR00023,2027-03-15,15:00-18:00,11,12,8,1830,sold_out
TINV00452,CAR00139,2026-10-22,15:00-18:00,16,13,10,7665,limited
TINV00453,CAR00356,2027-02-14,18:00-21:00,1,15,8,4027,sold_out
TINV00454,CAR00402,2027-01-13,21:00-00:00,2,4,5,299,available
TINV00455,CAR00498,2026-12-30,18:00-21:00,18,3,4,4534,available
TINV00456,CAR00381,2027-01-22,21:00-00:00,3,6,6,1472,sold_out
TINV00457,CAR00390,2027-03-15,12:00-15:00,11,6,10,2900,sold_out
TINV00458,CAR00482,2026-10-01,06:00-09:00,13,0,5,4924,sold_out
TINV00459,CAR00128,2027-02-28,21:00-00:00,13,6,6,7002,limited
TINV00460,CAR00336,2026-12-16,09:00-12:00,10,0,3,7587,limited
TINV00461,CAR00028,2027-03-16,12:00-15:00,5,2,8,3658,available
TINV00462,CAR00392,2027-02-17,21:00-00:00,17,13,6,5607,sold_out
TINV00463,CAR00106,2027-03-07,18:00-21:00,8,14,6,5389,sold_out
TINV00464,CAR00487,2027-01-13,06:00-09:00,18,14,4,4955,available
TINV00465,CAR00143,2026-11-01,21:00-00:00,17,7,7,1433,sold_out
TINV00466,CAR00166,2026-11-29,12:00-15:00,13,15,8,1664,sold_out
TINV00467,CAR00161,2027-02-26,06:00-09:00,10,14,4,6548,sold_out
TINV00468,CAR00413,2026-11-29,18:00-21:00,20,9,8,4805,limited
TINV00469,CAR00276,2026-10-08,18:00-21:00,7,8,2,2015,available
TINV00470,CAR00429,2026-11-19,09:00-12:00,1,3,2,5992,limited
TINV00471,CAR00264,2026-11-26,15:00-18:00,5,11,8,1632,sold_out
TINV00472,CAR00495,2026-11-22,09:00-12:00,20,11,6,7245,sold_out
TINV00473,CAR00350,2026-12-17,09:00-12:00,2,15,9,3986,sold_out
TINV00474,CAR00002,2027-01-23,09:00-12:00,6,13,9,4641,limited
TINV00475,CAR00285,2027-03-13,06:00-09:00,7,12,1,5283,limited
TINV00476,CAR00204,2027-03-12,15:00-18:00,5,2,4,5000,available
TINV00477,CAR00318,2027-02-15,18:00-21:00,10,0,1,2521,available
TINV00478,CAR00023,2027-03-20,06:00-09:00,3,11,8,2724,sold_out
TINV00479,CAR00315,2027-01-17,15:00-18:00,4,0,6,7254,available
TINV00480,CAR00425,2027-01-01,06:00-09:00,19,15,9,5671,limited
TINV00481,CAR00074,2026-11-01,15:00-18:00,10,1,9,3829,sold_out
TINV00482,CAR00449,2026-10-15,09:00-12:00,14,0,9,7447,sold_out
TINV00483,CAR00303,2027-03-29,21:00-00:00,18,7,2,7385,limited
TINV00484,CAR00100,2027-03-17,15:00-18:00,18,14,7,2986,sold_out
TINV00485,CAR00444,2027-01-11,06:00-09:00,6,9,8,5065,available
TINV00486,CAR00478,2027-02-08,18:00-21:00,1,11,9,6145,sold_out
TINV00487,CAR00490,2027-03-28,21:00-00:00,20,5,1,2243,available
TINV00488,CAR00316,2026-12-25,12:00-15:00,15,14,9,6977,available
TINV00489,CAR00056,2026-10-17,18:00-21:00,10,4,5,5409,sold_out
TINV00490,CAR00286,2027-03-19,15:00-18:00,14,9,6,6618,sold_out
TINV00491,CAR00100,2026-12-10,06:00-09:00,7,13,5,3487,limited
TINV00492,CAR00173,2027-02-25,12:00-15:00,2,8,3,7107,available
TINV00493,CAR00333,2026-10-13,12:00-15:00,13,7,1,6829,available
TINV00494,CAR00033,2026-12-20,06:00-09:00,15,15,7,5443,limited
TINV00495,CAR00167,2027-01-20,21:00-00:00,13,13,5,531,available
TINV00496,CAR00425,2026-12-09,09:00-12:00,12,15,1,5190,sold_out
TINV00497,CAR00287,2026-12-12,21:00-00:00,14,7,9,5832,available
TINV00498,CAR00104,2027-01-05,09:00-12:00,10,2,1,6581,limited
TINV00499,CAR00458,2027-01-25,21:00-00:00,20,11,0,1777,limited
TINV00500,CAR00317,2027-02-21,15:00-18:00,19,1,2,5219,sold_out
