payment_id,booking_id,customer_id,transaction_reference,amount,currency,payment_method,payment_status,gateway,created_at,failure_reason
PAY000001,BK000468,CUST00258,TXN74786336,112331,INR,Wallet,failed,PayU,2027-03-07,invalid_payment
PAY000002,BK000934,CUST00087,TXN56138964,112984,INR,Credit Card,refunded,PayU,2026-10-08,
PAY000003,BK000235,CUST00226,TXN36602767,22682,INR,Credit Card,success,Stripe,2026-10-15,
PAY000004,BK000663,CUST00163,TXN78661278,46532,INR,Net Banking,success,Razorpay,2026-11-05,
PAY000005,BK000805,CUST00284,TXN65377422,36980,INR,Net Banking,success,Cashfree,2026-12-25,
PAY000006,BK000778,CUST00027,TXN70048635,86614,INR,Net Banking,pending,Stripe,2026-12-03,
PAY000007,BK000234,CUST00074,TXN20655733,78119,INR,UPI,refunded,Razorpay,2026-12-28,
PAY000008,BK000406,CUST00281,TXN54005262,101810,INR,Debit Card,success,Stripe,2026-10-14,
PAY000009,BK000841,CUST00096,TXN36730443,50878,INR,Wallet,success,PayU,2026-10-15,
PAY000010,BK000486,CUST00114,TXN80209923,48391,INR,Net Banking,success,PayU,2027-03-14,
PAY000011,BK000310,CUST00050,TXN97572565,64092,INR,Net Banking,success,Razorpay,2026-11-14,
PAY000012,BK000130,CUST00205,TXN40722945,50005,INR,Net Banking,success,Stripe,2027-01-08,
PAY000013,BK000930,CUST00241,TXN75319612,31273,INR,Net Banking,success,Stripe,2026-12-19,
PAY000014,BK000341,CUST00069,TXN34242235,110154,INR,Debit Card,success,Cashfree,2026-11-15,
PAY000015,BK000099,CUST00006,TXN42959525,98368,INR,Wallet,success,Razorpay,2026-12-22,
PAY000016,BK000369,CUST00134,TXN35469407,71014,INR,Debit Card,pending,Cashfree,2027-03-11,
PAY000017,BK000162,CUST00093,TXN84333637,44289,INR,Debit Card,success,Razorpay,2027-03-21,
PAY000018,BK000442,CUST00011,TXN99281075,84743,INR,Net Banking,success,Cashfree,2026-10-16,
PAY000019,BK000656,CUST00205,TXN98515611,19651,INR,Credit Card,success,PayU,2027-01-31,
PAY000020,BK000570,CUST00013,TXN77448493,32950,INR,Wallet,success,PayU,2026-10-14,
PAY000021,BK000883,CUST00195,TXN87471067,44647,INR,Wallet,success,Razorpay,2026-10-06,
PAY000022,BK000033,CUST00267,TXN62508923,110089,INR,Wallet,success,Razorpay,2027-03-16,
PAY000023,BK000134,CUST00187,TXN79247495,62781,INR,UPI,pending,Cashfree,2027-03-20,
PAY000024,BK000937,CUST00299,TXN17000501,87774,INR,Net Banking,failed,Cashfree,2027-01-14,gateway_timeout
PAY000025,BK000060,CUST00208,TXN44015094,83390,INR,Debit Card,success,Stripe,2027-02-07,
PAY000026,BK000315,CUST00107,TXN73937824,99493,INR,UPI,success,Cashfree,2026-11-04,
PAY000027,BK000043,CUST00260,TXN99020512,91990,INR,Net Banking,success,PayU,2026-11-29,
PAY000028,BK000311,CUST00233,TXN58182914,28019,INR,Credit Card,success,Cashfree,2026-11-02,
PAY000029,BK000614,CUST00244,TXN33714246,17622,INR,Wallet,success,Razorpay,2027-01-18,
PAY000030,BK000498,CUST00114,TXN27774758,67581,INR,Credit Card,success,PayU,2027-01-03,
PAY000031,BK000599,CUST00044,TXN47851731,10685,INR,Net Banking,success,Cashfree,2026-12-22,
PAY000032,BK000829,CUST00032,TXN24379733,84229,INR,Wallet,success,PayU,2026-10-18,
PAY000033,BK000406,CUST00067,TXN37052954,48320,INR,UPI,success,Razorpay,2026-10-06,
PAY000034,BK000772,CUST00198,TXN93564202,61636,INR,Debit Card,failed,Stripe,2027-03-19,bank_declined
PAY000035,BK000947,CUST00007,TXN27525091,40199,INR,UPI,pending,Razorpay,2027-03-06,
PAY000036,BK000832,CUST00022,TXN12632864,39727,INR,Credit Card,success,PayU,2026-12-24,
PAY000037,BK000491,CUST00228,TXN63984123,77194,INR,Wallet,success,Cashfree,2026-12-05,
PAY000038,BK000382,CUST00019,TXN21806325,87279,INR,Wallet,refunded,Stripe,2027-01-09,
PAY000039,BK000785,CUST00167,TXN32157666,63581,INR,UPI,pending,PayU,2026-11-19,
PAY000040,BK000993,CUST00075,TXN76422936,92795,INR,Credit Card,refunded,Cashfree,2026-12-31,
PAY000041,BK000368,CUST00249,TXN68159673,117406,INR,Credit Card,success,PayU,2026-12-24,
PAY000042,BK000089,CUST00194,TXN23781467,116671,INR,Debit Card,success,Stripe,2026-11-30,
PAY000043,BK000833,CUST00071,TXN54862033,69781,INR,UPI,success,Stripe,2026-11-25,
PAY000044,BK000730,CUST00191,TXN26381290,6482,INR,Credit Card,success,PayU,2026-12-25,
PAY000045,BK000008,CUST00152,TXN25282197,106481,INR,UPI,failed,Stripe,2026-12-23,bank_declined
PAY000046,BK000656,CUST00189,TXN44398595,80910,INR,Wallet,failed,Stripe,2027-03-06,bank_declined
PAY000047,BK000055,CUST00071,TXN45029137,36226,INR,Net Banking,success,Razorpay,2027-02-03,
PAY000048,BK000349,CUST00079,TXN23402167,22610,INR,Credit Card,success,Stripe,2027-02-16,
PAY000049,BK000053,CUST00209,TXN94452947,74100,INR,Net Banking,success,Razorpay,2026-12-16,
PAY000050,BK000860,CUST00069,TXN83501912,63132,INR,UPI,failed,Cashfree,2026-11-29,invalid_payment
PAY000051,BK000984,CUST00120,TXN17268271,71929,INR,Debit Card,failed,Cashfree,2027-01-21,insufficient_funds
PAY000052,BK000585,CUST00275,TXN31910794,66349,INR,Wallet,refunded,Stripe,2027-01-03,
PAY000053,BK000315,CUST00255,TXN98395895,46671,INR,Net Banking,refunded,PayU,2027-01-29,
PAY000054,BK000589,CUST00044,TXN73019732,57023,INR,Debit Card,success,Stripe,2027-03-30,
PAY000055,BK000919,CUST00018,TXN68250741,104132,INR,Net Banking,success,Cashfree,2027-03-08,
PAY000056,BK000311,CUST00083,TXN24617464,85023,INR,Net Banking,success,Stripe,2026-12-04,
PAY000057,BK000024,CUST00156,TXN72705746,12049,INR,Wallet,success,Razorpay,2027-01-29,
PAY000058,BK000536,CUST00115,TXN64634973,21902,INR,Wallet,failed,Cashfree,2027-01-24,gateway_timeout
PAY000059,BK000683,CUST00007,TXN90364350,34405,INR,Debit Card,pending,Razorpay,2026-10-31,
PAY000060,BK000132,CUST00069,TXN22722951,92398,INR,Wallet,success,PayU,2027-03-10,
PAY000061,BK000168,CUST00206,TXN85801650,113400,INR,Credit Card,success,PayU,2026-11-19,
PAY000062,BK000929,CUST00102,TXN41137900,33915,INR,Net Banking,success,Razorpay,2027-02-18,
PAY000063,BK000658,CUST00252,TXN77808820,98994,INR,Debit Card,success,Cashfree,2026-10-27,
PAY000064,BK000656,CUST00170,TXN81360047,21851,INR,Wallet,success,Cashfree,2026-10-31,
PAY000065,BK000901,CUST00036,TXN71298616,102001,INR,Credit Card,success,Razorpay,2026-12-29,
PAY000066,BK000482,CUST00017,TXN53041495,9709,INR,Wallet,refunded,Razorpay,2026-11-09,
PAY000067,BK000709,CUST00021,TXN84974813,103992,INR,Wallet,pending,PayU,2026-12-01,
PAY000068,BK000923,CUST00006,TXN57652701,108674,INR,Wallet,pending,PayU,2026-11-28,
PAY000069,BK000272,CUST00092,TXN75215131,64962,INR,Net Banking,success,Cashfree,2026-10-31,
PAY000070,BK000320,CUST00003,TXN43428094,6169,INR,Wallet,refunded,Cashfree,2027-03-01,
PAY000071,BK000716,CUST00120,TXN22309460,10808,INR,Debit Card,success,PayU,2027-02-03,
PAY000072,BK000691,CUST00276,TXN55205212,2115,INR,Debit Card,success,Stripe,2027-02-09,
PAY000073,BK000206,CUST00205,TXN35276358,10622,INR,Credit Card,success,Razorpay,2027-02-05,
PAY000074,BK000342,CUST00028,TXN35887231,21819,INR,Net Banking,success,Cashfree,2026-10-27,
PAY000075,BK000218,CUST00273,TXN75215658,69680,INR,Credit Card,failed,Stripe,2026-11-23,gateway_timeout
PAY000076,BK000287,CUST00227,TXN17267976,111478,INR,Wallet,success,Razorpay,2027-03-29,
PAY000077,BK000011,CUST00243,TXN60270879,9536,INR,Debit Card,success,Stripe,2027-03-23,
PAY000078,BK000776,CUST00001,TXN81923257,48145,INR,Wallet,success,Cashfree,2026-12-24,
PAY000079,BK000819,CUST00277,TXN86694140,52335,INR,Wallet,success,PayU,2027-02-01,
PAY000080,BK000134,CUST00018,TXN42144415,96163,INR,Debit Card,success,Cashfree,2026-10-24,
PAY000081,BK000076,CUST00239,TXN99383804,99233,INR,Credit Card,success,Razorpay,2027-02-11,
PAY000082,BK000206,CUST00196,TXN88734015,83739,INR,Net Banking,success,Stripe,2026-11-26,
PAY000083,BK000624,CUST00074,TXN32614720,52879,INR,UPI,failed,PayU,2026-10-16,bank_declined
PAY000084,BK000982,CUST00120,TXN90141766,69039,INR,Debit Card,failed,Stripe,2026-12-19,insufficient_funds
PAY000085,BK000557,CUST00286,TXN18825530,79910,INR,Debit Card,success,Stripe,2026-10-18,
PAY000086,BK000554,CUST00086,TXN66702221,20070,INR,UPI,success,Cashfree,2026-10-20,
PAY000087,BK000039,CUST00009,TXN85314331,24412,INR,Credit Card,success,PayU,2027-02-24,
PAY000088,BK000300,CUST00126,TXN27519127,8206,INR,UPI,success,Stripe,2027-02-08,
PAY000089,BK000995,CUST00267,TXN93757138,57138,INR,Credit Card,refunded,Razorpay,2026-10-25,
PAY000090,BK000588,CUST00177,TXN78518511,112437,INR,UPI,success,Stripe,2026-10-30,
PAY000091,BK000602,CUST00300,TXN32196639,4588,INR,Debit Card,failed,Cashfree,2026-12-08,bank_declined
PAY000092,BK000023,CUST00072,TXN75521228,49693,INR,UPI,success,Cashfree,2026-11-25,
PAY000093,BK000723,CUST00244,TXN29618276,46840,INR,UPI,success,Razorpay,2026-12-24,
PAY000094,BK000824,CUST00162,TXN81958668,39590,INR,Credit Card,failed,Razorpay,2026-12-28,invalid_payment
PAY000095,BK000527,CUST00113,TXN25381740,2505,INR,Credit Card,success,Razorpay,2026-11-12,
PAY000096,BK000132,CUST00090,TXN77822958,44343,INR,Net Banking,pending,PayU,2027-01-12,
PAY000097,BK000079,CUST00046,TXN29979337,81863,INR,Debit Card,failed,Stripe,2027-03-26,invalid_payment
PAY000098,BK000621,CUST00257,TXN15991911,104340,INR,Wallet,success,Stripe,2027-01-27,
PAY000099,BK000172,CUST00296,TXN12754017,65789,INR,Net Banking,success,Razorpay,2027-01-22,
PAY000100,BK000831,CUST00259,TXN80697164,50437,INR,Net Banking,success,Cashfree,2027-02-26,
PAY000101,BK000301,CUST00041,TXN92217227,115132,INR,UPI,refunded,Stripe,2027-02-08,
PAY000102,BK000224,CUST00133,TXN69697442,13124,INR,Debit Card,success,Razorpay,2027-01-07,
PAY000103,BK000160,CUST00216,TXN52187898,14136,INR,UPI,pending,Cashfree,2026-11-21,
PAY000104,BK000980,CUST00240,TXN66667788,61959,INR,Credit Card,refunded,Razorpay,2026-12-04,
PAY000105,BK000312,CUST00296,TXN37568404,2805,INR,Wallet,success,Razorpay,2026-10-14,
PAY000106,BK000157,CUST00243,TXN75042030,78610,INR,Credit Card,success,Cashfree,2027-02-09,
PAY000107,BK000103,CUST00194,TXN16689469,57116,INR,Debit Card,pending,Razorpay,2027-03-02,
PAY000108,BK000174,CUST00059,TXN50415199,81149,INR,Credit Card,success,PayU,2027-02-06,
PAY000109,BK000463,CUST00243,TXN38809001,102100,INR,Wallet,success,Cashfree,2027-03-16,
PAY000110,BK000193,CUST00270,TXN13049129,82192,INR,Net Banking,refunded,Stripe,2026-10-11,
PAY000111,BK000364,CUST00167,TXN72927814,41702,INR,UPI,success,Stripe,2026-12-23,
PAY000112,BK000263,CUST00079,TXN43271950,63715,INR,Credit Card,success,PayU,2026-10-18,
PAY000113,BK000182,CUST00202,TXN24320799,78534,INR,Net Banking,success,PayU,2027-02-03,
PAY000114,BK000085,CUST00205,TXN12394072,97715,INR,Credit Card,success,Razorpay,2026-11-30,
PAY000115,BK000102,CUST00022,TXN96115738,58499,INR,Net Banking,pending,PayU,2026-10-29,
PAY000116,BK000871,CUST00273,TXN12918981,60575,INR,UPI,success,Cashfree,2026-10-25,
PAY000117,BK000799,CUST00111,TXN60232385,18426,INR,Wallet,success,Cashfree,2027-03-09,
PAY000118,BK000589,CUST00161,TXN18208840,95615,INR,Credit Card,success,Razorpay,2027-01-23,
PAY000119,BK000691,CUST00259,TXN34787649,100208,INR,UPI,pending,Razorpay,2027-02-20,
PAY000120,BK000588,CUST00147,TXN63169715,79694,INR,Debit Card,success,Stripe,2026-11-19,
PAY000121,BK000306,CUST00263,TXN45082114,15501,INR,Debit Card,failed,Razorpay,2027-01-25,invalid_payment
PAY000122,BK000284,CUST00026,TXN18797327,63605,INR,UPI,failed,Stripe,2027-02-15,invalid_payment
PAY000123,BK000779,CUST00111,TXN71798258,77224,INR,UPI,pending,PayU,2027-03-05,
PAY000124,BK000804,CUST00240,TXN22983836,117476,INR,Debit Card,success,Cashfree,2026-12-15,
PAY000125,BK000734,CUST00065,TXN14540434,15508,INR,Wallet,success,Razorpay,2027-03-22,
PAY000126,BK000667,CUST00145,TXN89121692,64212,INR,UPI,success,Stripe,2027-03-28,
PAY000127,BK000295,CUST00096,TXN48381784,51737,INR,Debit Card,pending,Stripe,2027-01-10,
PAY000128,BK000434,CUST00133,TXN76185635,15535,INR,Debit Card,success,Razorpay,2027-01-31,
PAY000129,BK000997,CUST00250,TXN97962947,34737,INR,UPI,success,PayU,2026-10-29,
PAY000130,BK000463,CUST00242,TXN22486145,103157,INR,UPI,failed,Razorpay,2026-12-31,insufficient_funds
PAY000131,BK000504,CUST00033,TXN16590639,109201,INR,Credit Card,success,Stripe,2026-11-13,
PAY000132,BK000899,CUST00247,TXN70640305,24550,INR,Net Banking,failed,Cashfree,2027-01-07,insufficient_funds
PAY000133,BK000348,CUST00283,TXN81082904,97784,INR,Debit Card,success,PayU,2026-10-22,
PAY000134,BK000382,CUST00257,TXN40412410,67234,INR,Net Banking,refunded,Cashfree,2026-10-19,
PAY000135,BK000101,CUST00050,TXN23256700,27312,INR,Debit Card,refunded,Razorpay,2026-12-28,
PAY000136,BK000048,CUST00049,TXN10786150,54632,INR,Debit Card,success,PayU,2027-01-18,
PAY000137,BK000161,CUST00269,TXN59465642,62792,INR,Credit Card,success,PayU,2027-03-24,
PAY000138,BK000452,CUST00190,TXN62348028,101093,INR,Credit Card,failed,Cashfree,2027-02-26,invalid_payment
PAY000139,BK000247,CUST00076,TXN90647752,23443,INR,Wallet,refunded,Stripe,2026-10-27,
PAY000140,BK000936,CUST00217,TXN52539401,40744,INR,Wallet,pending,Stripe,2027-02-20,
PAY000141,BK000025,CUST00122,TXN47653692,10985,INR,Net Banking,success,PayU,2027-02-11,
PAY000142,BK000609,CUST00017,TXN19599824,79564,INR,UPI,success,Stripe,2026-10-27,
PAY000143,BK000957,CUST00190,TXN76472528,36754,INR,Wallet,success,Cashfree,2027-03-08,
PAY000144,BK000466,CUST00018,TXN75301509,41555,INR,UPI,success,Razorpay,2026-10-19,
PAY000145,BK000264,CUST00300,TXN64694817,80114,INR,UPI,success,PayU,2027-02-14,
PAY000146,BK000022,CUST00122,TXN23907717,8336,INR,Credit Card,success,Cashfree,2027-03-15,
PAY000147,BK000304,CUST00231,TXN55640866,36996,INR,UPI,pending,Cashfree,2027-03-04,
PAY000148,BK000976,CUST00277,TXN48136814,4805,INR,UPI,pending,Stripe,2027-03-17,
PAY000149,BK000266,CUST00166,TXN83850880,56766,INR,UPI,success,Cashfree,2026-11-30,
PAY000150,BK000458,CUST00246,TXN83488450,78547,INR,Debit Card,pending,Razorpay,2026-10-30,
PAY000151,BK000326,CUST00025,TXN73385174,64586,INR,Debit Card,success,PayU,2027-01-02,
PAY000152,BK000934,CUST00157,TXN83882888,58271,INR,Debit Card,success,Razorpay,2027-02-08,
PAY000153,BK000241,CUST00121,TXN63100533,5638,INR,Wallet,success,Cashfree,2027-01-17,
PAY000154,BK000079,CUST00031,TXN73667674,46299,INR,Wallet,failed,Stripe,2026-11-09,insufficient_funds
PAY000155,BK000456,CUST00087,TXN53170525,74913,INR,Debit Card,success,PayU,2027-03-01,
PAY000156,BK000688,CUST00251,TXN92981740,45289,INR,UPI,success,Razorpay,2027-03-21,
PAY000157,BK000083,CUST00029,TXN48408672,40393,INR,Net Banking,success,Cashfree,2026-10-16,
PAY000158,BK000874,CUST00108,TXN19290774,66013,INR,Debit Card,success,PayU,2026-12-19,
PAY000159,BK000865,CUST00150,TXN88062842,5277,INR,Credit Card,success,PayU,2026-12-17,
PAY000160,BK000326,CUST00169,TXN67664983,55190,INR,Debit Card,success,Stripe,2026-11-13,
PAY000161,BK000913,CUST00201,TXN73673318,56244,INR,Credit Card,success,Razorpay,2027-01-15,
PAY000162,BK000787,CUST00224,TXN92334990,71826,INR,Debit Card,success,Razorpay,2027-01-11,
PAY000163,BK000830,CUST00226,TXN68851211,10002,INR,Debit Card,refunded,Cashfree,2026-10-15,
PAY000164,BK000832,CUST00130,TXN72217880,112739,INR,Wallet,refunded,Cashfree,2027-03-18,
PAY000165,BK000704,CUST00206,TXN53187868,22957,INR,Wallet,success,Razorpay,2027-03-09,
PAY000166,BK000850,CUST00229,TXN42876042,11815,INR,Wallet,success,Cashfree,2027-02-28,
PAY000167,BK000607,CUST00207,TXN14691751,35233,INR,Wallet,pending,PayU,2027-01-03,
PAY000168,BK000944,CUST00075,TXN53739250,78933,INR,Credit Card,success,PayU,2027-03-23,
PAY000169,BK000042,CUST00171,TXN91954920,17857,INR,Debit Card,success,Stripe,2027-03-26,
PAY000170,BK000585,CUST00279,TXN10132406,18923,INR,Net Banking,success,Cashfree,2027-03-25,
PAY000171,BK000821,CUST00160,TXN93525050,50129,INR,UPI,failed,Cashfree,2026-10-04,insufficient_funds
PAY000172,BK000169,CUST00249,TXN49025502,86469,INR,Net Banking,success,Cashfree,2027-01-02,
PAY000173,BK000341,CUST00099,TXN70800966,94010,INR,Debit Card,success,Razorpay,2026-10-07,
PAY000174,BK000621,CUST00275,TXN61045034,67026,INR,Credit Card,success,PayU,2026-10-12,
PAY000175,BK000795,CUST00057,TXN37701986,96101,INR,Wallet,success,PayU,2026-11-11,
PAY000176,BK000420,CUST00033,TXN51229179,102352,INR,Debit Card,success,PayU,2027-03-23,
PAY000177,BK000316,CUST00210,TXN46561657,24941,INR,Wallet,success,Cashfree,2027-02-23,
PAY000178,BK000383,CUST00130,TXN80790541,54868,INR,Wallet,success,Stripe,2027-03-14,
PAY000179,BK000846,CUST00029,TXN28073095,105369,INR,Net Banking,success,PayU,2026-12-26,
PAY000180,BK000720,CUST00295,TXN63219153,39085,INR,Net Banking,success,Razorpay,2027-03-08,
PAY000181,BK000348,CUST00148,TXN86494432,94951,INR,Credit Card,success,Razorpay,2027-03-01,
PAY000182,BK000379,CUST00086,TXN40322344,86023,INR,Wallet,success,PayU,2026-10-08,
PAY000183,BK000600,CUST00178,TXN65989589,60703,INR,Net Banking,refunded,Cashfree,2026-11-28,
PAY000184,BK000896,CUST00062,TXN62527622,112946,INR,UPI,success,Razorpay,2027-01-25,
PAY000185,BK000186,CUST00148,TXN75551353,41164,INR,Wallet,success,Razorpay,2026-10-21,
PAY000186,BK000978,CUST00238,TXN35653503,76427,INR,UPI,success,Stripe,2026-12-12,
PAY000187,BK000137,CUST00052,TXN21926209,57928,INR,Wallet,success,PayU,2026-11-22,
PAY000188,BK000980,CUST00093,TXN38885011,105255,INR,Debit Card,success,Cashfree,2026-10-26,
PAY000189,BK000661,CUST00076,TXN69441119,35919,INR,Credit Card,success,Cashfree,2026-12-06,
PAY000190,BK000748,CUST00054,TXN49818737,114813,INR,Debit Card,refunded,Cashfree,2026-11-30,
PAY000191,BK000439,CUST00006,TXN40092752,66960,INR,Debit Card,success,Razorpay,2026-10-16,
PAY000192,BK000411,CUST00294,TXN69084742,65891,INR,UPI,success,Cashfree,2027-03-23,
PAY000193,BK000698,CUST00167,TXN46225943,100597,INR,Wallet,success,Razorpay,2026-10-10,
PAY000194,BK000858,CUST00263,TXN74350839,34767,INR,Wallet,success,PayU,2027-03-14,
PAY000195,BK000202,CUST00300,TXN85264572,1305,INR,Net Banking,success,Stripe,2026-11-02,
PAY000196,BK000131,CUST00287,TXN11922402,73681,INR,Net Banking,success,Cashfree,2027-01-24,
PAY000197,BK000809,CUST00252,TXN71837892,23840,INR,Credit Card,pending,Stripe,2026-11-10,
PAY000198,BK000816,CUST00063,TXN62273169,95251,INR,Debit Card,success,Cashfree,2026-10-25,
PAY000199,BK000957,CUST00182,TXN94887516,94973,INR,Debit Card,pending,Cashfree,2027-01-07,
PAY000200,BK000222,CUST00106,TXN71383878,10824,INR,Credit Card,success,Stripe,2026-11-15,
PAY000201,BK000529,CUST00244,TXN44291025,117630,INR,Wallet,success,Razorpay,2026-11-29,
PAY000202,BK000841,CUST00011,TXN18098689,44483,INR,Net Banking,failed,PayU,2026-12-14,gateway_timeout
PAY000203,BK000160,CUST00196,TXN76005752,32287,INR,UPI,success,Cashfree,2026-12-20,
PAY000204,BK000864,CUST00094,TXN53446481,110420,INR,Credit Card,success,Cashfree,2027-01-26,
PAY000205,BK000044,CUST00189,TXN90278618,90732,INR,Debit Card,success,Stripe,2027-03-14,
PAY000206,BK000750,CUST00277,TXN42551733,66023,INR,Debit Card,success,PayU,2027-03-20,
PAY000207,BK000575,CUST00265,TXN71711711,94213,INR,UPI,failed,Razorpay,2027-03-28,gateway_timeout
PAY000208,BK000914,CUST00226,TXN61777020,40176,INR,Net Banking,success,Cashfree,2026-12-31,
PAY000209,BK000078,CUST00149,TXN62148248,101167,INR,Net Banking,success,Cashfree,2027-01-12,
PAY000210,BK000986,CUST00088,TXN48702798,4868,INR,Credit Card,success,Cashfree,2027-03-27,
PAY000211,BK000623,CUST00273,TXN66982543,96536,INR,Wallet,success,Stripe,2026-10-13,
PAY000212,BK000297,CUST00058,TXN97764768,66582,INR,Net Banking,failed,Razorpay,2026-11-26,bank_declined
PAY000213,BK000516,CUST00178,TXN54146744,100895,INR,Wallet,success,Cashfree,2027-01-12,
PAY000214,BK000577,CUST00241,TXN30761798,32483,INR,Credit Card,success,Razorpay,2027-01-30,
PAY000215,BK000894,CUST00256,TXN90180218,113910,INR,Debit Card,failed,PayU,2027-03-11,invalid_payment
PAY000216,BK000962,CUST00205,TXN84500552,110880,INR,Debit Card,failed,Stripe,2027-01-04,invalid_payment
PAY000217,BK000136,CUST00081,TXN55091872,35414,INR,UPI,success,PayU,2026-12-06,
PAY000218,BK000919,CUST00069,TXN34414878,43025,INR,Wallet,success,Stripe,2026-10-13,
PAY000219,BK000056,CUST00223,TXN69018490,83890,INR,Wallet,success,Stripe,2026-11-25,
PAY000220,BK000413,CUST00183,TXN55406018,114851,INR,Wallet,success,Cashfree,2027-02-27,
PAY000221,BK000199,CUST00158,TXN85916852,7614,INR,Net Banking,success,Razorpay,2026-12-06,
PAY000222,BK000587,CUST00123,TXN88836851,93791,INR,Credit Card,failed,Razorpay,2026-12-09,invalid_payment
PAY000223,BK000646,CUST00208,TXN70296699,13935,INR,UPI,failed,PayU,2027-02-01,gateway_timeout
PAY000224,BK000421,CUST00249,TXN15396751,71621,INR,Debit Card,success,Razorpay,2027-02-26,
PAY000225,BK000794,CUST00103,TXN38683321,7323,INR,Debit Card,success,Stripe,2027-01-08,
PAY000226,BK000886,CUST00045,TXN70871001,114792,INR,Credit Card,success,PayU,2026-11-10,
PAY000227,BK000471,CUST00063,TXN76505509,103212,INR,UPI,failed,Cashfree,2027-02-15,bank_declined
PAY000228,BK000016,CUST00040,TXN92112367,69234,INR,Debit Card,success,Cashfree,2026-10-25,
PAY000229,BK000863,CUST00140,TXN75686092,118706,INR,Debit Card,failed,Cashfree,2027-02-03,insufficient_funds
PAY000230,BK000681,CUST00066,TXN36293749,18047,INR,Credit Card,success,Cashfree,2027-03-03,
PAY000231,BK000823,CUST00167,TXN91023756,72445,INR,Wallet,success,PayU,2026-12-06,
PAY000232,BK000563,CUST00240,TXN73968135,119342,INR,Credit Card,success,PayU,2027-01-10,
PAY000233,BK000606,CUST00108,TXN35020392,103458,INR,Net Banking,pending,PayU,2027-01-20,
PAY000234,BK000921,CUST00216,TXN90636832,119661,INR,Debit Card,success,Stripe,2026-12-11,
PAY000235,BK000288,CUST00154,TXN17650315,109072,INR,Credit Card,success,Stripe,2026-11-16,
PAY000236,BK000543,CUST00160,TXN44049246,1481,INR,Wallet,success,PayU,2026-11-14,
PAY000237,BK000558,CUST00219,TXN56072577,47222,INR,UPI,failed,PayU,2027-01-26,invalid_payment
PAY000238,BK000039,CUST00052,TXN48835934,21212,INR,Credit Card,success,Stripe,2027-02-17,
PAY000239,BK000237,CUST00201,TXN71781523,89470,INR,UPI,success,Razorpay,2026-10-17,
PAY000240,BK000560,CUST00193,TXN50664407,94499,INR,Net Banking,pending,Cashfree,2026-10-20,
PAY000241,BK000055,CUST00189,TXN93824673,48386,INR,UPI,success,Cashfree,2026-11-29,
PAY000242,BK000899,CUST00149,TXN40742491,17696,INR,UPI,success,Stripe,2026-10-24,
PAY000243,BK000773,CUST00208,TXN60839296,77414,INR,Debit Card,success,Razorpay,2027-02-10,
PAY000244,BK000450,CUST00095,TXN80479538,3519,INR,Credit Card,failed,PayU,2026-12-19,gateway_timeout
PAY000245,BK000260,CUST00172,TXN41401420,113281,INR,UPI,success,PayU,2027-01-31,
PAY000246,BK000856,CUST00084,TXN73782175,39418,INR,Debit Card,success,Razorpay,2027-03-28,
PAY000247,BK000738,CUST00188,TXN67100263,23299,INR,Credit Card,success,Cashfree,2026-12-22,
PAY000248,BK000018,CUST00172,TXN86934084,106691,INR,Debit Card,success,Stripe,2027-03-29,
PAY000249,BK001000,CUST00139,TXN55950580,99295,INR,Debit Card,failed,Stripe,2026-12-28,invalid_payment
PAY000250,BK000694,CUST00263,TXN13573237,55701,INR,Net Banking,success,PayU,2026-10-30,
PAY000251,BK000727,CUST00107,TXN88967537,30401,INR,Net Banking,success,PayU,2027-02-28,
PAY000252,BK000249,CUST00173,TXN48198764,53857,INR,Debit Card,pending,Razorpay,2027-01-03,
PAY000253,BK000694,CUST00252,TXN86069732,59956,INR,Wallet,failed,Cashfree,2026-10-12,insufficient_funds
PAY000254,BK000260,CUST00259,TXN38911474,17180,INR,Wallet,success,Razorpay,2026-12-28,
PAY000255,BK000912,CUST00085,TXN15865168,33935,INR,Wallet,success,PayU,2026-10-09,
PAY000256,BK000900,CUST00190,TXN32018903,90016,INR,Wallet,success,Razorpay,2027-03-04,
PAY000257,BK000497,CUST00284,TXN16924502,32222,INR,Wallet,failed,Cashfree,2027-01-31,invalid_payment
PAY000258,BK000496,CUST00149,TXN71215937,2634,INR,Wallet,refunded,PayU,2026-12-02,
PAY000259,BK000464,CUST00183,TXN68450787,88454,INR,Net Banking,success,Cashfree,2026-10-11,
PAY000260,BK000465,CUST00064,TXN74743186,62061,INR,Net Banking,success,Razorpay,2027-03-21,
PAY000261,BK000015,CUST00082,TXN11182240,40362,INR,Net Banking,success,PayU,2027-03-21,
PAY000262,BK000564,CUST00009,TXN30674827,2440,INR,Credit Card,failed,Stripe,2027-03-14,bank_declined
PAY000263,BK000677,CUST00014,TXN96743406,91404,INR,Net Banking,refunded,Cashfree,2027-02-23,
PAY000264,BK000739,CUST00212,TXN10863794,46516,INR,UPI,refunded,Cashfree,2027-03-14,
PAY000265,BK000116,CUST00034,TXN42243537,48868,INR,Credit Card,success,Stripe,2027-01-12,
PAY000266,BK000540,CUST00036,TXN50564510,61973,INR,Wallet,success,Razorpay,2027-03-09,
PAY000267,BK000354,CUST00269,TXN43956762,113658,INR,Debit Card,success,Razorpay,2027-03-14,
PAY000268,BK000921,CUST00155,TXN91502655,2425,INR,Net Banking,success,PayU,2026-11-16,
PAY000269,BK000668,CUST00158,TXN13716487,98393,INR,Wallet,success,Cashfree,2026-11-29,
PAY000270,BK000304,CUST00257,TXN50566911,104318,INR,Wallet,success,Razorpay,2026-11-27,
PAY000271,BK000397,CUST00212,TXN28619630,64390,INR,Wallet,success,Razorpay,2026-12-01,
PAY000272,BK000408,CUST00022,TXN51083070,32579,INR,UPI,success,PayU,2027-02-04,
PAY000273,BK000112,CUST00247,TXN21181939,66433,INR,UPI,success,Cashfree,2026-10-04,
PAY000274,BK000889,CUST00023,TXN92409409,32247,INR,UPI,success,PayU,2026-11-26,
PAY000275,BK000182,CUST00016,TXN39261830,30768,INR,Net Banking,refunded,Razorpay,2027-01-24,
PAY000276,BK000371,CUST00225,TXN85785328,46597,INR,Debit Card,failed,Stripe,2026-12-04,gateway_timeout
PAY000277,BK000950,CUST00016,TXN53363052,55270,INR,UPI,success,Stripe,2026-10-24,
PAY000278,BK000412,CUST00159,TXN72582837,113423,INR,Credit Card,success,Razorpay,2026-11-15,
PAY000279,BK000038,CUST00215,TXN26367478,76489,INR,Debit Card,success,Stripe,2027-03-27,
PAY000280,BK001000,CUST00195,TXN61525932,68167,INR,Credit Card,pending,Stripe,2026-12-04,
PAY000281,BK000142,CUST00156,TXN91435795,65798,INR,Wallet,pending,Razorpay,2026-12-19,
PAY000282,BK000748,CUST00274,TXN57234709,97839,INR,Net Banking,success,Stripe,2027-03-15,
PAY000283,BK000085,CUST00240,TXN37359984,71429,INR,Net Banking,success,Stripe,2027-03-07,
PAY000284,BK000366,CUST00074,TXN53211428,111772,INR,UPI,success,PayU,2027-02-23,
PAY000285,BK000519,CUST00190,TXN78045688,13554,INR,Net Banking,success,Cashfree,2026-10-05,
PAY000286,BK000618,CUST00187,TXN32271477,29118,INR,Net Banking,success,Stripe,2026-10-27,
PAY000287,BK000655,CUST00217,TXN93368501,81453,INR,Debit Card,success,Razorpay,2026-11-16,
PAY000288,BK000747,CUST00220,TXN11571002,31135,INR,UPI,pending,Cashfree,2027-03-03,
PAY000289,BK000363,CUST00060,TXN79876999,80416,INR,Credit Card,failed,Cashfree,2026-11-19,gateway_timeout
PAY000290,BK000615,CUST00122,TXN36030153,87118,INR,Credit Card,success,Stripe,2026-11-28,
PAY000291,BK000071,CUST00124,TXN17476851,79642,INR,UPI,pending,Stripe,2026-12-26,
PAY000292,BK000266,CUST00257,TXN26604791,115355,INR,Debit Card,success,Razorpay,2026-12-17,
PAY000293,BK000797,CUST00279,TXN17517021,105884,INR,Net Banking,success,PayU,2026-10-18,
PAY000294,BK000450,CUST00005,TXN40732479,17318,INR,Net Banking,success,Stripe,2027-03-24,
PAY000295,BK000462,CUST00058,TXN19868126,115685,INR,Debit Card,refunded,PayU,2027-01-08,
PAY000296,BK000155,CUST00284,TXN56719368,102847,INR,UPI,failed,PayU,2027-01-22,gateway_timeout
PAY000297,BK000139,CUST00272,TXN48575671,58351,INR,Net Banking,success,Stripe,2026-10-18,
PAY000298,BK000231,CUST00156,TXN99598657,2879,INR,Debit Card,success,Stripe,2026-10-25,
PAY000299,BK000986,CUST00211,TXN38170176,43558,INR,UPI,success,Razorpay,2026-10-01,
PAY000300,BK000637,CUST00151,TXN30713867,20034,INR,Net Banking,pending,PayU,2026-10-28,
PAY000301,BK000388,CUST00290,TXN79819580,76765,INR,Net Banking,pending,Stripe,2026-12-23,
PAY000302,BK000659,CUST00208,TXN12214008,48005,INR,Net Banking,pending,Cashfree,2026-11-23,
PAY000303,BK000555,CUST00263,TXN98699621,69330,INR,Credit Card,success,PayU,2027-01-03,
PAY000304,BK000031,CUST00295,TXN81848079,77122,INR,Debit Card,success,Cashfree,2027-01-24,
PAY000305,BK000365,CUST00149,TXN43084851,58906,INR,UPI,success,Stripe,2026-10-13,
PAY000306,BK000794,CUST00070,TXN84721571,36197,INR,Credit Card,success,Razorpay,2026-12-15,
PAY000307,BK000165,CUST00048,TXN41767901,103189,INR,Credit Card,success,Cashfree,2026-12-31,
PAY000308,BK000348,CUST00120,TXN68281772,85594,INR,Net Banking,success,Cashfree,2026-10-23,
PAY000309,BK000341,CUST00117,TXN87154762,64621,INR,Net Banking,success,Razorpay,2026-11-20,
PAY000310,BK000888,CUST00217,TXN46954869,41672,INR,Net Banking,success,PayU,2027-02-09,
PAY000311,BK000017,CUST00215,TXN80783758,33350,INR,Debit Card,pending,Stripe,2026-11-06,
PAY000312,BK000487,CUST00090,TXN73297481,49363,INR,Net Banking,success,Cashfree,2026-11-20,
PAY000313,BK000066,CUST00010,TXN82397074,90206,INR,Net Banking,pending,Cashfree,2027-01-13,
PAY000314,BK000979,CUST00033,TXN24807552,49470,INR,Wallet,failed,Cashfree,2026-12-17,gateway_timeout
PAY000315,BK000826,CUST00086,TXN66149902,94752,INR,Debit Card,success,Razorpay,2027-02-18,
PAY000316,BK000141,CUST00236,TXN51409994,79462,INR,Credit Card,success,Stripe,2026-11-19,
PAY000317,BK000415,CUST00104,TXN37186241,114535,INR,UPI,refunded,Stripe,2027-02-23,
PAY000318,BK000403,CUST00224,TXN33577037,101314,INR,Wallet,refunded,PayU,2026-12-26,
PAY000319,BK000624,CUST00023,TXN99150774,73969,INR,UPI,success,Cashfree,2026-10-01,
PAY000320,BK000976,CUST00156,TXN29511227,83490,INR,UPI,success,Razorpay,2026-10-03,
PAY000321,BK000898,CUST00195,TXN60593422,114526,INR,Wallet,success,PayU,2026-12-20,
PAY000322,BK000201,CUST00192,TXN73304753,53153,INR,Debit Card,failed,PayU,2027-01-01,insufficient_funds
PAY000323,BK000337,CUST00153,TXN46663659,22154,INR,Debit Card,success,Stripe,2027-01-11,
PAY000324,BK000958,CUST00140,TXN38223881,116693,INR,Net Banking,success,Cashfree,2027-01-07,
PAY000325,BK000413,CUST00051,TXN21040990,116247,INR,Debit Card,success,Stripe,2027-02-07,
PAY000326,BK000524,CUST00183,TXN73888969,29484,INR,Credit Card,success,PayU,2026-12-30,
PAY000327,BK000354,CUST00148,TXN71847221,36588,INR,UPI,success,Cashfree,2027-02-27,
PAY000328,BK000777,CUST00209,TXN74757320,99053,INR,UPI,success,Stripe,2026-11-02,
PAY000329,BK000082,CUST00220,TXN76108492,73449,INR,Debit Card,failed,Cashfree,2026-11-29,bank_declined
PAY000330,BK000549,CUST00180,TXN75641395,2016,INR,Credit Card,success,Stripe,2026-10-12,
PAY000331,BK000932,CUST00275,TXN10382206,78590,INR,UPI,success,Stripe,2026-12-02,
PAY000332,BK000320,CUST00006,TXN98982924,13414,INR,Net Banking,pending,PayU,2026-11-25,
PAY000333,BK000933,CUST00168,TXN15845407,59995,INR,Wallet,failed,Stripe,2026-12-17,gateway_timeout
PAY000334,BK000786,CUST00212,TXN44664020,7714,INR,Credit Card,success,Razorpay,2026-12-20,
PAY000335,BK000557,CUST00103,TXN45749599,26372,INR,Net Banking,failed,Stripe,2026-11-25,gateway_timeout
PAY000336,BK000206,CUST00253,TXN66452136,8619,INR,Net Banking,pending,PayU,2026-12-09,
PAY000337,BK000300,CUST00263,TXN84818643,98555,INR,Debit Card,failed,Cashfree,2027-02-07,insufficient_funds
PAY000338,BK000854,CUST00055,TXN84771207,55959,INR,Credit Card,success,PayU,2026-11-02,
PAY000339,BK000555,CUST00208,TXN29428896,91870,INR,UPI,success,Cashfree,2027-02-13,
PAY000340,BK000247,CUST00244,TXN12419381,95778,INR,Wallet,success,PayU,2026-10-13,
PAY000341,BK000293,CUST00165,TXN40366425,83164,INR,Debit Card,success,Razorpay,2026-10-20,
PAY000342,BK000523,CUST00113,TXN76975259,95252,INR,Net Banking,success,Cashfree,2027-01-06,
PAY000343,BK000938,CUST00080,TXN26199774,11935,INR,UPI,pending,Stripe,2026-11-18,
PAY000344,BK000887,CUST00240,TXN38372804,5669,INR,Credit Card,success,Razorpay,2026-12-06,
PAY000345,BK000393,CUST00087,TXN70967898,101453,INR,Debit Card,failed,Razorpay,2026-12-23,invalid_payment
PAY000346,BK000920,CUST00200,TXN96989598,11778,INR,Debit Card,refunded,Stripe,2027-02-22,
PAY000347,BK000148,CUST00182,TXN60268713,68780,INR,Net Banking,success,PayU,2027-02-14,
PAY000348,BK000150,CUST00034,TXN18980156,23671,INR,Wallet,success,Cashfree,2027-03-19,
PAY000349,BK000068,CUST00192,TXN62012419,117664,INR,Credit Card,success,Cashfree,2027-01-18,
PAY000350,BK000443,CUST00224,TXN67497805,85782,INR,Wallet,success,Razorpay,2026-10-23,
PAY000351,BK000071,CUST00174,TXN79958514,119518,INR,UPI,success,Cashfree,2026-11-28,
PAY000352,BK000430,CUST00299,TXN85983617,108181,INR,Wallet,pending,Razorpay,2027-01-09,
PAY000353,BK000974,CUST00156,TXN94932048,90495,INR,Wallet,pending,Cashfree,2027-02-20,
PAY000354,BK000149,CUST00149,TXN57496746,42972,INR,Credit Card,success,Cashfree,2026-12-07,
PAY000355,BK000443,CUST00296,TXN56623358,94674,INR,Net Banking,success,Cashfree,2027-01-22,
PAY000356,BK000461,CUST00152,TXN42055946,109663,INR,Net Banking,failed,PayU,2027-02-09,invalid_payment
PAY000357,BK000782,CUST00284,TXN19142677,31618,INR,UPI,failed,Stripe,2027-03-12,invalid_payment
PAY000358,BK000791,CUST00144,TXN67093146,41845,INR,Credit Card,success,Stripe,2027-03-29,
PAY000359,BK000693,CUST00194,TXN60107334,67589,INR,UPI,failed,Razorpay,2027-02-19,bank_declined
PAY000360,BK000993,CUST00191,TXN39579938,10087,INR,Wallet,pending,Cashfree,2027-03-23,
PAY000361,BK000220,CUST00194,TXN22705720,84103,INR,UPI,success,Razorpay,2027-03-12,
PAY000362,BK000784,CUST00106,TXN43335086,6576,INR,Credit Card,success,Stripe,2026-12-28,
PAY000363,BK000607,CUST00262,TXN88945519,90545,INR,UPI,success,Razorpay,2027-02-05,
PAY000364,BK000586,CUST00233,TXN75170837,95412,INR,Net Banking,failed,Stripe,2026-11-19,gateway_timeout
PAY000365,BK000585,CUST00126,TXN34532154,10771,INR,Wallet,success,Cashfree,2026-11-11,
PAY000366,BK000099,CUST00230,TXN86828053,10440,INR,Net Banking,success,Razorpay,2027-01-08,
PAY000367,BK000917,CUST00152,TXN65620434,59406,INR,Debit Card,success,Razorpay,2026-11-23,
PAY000368,BK000578,CUST00033,TXN61188668,103355,INR,Debit Card,success,PayU,2027-01-13,
PAY000369,BK000631,CUST00287,TXN87524030,31799,INR,Wallet,success,Cashfree,2026-11-01,
PAY000370,BK000677,CUST00005,TXN77491199,109987,INR,Wallet,success,Stripe,2026-12-30,
PAY000371,BK000855,CUST00008,TXN68700413,39571,INR,Credit Card,success,Razorpay,2027-01-01,
PAY000372,BK000721,CUST00065,TXN94205259,78894,INR,UPI,success,Razorpay,2026-12-06,
PAY000373,BK000103,CUST00281,TXN46617012,67112,INR,Credit Card,success,PayU,2026-12-30,
PAY000374,BK000242,CUST00287,TXN18882397,110347,INR,Debit Card,success,Stripe,2027-01-02,
PAY000375,BK000784,CUST00088,TXN36074258,38542,INR,Net Banking,success,PayU,2026-10-12,
PAY000376,BK000513,CUST00137,TXN42522951,60188,INR,Wallet,refunded,PayU,2027-03-21,
PAY000377,BK000804,CUST00187,TXN37774220,73970,INR,Credit Card,pending,Stripe,2027-03-26,
PAY000378,BK000295,CUST00235,TXN75628750,72999,INR,Net Banking,success,Cashfree,2026-11-03,
PAY000379,BK000499,CUST00175,TXN92504840,31659,INR,Wallet,success,Stripe,2027-01-28,
PAY000380,BK000660,CUST00171,TXN52474676,53816,INR,UPI,refunded,Razorpay,2027-02-14,
PAY000381,BK000439,CUST00151,TXN12857729,76867,INR,Credit Card,success,Razorpay,2027-01-30,
PAY000382,BK000928,CUST00212,TXN31044657,21196,INR,Credit Card,pending,PayU,2026-10-03,
PAY000383,BK000422,CUST00005,TXN68351756,59618,INR,UPI,success,PayU,2027-02-14,
PAY000384,BK000442,CUST00153,TXN92765071,77407,INR,UPI,success,Razorpay,2027-03-07,
PAY000385,BK000561,CUST00202,TXN56665251,82662,INR,Net Banking,pending,Cashfree,2026-10-21,
PAY000386,BK000047,CUST00249,TXN50099605,78122,INR,Wallet,pending,Razorpay,2026-11-05,
PAY000387,BK000849,CUST00189,TXN56988447,9960,INR,UPI,refunded,PayU,2027-03-28,
PAY000388,BK000964,CUST00067,TXN29376135,52711,INR,Net Banking,failed,PayU,2026-10-15,invalid_payment
PAY000389,BK000564,CUST00239,TXN23508139,88891,INR,Debit Card,success,Stripe,2027-03-05,
PAY000390,BK000045,CUST00098,TXN61319627,4238,INR,Net Banking,failed,PayU,2026-11-14,invalid_payment
PAY000391,BK000639,CUST00055,TXN69837363,2308,INR,Wallet,pending,Cashfree,2026-10-05,
PAY000392,BK000172,CUST00179,TXN30187056,60384,INR,Wallet,success,Stripe,2027-02-13,
PAY000393,BK000934,CUST00094,TXN51570072,113181,INR,Net Banking,pending,Stripe,2027-03-20,
PAY000394,BK000329,CUST00092,TXN57068637,70714,INR,Credit Card,pending,Razorpay,2026-10-10,
PAY000395,BK000610,CUST00007,TXN91811215,69576,INR,UPI,pending,Cashfree,2026-10-17,
PAY000396,BK000843,CUST00010,TXN70323351,35837,INR,Debit Card,success,Stripe,2026-10-05,
PAY000397,BK000109,CUST00009,TXN40025791,71229,INR,Credit Card,pending,PayU,2027-02-06,
PAY000398,BK000425,CUST00090,TXN63216467,4615,INR,UPI,success,PayU,2026-11-05,
PAY000399,BK000881,CUST00113,TXN83874978,61777,INR,Credit Card,success,Razorpay,2027-01-12,
PAY000400,BK000423,CUST00224,TXN40460975,26165,INR,UPI,success,Stripe,2026-11-21,
PAY000401,BK000861,CUST00142,TXN55163126,82152,INR,Credit Card,success,Razorpay,2027-03-06,
PAY000402,BK000834,CUST00134,TXN81715687,9841,INR,Credit Card,success,Razorpay,2026-10-30,
PAY000403,BK000318,CUST00247,TXN25400042,62601,INR,UPI,success,Stripe,2026-12-30,
PAY000404,BK000187,CUST00174,TXN64625453,42179,INR,Credit Card,success,Razorpay,2027-01-29,
PAY000405,BK000369,CUST00063,TXN89179174,50339,INR,Credit Card,failed,PayU,2027-03-07,invalid_payment
PAY000406,BK000966,CUST00110,TXN54774048,117009,INR,UPI,success,Cashfree,2026-11-21,
PAY000407,BK000521,CUST00175,TXN69006384,108281,INR,Net Banking,success,Cashfree,2026-11-07,
PAY000408,BK000197,CUST00223,TXN92072667,92504,INR,UPI,success,Razorpay,2027-03-08,
PAY000409,BK000097,CUST00162,TXN78335310,33614,INR,Wallet,success,PayU,2026-12-26,
PAY000410,BK000214,CUST00276,TXN57501155,8930,INR,Wallet,failed,Stripe,2027-02-28,bank_declined
PAY000411,BK000863,CUST00069,TXN56324197,49557,INR,Credit Card,success,Razorpay,2026-10-03,
PAY000412,BK000416,CUST00295,TXN86879799,23014,INR,Credit Card,failed,Razorpay,2026-11-03,bank_declined
PAY000413,BK000995,CUST00052,TXN21582953,84300,INR,Credit Card,success,PayU,2027-01-21,
PAY000414,BK000473,CUST00205,TXN92979188,73886,INR,Wallet,refunded,Cashfree,2027-03-24,
PAY000415,BK000351,CUST00052,TXN62216993,53193,INR,UPI,refunded,PayU,2027-01-20,
PAY000416,BK000523,CUST00224,TXN59217566,27549,INR,UPI,success,Cashfree,2027-02-18,
PAY000417,BK000453,CUST00250,TXN96961559,57753,INR,Debit Card,success,Cashfree,2027-02-25,
PAY000418,BK000723,CUST00128,TXN74599202,13012,INR,Wallet,success,Razorpay,2027-03-09,
PAY000419,BK000741,CUST00150,TXN92915130,12904,INR,Net Banking,refunded,PayU,2027-03-25,
PAY000420,BK000605,CUST00108,TXN33688149,77630,INR,Net Banking,pending,Razorpay,2027-03-11,
PAY000421,BK000469,CUST00066,TXN40927408,28478,INR,Wallet,success,Stripe,2027-03-11,
PAY000422,BK000844,CUST00142,TXN88152567,42445,INR,Credit Card,success,Cashfree,2027-03-12,
PAY000423,BK000729,CUST00293,TXN58072926,68965,INR,Debit Card,success,Cashfree,2027-03-26,
PAY000424,BK000523,CUST00010,TXN54613278,117361,INR,Net Banking,success,Stripe,2026-10-25,
PAY000425,BK000489,CUST00151,TXN60971663,114890,INR,UPI,success,Cashfree,2026-11-22,
PAY000426,BK000031,CUST00100,TXN46157788,49778,INR,UPI,success,Stripe,2027-03-09,
PAY000427,BK000271,CUST00259,TXN47492048,84632,INR,Wallet,success,Cashfree,2026-12-01,
PAY000428,BK000031,CUST00014,TXN91483600,24220,INR,UPI,success,PayU,2026-10-01,
PAY000429,BK000850,CUST00073,TXN62640561,29090,INR,Credit Card,success,PayU,2026-12-28,
PAY000430,BK000324,CUST00091,TXN59932169,55371,INR,Wallet,refunded,Razorpay,2027-02-03,
PAY000431,BK000489,CUST00122,TXN15397281,83913,INR,Debit Card,pending,Razorpay,2026-12-07,
PAY000432,BK000255,CUST00242,TXN67729371,105433,INR,Debit Card,failed,PayU,2027-03-13,invalid_payment
PAY000433,BK000345,CUST00078,TXN39198844,8162,INR,Credit Card,success,Stripe,2026-11-28,
PAY000434,BK000637,CUST00132,TXN46316379,56311,INR,Credit Card,pending,Razorpay,2027-03-28,
PAY000435,BK000473,CUST00247,TXN57638903,14603,INR,Credit Card,success,Cashfree,2026-12-09,
PAY000436,BK000418,CUST00067,TXN34336293,32831,INR,Debit Card,success,PayU,2026-11-23,
PAY000437,BK000154,CUST00034,TXN63908950,86449,INR,Credit Card,failed,Cashfree,2027-03-09,invalid_payment
PAY000438,BK000714,CUST00235,TXN81058136,2391,INR,Wallet,refunded,Stripe,2027-01-14,
PAY000439,BK000348,CUST00194,TXN83689358,83454,INR,UPI,success,Cashfree,2026-10-25,
PAY000440,BK000228,CUST00063,TXN48917278,2643,INR,Debit Card,success,Razorpay,2026-12-03,
PAY000441,BK000541,CUST00202,TXN13616099,107338,INR,Credit Card,success,Cashfree,2026-11-02,
PAY000442,BK000768,CUST00083,TXN63594646,64199,INR,Credit Card,success,Razorpay,2026-11-11,
PAY000443,BK000846,CUST00234,TXN17579490,33350,INR,Net Banking,success,Cashfree,2027-01-20,
PAY000444,BK000127,CUST00240,TXN31749243,36572,INR,Wallet,success,Stripe,2026-10-18,
PAY000445,BK000207,CUST00297,TXN80916143,41519,INR,UPI,success,Cashfree,2026-10-30,
PAY000446,BK000288,CUST00248,TXN42582503,37514,INR,Credit Card,pending,Cashfree,2027-03-20,
PAY000447,BK000154,CUST00238,TXN78068990,42314,INR,Wallet,success,Razorpay,2026-12-23,
PAY000448,BK000779,CUST00104,TXN89223187,70043,INR,UPI,success,Razorpay,2027-01-27,
PAY000449,BK000556,CUST00242,TXN20457497,6266,INR,Wallet,success,PayU,2027-01-21,
PAY000450,BK000056,CUST00288,TXN33061889,42931,INR,Wallet,success,PayU,2026-12-15,
PAY000451,BK000998,CUST00118,TXN10428728,55025,INR,UPI,success,Cashfree,2026-10-13,
PAY000452,BK000598,CUST00168,TXN64197002,8771,INR,Wallet,success,PayU,2026-12-14,
PAY000453,BK000097,CUST00161,TXN18906787,60107,INR,Debit Card,success,Stripe,2027-01-14,
PAY000454,BK000622,CUST00275,TXN43619443,5960,INR,Wallet,success,Stripe,2026-10-22,
PAY000455,BK000594,CUST00020,TXN89666587,100608,INR,Net Banking,failed,PayU,2026-12-14,gateway_timeout
PAY000456,BK000844,CUST00137,TXN20491026,25719,INR,Credit Card,success,PayU,2027-02-23,
PAY000457,BK000576,CUST00209,TXN36652387,111542,INR,UPI,success,Cashfree,2027-03-11,
PAY000458,BK000707,CUST00111,TXN11982622,59336,INR,UPI,success,Razorpay,2027-02-25,
PAY000459,BK000440,CUST00243,TXN11831010,88950,INR,Credit Card,pending,Stripe,2026-11-08,
PAY000460,BK000576,CUST00102,TXN37239262,69766,INR,Credit Card,success,Razorpay,2026-12-30,
PAY000461,BK000096,CUST00051,TXN31771435,46301,INR,Credit Card,pending,Razorpay,2027-03-06,
PAY000462,BK000082,CUST00155,TXN54119722,96737,INR,UPI,success,PayU,2026-12-23,
PAY000463,BK000294,CUST00242,TXN44471605,3816,INR,UPI,success,Razorpay,2027-03-28,
PAY000464,BK000577,CUST00079,TXN97254238,17293,INR,Credit Card,success,Cashfree,2027-03-02,
PAY000465,BK000091,CUST00250,TXN73799364,78367,INR,UPI,success,Stripe,2027-03-11,
PAY000466,BK000656,CUST00109,TXN29231982,53244,INR,Credit Card,success,Stripe,2027-03-27,
PAY000467,BK000685,CUST00212,TXN67814524,57067,INR,Credit Card,success,PayU,2026-11-11,
PAY000468,BK000232,CUST00255,TXN11242378,81796,INR,Wallet,success,PayU,2027-02-13,
PAY000469,BK000861,CUST00283,TXN71888145,8599,INR,Credit Card,success,Razorpay,2027-01-18,
PAY000470,BK000307,CUST00197,TXN42713551,51868,INR,Wallet,success,Stripe,2027-01-01,
PAY000471,BK000793,CUST00181,TXN46779199,85808,INR,UPI,failed,Razorpay,2026-10-14,gateway_timeout
PAY000472,BK000109,CUST00045,TXN65236481,26244,INR,Wallet,success,Razorpay,2026-12-08,
PAY000473,BK000857,CUST00105,TXN94819929,946,INR,Credit Card,success,Stripe,2027-01-17,
PAY000474,BK000620,CUST00202,TXN78609976,30692,INR,UPI,pending,Cashfree,2027-02-16,
PAY000475,BK000585,CUST00207,TXN38424102,104456,INR,Credit Card,success,Cashfree,2026-12-23,
PAY000476,BK000611,CUST00218,TXN66504293,68539,INR,UPI,refunded,Razorpay,2026-12-13,
PAY000477,BK000807,CUST00092,TXN77171910,24361,INR,Net Banking,success,Stripe,2026-11-06,
PAY000478,BK000891,CUST00192,TXN64023332,111748,INR,Wallet,failed,Cashfree,2026-12-13,invalid_payment
PAY000479,BK000453,CUST00075,TXN43328064,18862,INR,Debit Card,success,PayU,2027-02-08,
PAY000480,BK000379,CUST00171,TXN22942172,111696,INR,Debit Card,success,Razorpay,2026-11-15,
PAY000481,BK000769,CUST00163,TXN11234815,41976,INR,Credit Card,success,Stripe,2027-01-02,
PAY000482,BK000703,CUST00128,TXN95186347,4999,INR,Debit Card,success,Razorpay,2026-12-05,
PAY000483,BK000721,CUST00178,TXN61208154,13723,INR,Credit Card,success,Cashfree,2026-11-27,
PAY000484,BK000507,CUST00011,TXN34075787,42434,INR,Net Banking,pending,PayU,2026-11-04,
PAY000485,BK000739,CUST00199,TXN77602213,42677,INR,Debit Card,success,Razorpay,2027-01-15,
PAY000486,BK000281,CUST00219,TXN86283131,70170,INR,Wallet,success,Cashfree,2027-02-04,
PAY000487,BK000203,CUST00050,TXN26642099,14299,INR,UPI,failed,Cashfree,2027-01-05,invalid_payment
PAY000488,BK000159,CUST00217,TXN77494500,21889,INR,Credit Card,success,Cashfree,2027-02-25,
PAY000489,BK000091,CUST00127,TXN40348891,64609,INR,Credit Card,pending,Cashfree,2027-01-19,
PAY000490,BK000298,CUST00191,TXN22336294,78270,INR,Net Banking,success,PayU,2026-12-14,
PAY000491,BK000721,CUST00239,TXN47007022,96145,INR,UPI,success,Razorpay,2026-11-19,
PAY000492,BK000984,CUST00096,TXN21553314,57523,INR,Wallet,success,Stripe,2027-03-28,
PAY000493,BK000709,CUST00282,TXN51013568,91317,INR,Net Banking,success,Cashfree,2026-10-01,
PAY000494,BK000368,CUST00097,TXN64836708,34843,INR,Wallet,success,Razorpay,2027-02-24,
PAY000495,BK000542,CUST00017,TXN16196457,100778,INR,Debit Card,success,Cashfree,2026-10-22,
PAY000496,BK000762,CUST00149,TXN67470563,114450,INR,UPI,refunded,Razorpay,2027-02-09,
PAY000497,BK000959,CUST00126,TXN88886423,20108,INR,Net Banking,success,Stripe,2027-03-24,
PAY000498,BK000403,CUST00275,TXN62656956,25609,INR,Net Banking,refunded,PayU,2026-11-29,
PAY000499,BK000627,CUST00127,TXN53410619,87789,INR,Wallet,success,Stripe,2027-01-23,
PAY000500,BK000160,CUST00160,TXN22464902,109940,INR,Wallet,success,PayU,2027-01-19,
PAY000501,BK000837,CUST00203,TXN66073609,19615,INR,UPI,failed,PayU,2026-12-15,invalid_payment
PAY000502,BK000515,CUST00236,TXN23993848,45895,INR,Debit Card,pending,Cashfree,2027-02-03,
PAY000503,BK000052,CUST00258,TXN46320519,93454,INR,UPI,refunded,PayU,2027-03-27,
PAY000504,BK000874,CUST00007,TXN26801474,98533,INR,Net Banking,success,Cashfree,2026-10-26,
PAY000505,BK000299,CUST00232,TXN30936101,17749,INR,Credit Card,success,PayU,2027-03-14,
PAY000506,BK000625,CUST00225,TXN23195299,20483,INR,Credit Card,success,Stripe,2027-01-25,
PAY000507,BK000916,CUST00258,TXN53948309,78371,INR,Net Banking,success,PayU,2027-01-25,
PAY000508,BK000005,CUST00211,TXN83584628,26681,INR,UPI,pending,Razorpay,2026-11-16,
PAY000509,BK000283,CUST00255,TXN38341470,73994,INR,Net Banking,success,Stripe,2027-02-12,
PAY000510,BK000421,CUST00181,TXN66071789,96315,INR,Credit Card,success,Razorpay,2027-02-05,
PAY000511,BK000253,CUST00120,TXN85645902,72540,INR,Wallet,success,Cashfree,2026-10-18,
PAY000512,BK000323,CUST00099,TXN53674924,68514,INR,Debit Card,pending,Razorpay,2027-01-07,
PAY000513,BK000753,CUST00145,TXN20665602,32712,INR,Wallet,failed,Cashfree,2027-01-02,gateway_timeout
PAY000514,BK000524,CUST00212,TXN40752549,115486,INR,Credit Card,pending,Cashfree,2026-10-25,
PAY000515,BK000138,CUST00127,TXN31594187,31929,INR,Net Banking,refunded,Razorpay,2026-10-31,
PAY000516,BK000156,CUST00058,TXN86783929,91506,INR,Credit Card,pending,Stripe,2026-11-07,
PAY000517,BK000505,CUST00195,TXN61137561,42475,INR,Credit Card,success,Razorpay,2027-02-03,
PAY000518,BK000180,CUST00045,TXN97072076,119707,INR,Net Banking,success,Stripe,2027-03-03,
PAY000519,BK000752,CUST00120,TXN46066351,109440,INR,Credit Card,success,PayU,2026-11-29,
PAY000520,BK000965,CUST00167,TXN69484180,96183,INR,Credit Card,failed,Stripe,2027-01-22,bank_declined
PAY000521,BK000806,CUST00056,TXN71086084,22422,INR,UPI,success,Razorpay,2026-12-23,
PAY000522,BK000574,CUST00248,TXN30831278,13672,INR,Net Banking,refunded,Razorpay,2027-03-02,
PAY000523,BK000028,CUST00144,TXN87585511,29473,INR,Credit Card,failed,Razorpay,2027-02-09,gateway_timeout
PAY000524,BK000670,CUST00094,TXN34577919,96536,INR,Credit Card,success,Stripe,2027-01-01,
PAY000525,BK000846,CUST00182,TXN88287723,46745,INR,Wallet,success,Stripe,2027-02-03,
PAY000526,BK000981,CUST00200,TXN55807562,63695,INR,UPI,pending,PayU,2026-12-19,
PAY000527,BK000733,CUST00222,TXN32874573,20530,INR,Debit Card,success,Cashfree,2027-02-09,
PAY000528,BK000198,CUST00214,TXN47135861,94079,INR,Wallet,pending,Razorpay,2027-03-04,
PAY000529,BK000544,CUST00278,TXN67112418,14439,INR,UPI,success,Cashfree,2027-02-14,
PAY000530,BK000794,CUST00167,TXN28108782,67198,INR,Credit Card,refunded,Stripe,2026-10-13,
PAY000531,BK000829,CUST00015,TXN83432507,98824,INR,Credit Card,failed,Stripe,2026-10-19,insufficient_funds
PAY000532,BK000242,CUST00001,TXN49007287,51337,INR,UPI,pending,Cashfree,2026-10-29,
PAY000533,BK000822,CUST00128,TXN82229746,104807,INR,UPI,success,Stripe,2027-02-28,
PAY000534,BK000432,CUST00268,TXN37347508,26335,INR,Net Banking,success,Razorpay,2026-10-20,
PAY000535,BK000906,CUST00235,TXN76876784,115690,INR,Wallet,success,Cashfree,2026-12-25,
PAY000536,BK000548,CUST00242,TXN19932356,110041,INR,Debit Card,success,Razorpay,2027-03-17,
PAY000537,BK000769,CUST00256,TXN65691119,55079,INR,UPI,success,PayU,2026-12-15,
PAY000538,BK000183,CUST00202,TXN93769352,36075,INR,Credit Card,refunded,Razorpay,2027-03-29,
PAY000539,BK000117,CUST00098,TXN94251803,98219,INR,Wallet,failed,PayU,2027-02-01,gateway_timeout
PAY000540,BK000102,CUST00045,TXN89692671,47375,INR,Wallet,refunded,Razorpay,2026-12-20,
PAY000541,BK000365,CUST00142,TXN20087146,91282,INR,Credit Card,success,Stripe,2026-11-16,
PAY000542,BK000928,CUST00157,TXN16787608,94209,INR,Net Banking,failed,Cashfree,2027-02-26,invalid_payment
PAY000543,BK000269,CUST00060,TXN35377157,3284,INR,Net Banking,success,Stripe,2026-10-02,
PAY000544,BK000973,CUST00056,TXN79126082,87187,INR,Wallet,pending,Razorpay,2027-03-11,
PAY000545,BK000599,CUST00174,TXN96669068,58303,INR,Net Banking,success,Stripe,2027-01-31,
PAY000546,BK000991,CUST00276,TXN16357988,30777,INR,Wallet,success,Razorpay,2027-02-14,
PAY000547,BK000594,CUST00139,TXN26552719,102597,INR,Credit Card,success,Razorpay,2027-01-29,
PAY000548,BK000575,CUST00159,TXN99309424,71413,INR,Wallet,success,Razorpay,2026-12-05,
PAY000549,BK000446,CUST00001,TXN56328522,22287,INR,Debit Card,success,Stripe,2027-03-10,
PAY000550,BK000267,CUST00138,TXN69478290,117152,INR,Credit Card,success,Razorpay,2027-03-13,
PAY000551,BK000097,CUST00003,TXN63500991,30391,INR,Wallet,success,PayU,2026-10-02,
PAY000552,BK000394,CUST00122,TXN79004304,106443,INR,Credit Card,success,Stripe,2026-12-10,
PAY000553,BK000393,CUST00210,TXN51817227,48041,INR,Net Banking,pending,Razorpay,2026-12-01,
PAY000554,BK000800,CUST00014,TXN93981048,18626,INR,Wallet,success,PayU,2026-10-09,
PAY000555,BK000262,CUST00224,TXN88999636,117356,INR,UPI,success,PayU,2026-11-10,
PAY000556,BK000436,CUST00233,TXN13971194,116815,INR,UPI,success,Cashfree,2027-03-07,
PAY000557,BK000043,CUST00090,TXN60501877,119071,INR,UPI,success,PayU,2026-11-18,
PAY000558,BK000488,CUST00071,TXN41805449,16728,INR,Debit Card,failed,PayU,2026-10-21,gateway_timeout
PAY000559,BK000035,CUST00160,TXN40714742,27459,INR,Debit Card,success,PayU,2026-11-20,
PAY000560,BK000251,CUST00023,TXN13241903,52699,INR,Credit Card,success,PayU,2026-11-30,
PAY000561,BK000166,CUST00082,TXN64851384,61497,INR,UPI,pending,PayU,2026-11-21,
PAY000562,BK000232,CUST00137,TXN25236296,118404,INR,Credit Card,success,PayU,2026-12-04,
PAY000563,BK000968,CUST00290,TXN21995915,96423,INR,Net Banking,refunded,Stripe,2027-02-20,
PAY000564,BK000949,CUST00267,TXN61987483,2550,INR,Wallet,success,Cashfree,2027-03-11,
PAY000565,BK000208,CUST00149,TXN81381341,90066,INR,Credit Card,failed,Razorpay,2027-02-22,invalid_payment
PAY000566,BK000889,CUST00243,TXN44159347,43206,INR,UPI,failed,Cashfree,2027-01-19,insufficient_funds
PAY000567,BK000118,CUST00056,TXN96205546,78662,INR,Wallet,success,Stripe,2027-03-21,
PAY000568,BK000394,CUST00007,TXN83843551,95037,INR,Credit Card,success,Razorpay,2026-12-25,
PAY000569,BK000186,CUST00067,TXN31547084,1342,INR,Net Banking,success,Razorpay,2026-12-14,
PAY000570,BK000876,CUST00081,TXN68346506,76442,INR,Credit Card,success,PayU,2027-03-28,
PAY000571,BK000064,CUST00176,TXN55248318,71943,INR,Debit Card,success,Razorpay,2027-03-13,
PAY000572,BK000684,CUST00263,TXN73176856,92772,INR,Debit Card,failed,Cashfree,2027-03-30,gateway_timeout
PAY000573,BK000226,CUST00155,TXN46266614,24611,INR,Credit Card,success,Stripe,2027-03-18,
PAY000574,BK000249,CUST00241,TXN22469018,88957,INR,Debit Card,success,Razorpay,2026-12-16,
PAY000575,BK000018,CUST00045,TXN18651935,27044,INR,UPI,success,PayU,2026-11-02,
PAY000576,BK000770,CUST00108,TXN45055818,42813,INR,Debit Card,refunded,Razorpay,2027-03-09,
PAY000577,BK000244,CUST00155,TXN90366468,104547,INR,Wallet,success,Razorpay,2027-01-18,
PAY000578,BK000371,CUST00272,TXN28632492,20651,INR,UPI,pending,Stripe,2027-03-09,
PAY000579,BK000871,CUST00294,TXN96319331,30690,INR,UPI,success,Stripe,2026-12-13,
PAY000580,BK000648,CUST00292,TXN60349096,94142,INR,Credit Card,failed,Cashfree,2027-03-01,insufficient_funds
PAY000581,BK000570,CUST00107,TXN12784273,72210,INR,Wallet,refunded,PayU,2026-10-09,
PAY000582,BK000593,CUST00203,TXN13330901,33053,INR,UPI,pending,Stripe,2026-12-06,
PAY000583,BK000218,CUST00102,TXN30277989,48095,INR,Wallet,failed,Razorpay,2026-10-20,gateway_timeout
PAY000584,BK000362,CUST00207,TXN86687612,27797,INR,UPI,success,Cashfree,2027-02-13,
PAY000585,BK000789,CUST00221,TXN72166119,54246,INR,Debit Card,success,Stripe,2026-11-13,
PAY000586,BK000302,CUST00296,TXN71527889,45804,INR,Wallet,success,Stripe,2026-10-15,
PAY000587,BK000220,CUST00167,TXN83950500,116643,INR,Debit Card,pending,Cashfree,2026-11-07,
PAY000588,BK000229,CUST00277,TXN56900130,74941,INR,UPI,success,PayU,2026-10-31,
PAY000589,BK000041,CUST00209,TXN65160020,45671,INR,UPI,failed,Razorpay,2026-12-28,gateway_timeout
PAY000590,BK000345,CUST00167,TXN23407675,63601,INR,Net Banking,pending,Stripe,2026-11-29,
PAY000591,BK000211,CUST00202,TXN75319557,108215,INR,Wallet,success,Razorpay,2027-03-20,
PAY000592,BK000725,CUST00064,TXN45427369,110332,INR,Credit Card,failed,Cashfree,2026-11-17,gateway_timeout
PAY000593,BK000002,CUST00064,TXN61090656,30970,INR,Credit Card,refunded,Cashfree,2026-12-22,
PAY000594,BK000266,CUST00073,TXN63284676,55716,INR,UPI,success,Cashfree,2026-10-24,
PAY000595,BK000073,CUST00174,TXN37004711,108104,INR,Wallet,failed,PayU,2026-12-31,bank_declined
PAY000596,BK000515,CUST00277,TXN35549842,89870,INR,Credit Card,failed,Razorpay,2026-12-20,bank_declined
PAY000597,BK000535,CUST00004,TXN96002308,24851,INR,Debit Card,success,Razorpay,2026-10-28,
PAY000598,BK000694,CUST00166,TXN11491732,111969,INR,Net Banking,success,Cashfree,2027-01-18,
PAY000599,BK000557,CUST00056,TXN32301122,115862,INR,Wallet,success,PayU,2027-02-22,
PAY000600,BK000606,CUST00032,TXN20050870,648,INR,UPI,success,Stripe,2027-03-23,
PAY000601,BK000540,CUST00064,TXN53654952,53298,INR,UPI,success,PayU,2027-02-20,
PAY000602,BK000342,CUST00045,TXN19281440,18793,INR,Credit Card,success,Razorpay,2027-01-10,
PAY000603,BK000633,CUST00037,TXN16488415,116038,INR,Wallet,refunded,Cashfree,2026-10-23,
PAY000604,BK000695,CUST00121,TXN29963402,57091,INR,Debit Card,pending,Stripe,2026-10-14,
PAY000605,BK000373,CUST00300,TXN70915436,109849,INR,Wallet,success,Razorpay,2026-12-10,
PAY000606,BK000661,CUST00162,TXN98633992,14686,INR,Credit Card,success,PayU,2027-02-11,
PAY000607,BK000038,CUST00187,TXN80206595,106029,INR,Debit Card,success,Cashfree,2026-11-14,
PAY000608,BK000364,CUST00195,TXN31719480,81495,INR,Wallet,pending,Razorpay,2027-01-21,
PAY000609,BK000391,CUST00102,TXN82764839,81230,INR,Credit Card,success,PayU,2026-11-01,
PAY000610,BK000105,CUST00220,TXN83523308,74406,INR,UPI,pending,PayU,2026-10-01,
PAY000611,BK000746,CUST00028,TXN61025963,112823,INR,Debit Card,success,Stripe,2027-03-01,
PAY000612,BK000407,CUST00195,TXN36418400,3692,INR,Wallet,success,Stripe,2026-12-06,
PAY000613,BK000743,CUST00280,TXN99137629,97021,INR,Credit Card,failed,Razorpay,2026-10-11,insufficient_funds
PAY000614,BK000578,CUST00204,TXN19032401,62467,INR,Debit Card,success,Cashfree,2026-10-28,
PAY000615,BK000359,CUST00089,TXN84548337,13201,INR,UPI,success,Cashfree,2026-10-08,
PAY000616,BK000902,CUST00215,TXN37606362,73374,INR,Net Banking,success,Stripe,2027-02-18,
PAY000617,BK000090,CUST00160,TXN79742953,13876,INR,Credit Card,success,Cashfree,2026-10-16,
PAY000618,BK000253,CUST00032,TXN31330002,94863,INR,Wallet,success,Razorpay,2026-12-16,
PAY000619,BK000732,CUST00115,TXN40867234,17693,INR,Net Banking,pending,Stripe,2026-12-25,
PAY000620,BK000642,CUST00009,TXN18064546,806,INR,Credit Card,failed,Stripe,2026-12-23,invalid_payment
PAY000621,BK000541,CUST00192,TXN31923719,86483,INR,Net Banking,success,Cashfree,2026-12-12,
PAY000622,BK000370,CUST00234,TXN25031203,85445,INR,UPI,success,Cashfree,2026-12-30,
PAY000623,BK000320,CUST00116,TXN25037886,102343,INR,Credit Card,success,Stripe,2027-01-03,
PAY000624,BK000464,CUST00251,TXN75314687,7507,INR,Wallet,success,Stripe,2026-11-14,
PAY000625,BK000169,CUST00055,TXN19804169,63758,INR,Credit Card,success,PayU,2027-01-06,
PAY000626,BK000219,CUST00149,TXN46715242,115715,INR,Debit Card,success,Razorpay,2027-01-16,
PAY000627,BK000509,CUST00079,TXN58109993,111399,INR,Wallet,success,Cashfree,2026-12-21,
PAY000628,BK000604,CUST00054,TXN67417926,24105,INR,UPI,success,Stripe,2026-10-20,
PAY000629,BK000579,CUST00264,TXN98668850,59484,INR,Wallet,success,Cashfree,2027-01-11,
PAY000630,BK000660,CUST00073,TXN45384377,51696,INR,Net Banking,success,PayU,2027-01-06,
PAY000631,BK000559,CUST00211,TXN55944783,116764,INR,Wallet,success,PayU,2026-11-24,
PAY000632,BK000710,CUST00294,TXN24943836,50378,INR,Debit Card,success,Cashfree,2027-02-17,
PAY000633,BK000205,CUST00077,TXN35577515,43588,INR,UPI,pending,Cashfree,2026-10-12,
PAY000634,BK000440,CUST00083,TXN57010772,109585,INR,Debit Card,success,Razorpay,2027-03-02,
PAY000635,BK000169,CUST00088,TXN92266702,113939,INR,UPI,success,Cashfree,2027-03-01,
PAY000636,BK000746,CUST00181,TXN42725219,48478,INR,Debit Card,success,Razorpay,2027-03-04,
PAY000637,BK000814,CUST00193,TXN92603943,24358,INR,UPI,success,Cashfree,2026-11-09,
PAY000638,BK000166,CUST00156,TXN64459136,54673,INR,Credit Card,success,Cashfree,2026-10-05,
PAY000639,BK000662,CUST00029,TXN43729378,80996,INR,Wallet,pending,Stripe,2026-11-18,
PAY000640,BK000865,CUST00300,TXN92957658,21823,INR,Debit Card,success,Cashfree,2026-10-02,
PAY000641,BK000959,CUST00200,TXN53829391,34654,INR,Net Banking,success,Razorpay,2027-02-09,
PAY000642,BK000181,CUST00292,TXN51210415,111179,INR,Net Banking,success,Stripe,2027-01-01,
PAY000643,BK000877,CUST00085,TXN61215366,96443,INR,Net Banking,success,PayU,2026-11-14,
PAY000644,BK000275,CUST00124,TXN44395921,21363,INR,Wallet,failed,Razorpay,2027-01-30,gateway_timeout
PAY000645,BK000467,CUST00282,TXN76466982,9965,INR,Net Banking,success,Razorpay,2027-03-27,
PAY000646,BK000889,CUST00059,TXN30389090,7854,INR,Credit Card,success,Razorpay,2027-02-16,
PAY000647,BK000909,CUST00004,TXN52199454,77133,INR,UPI,success,Stripe,2026-10-23,
PAY000648,BK000609,CUST00028,TXN64447620,111992,INR,UPI,success,Stripe,2026-11-05,
PAY000649,BK000357,CUST00037,TXN32600146,53041,INR,Wallet,success,Razorpay,2026-10-03,
PAY000650,BK000525,CUST00011,TXN25205524,45472,INR,Net Banking,success,PayU,2026-12-09,
PAY000651,BK000968,CUST00021,TXN59275461,88397,INR,Wallet,pending,Cashfree,2027-01-30,
PAY000652,BK000117,CUST00165,TXN90149505,29379,INR,Net Banking,success,Stripe,2026-10-05,
PAY000653,BK000235,CUST00112,TXN37201239,94329,INR,UPI,pending,PayU,2026-10-08,
PAY000654,BK000672,CUST00214,TXN57550358,7778,INR,UPI,failed,Stripe,2027-01-19,gateway_timeout
PAY000655,BK000341,CUST00220,TXN38292140,96373,INR,Net Banking,success,Razorpay,2026-10-07,
PAY000656,BK000423,CUST00063,TXN66849830,64623,INR,Wallet,success,Cashfree,2026-10-27,
PAY000657,BK000434,CUST00077,TXN77672613,6691,INR,Net Banking,success,PayU,2026-10-25,
PAY000658,BK000091,CUST00126,TXN17072978,116817,INR,Debit Card,failed,Cashfree,2026-11-14,bank_declined
PAY000659,BK000480,CUST00173,TXN45343326,82520,INR,Wallet,failed,Cashfree,2027-01-03,bank_declined
PAY000660,BK000801,CUST00214,TXN98813105,36947,INR,Credit Card,success,Stripe,2027-02-14,
PAY000661,BK000225,CUST00243,TXN42013279,29179,INR,Wallet,success,Cashfree,2026-11-17,
PAY000662,BK000208,CUST00017,TXN22816496,51792,INR,Debit Card,success,Stripe,2026-12-14,
PAY000663,BK000018,CUST00276,TXN65534395,52315,INR,Credit Card,refunded,Cashfree,2027-03-08,
PAY000664,BK000723,CUST00215,TXN11918156,30486,INR,Wallet,pending,Stripe,2027-03-04,
PAY000665,BK000668,CUST00191,TXN69852659,72720,INR,Credit Card,success,Stripe,2027-02-15,
PAY000666,BK000050,CUST00070,TXN72140522,68929,INR,UPI,success,PayU,2026-11-02,
PAY000667,BK000368,CUST00091,TXN98244426,74868,INR,Debit Card,success,Cashfree,2027-02-27,
PAY000668,BK000768,CUST00144,TXN29084102,57746,INR,Net Banking,success,Stripe,2027-03-13,
PAY000669,BK000726,CUST00203,TXN28489894,55743,INR,Wallet,pending,Razorpay,2026-10-15,
PAY000670,BK000576,CUST00034,TXN70101412,92385,INR,Wallet,success,PayU,2027-03-21,
PAY000671,BK000567,CUST00196,TXN27872958,30865,INR,Wallet,pending,PayU,2027-02-24,
PAY000672,BK000856,CUST00103,TXN94736385,5266,INR,Net Banking,success,PayU,2027-01-26,
PAY000673,BK000572,CUST00164,TXN62801849,14340,INR,Credit Card,success,Razorpay,2026-11-10,
PAY000674,BK000497,CUST00259,TXN90921018,74669,INR,Net Banking,success,Stripe,2026-11-03,
PAY000675,BK000813,CUST00161,TXN93345669,3738,INR,Credit Card,success,Razorpay,2026-10-27,
PAY000676,BK000788,CUST00196,TXN39770362,19939,INR,UPI,failed,Razorpay,2026-12-21,invalid_payment
PAY000677,BK000262,CUST00036,TXN12812513,111747,INR,UPI,pending,PayU,2027-02-09,
PAY000678,BK000068,CUST00031,TXN19714981,50893,INR,Debit Card,success,Cashfree,2026-10-14,
PAY000679,BK000721,CUST00038,TXN94272719,28398,INR,Wallet,success,Stripe,2026-10-26,
PAY000680,BK000754,CUST00160,TXN38671997,15225,INR,UPI,success,Stripe,2026-11-23,
PAY000681,BK000636,CUST00232,TXN67848451,68958,INR,Wallet,success,Stripe,2026-11-01,
PAY000682,BK000580,CUST00251,TXN33728283,78131,INR,UPI,success,PayU,2026-12-01,
PAY000683,BK000913,CUST00135,TXN88708045,39313,INR,UPI,refunded,Stripe,2027-03-16,
PAY000684,BK000730,CUST00143,TXN75188020,47224,INR,Debit Card,success,PayU,2026-10-28,
PAY000685,BK000252,CUST00065,TXN72489087,17604,INR,Net Banking,pending,PayU,2027-02-07,
PAY000686,BK000377,CUST00081,TXN93606928,8394,INR,Debit Card,success,Cashfree,2026-12-05,
PAY000687,BK000290,CUST00036,TXN92513610,110863,INR,Net Banking,pending,Stripe,2027-03-03,
PAY000688,BK000749,CUST00277,TXN32449202,66651,INR,Debit Card,failed,Stripe,2027-03-03,invalid_payment
PAY000689,BK000200,CUST00236,TXN71986006,72235,INR,Net Banking,success,Razorpay,2026-12-07,
PAY000690,BK000563,CUST00231,TXN40587695,58242,INR,Wallet,success,Cashfree,2027-02-22,
PAY000691,BK000190,CUST00120,TXN32060315,63214,INR,Wallet,failed,Stripe,2026-10-15,invalid_payment
PAY000692,BK000515,CUST00029,TXN80602608,75483,INR,Wallet,success,Razorpay,2026-11-23,
PAY000693,BK000106,CUST00210,TXN38204214,87557,INR,Net Banking,success,Razorpay,2026-11-17,
PAY000694,BK000104,CUST00269,TXN23683251,33212,INR,Credit Card,pending,Cashfree,2026-11-26,
PAY000695,BK000685,CUST00131,TXN78861988,79336,INR,Wallet,success,Stripe,2026-12-24,
PAY000696,BK000682,CUST00002,TXN66487154,21389,INR,Credit Card,success,Cashfree,2026-10-01,
PAY000697,BK000248,CUST00163,TXN72226154,102592,INR,UPI,refunded,Razorpay,2027-02-08,
PAY000698,BK000772,CUST00107,TXN87930593,96294,INR,Net Banking,success,Razorpay,2026-11-04,
PAY000699,BK000876,CUST00024,TXN49514671,78257,INR,Debit Card,success,Cashfree,2026-12-19,
PAY000700,BK000661,CUST00101,TXN14605838,97356,INR,UPI,success,Stripe,2027-03-07,
PAY000701,BK000072,CUST00038,TXN22851241,97733,INR,Debit Card,success,Cashfree,2027-03-25,
PAY000702,BK000565,CUST00015,TXN28482319,6199,INR,Credit Card,success,Razorpay,2027-02-14,
PAY000703,BK000943,CUST00245,TXN88487943,118459,INR,Credit Card,success,Razorpay,2026-10-07,
PAY000704,BK000468,CUST00082,TXN35270844,38447,INR,Credit Card,success,Cashfree,2027-02-11,
PAY000705,BK000022,CUST00058,TXN84075272,66903,INR,Credit Card,success,Razorpay,2027-01-09,
PAY000706,BK000564,CUST00021,TXN80711868,84440,INR,Debit Card,success,Razorpay,2027-01-06,
PAY000707,BK000371,CUST00273,TXN30136688,14543,INR,UPI,success,Stripe,2026-12-24,
PAY000708,BK000025,CUST00210,TXN83101000,119844,INR,Debit Card,failed,PayU,2027-02-14,insufficient_funds
PAY000709,BK000541,CUST00040,TXN25756127,96521,INR,Credit Card,failed,PayU,2026-11-19,gateway_timeout
PAY000710,BK000782,CUST00146,TXN32178630,116320,INR,Wallet,success,PayU,2026-10-10,
PAY000711,BK000324,CUST00215,TXN60451739,28171,INR,Debit Card,success,Cashfree,2027-03-15,
PAY000712,BK000682,CUST00299,TXN32148281,96488,INR,Credit Card,success,Cashfree,2027-03-09,
PAY000713,BK000326,CUST00244,TXN33930482,110305,INR,Credit Card,failed,Razorpay,2026-10-24,gateway_timeout
PAY000714,BK000898,CUST00078,TXN55498861,45039,INR,Net Banking,pending,Razorpay,2026-10-01,
PAY000715,BK000041,CUST00204,TXN11080693,54188,INR,Credit Card,success,Razorpay,2026-12-18,
PAY000716,BK000336,CUST00183,TXN82896550,85656,INR,Net Banking,success,Cashfree,2026-10-13,
PAY000717,BK000412,CUST00172,TXN71955384,91003,INR,UPI,success,Cashfree,2027-01-21,
PAY000718,BK000592,CUST00202,TXN56844214,110517,INR,Net Banking,success,Cashfree,2026-10-21,
PAY000719,BK000132,CUST00080,TXN13143197,77981,INR,Net Banking,failed,Stripe,2026-11-19,insufficient_funds
PAY000720,BK000827,CUST00055,TXN62520839,23604,INR,Net Banking,failed,Cashfree,2027-01-09,bank_declined
PAY000721,BK000675,CUST00244,TXN36798104,4829,INR,Credit Card,refunded,PayU,2027-01-08,
PAY000722,BK000674,CUST00212,TXN76447054,62907,INR,Net Banking,success,Razorpay,2026-12-24,
PAY000723,BK000963,CUST00065,TXN90065471,113839,INR,Wallet,success,Cashfree,2026-11-22,
PAY000724,BK000810,CUST00206,TXN93245686,20628,INR,Net Banking,success,Stripe,2026-12-31,
PAY000725,BK000664,CUST00259,TXN81902090,98261,INR,Wallet,success,Razorpay,2027-01-17,
PAY000726,BK000048,CUST00012,TXN93196679,43966,INR,Wallet,success,PayU,2026-10-15,
PAY000727,BK000939,CUST00030,TXN34284972,60971,INR,Debit Card,pending,Razorpay,2027-02-04,
PAY000728,BK000996,CUST00163,TXN73727930,48319,INR,Debit Card,success,Razorpay,2026-11-07,
PAY000729,BK000962,CUST00068,TXN62404737,59843,INR,Wallet,success,Cashfree,2027-01-01,
PAY000730,BK000017,CUST00087,TXN60318675,12720,INR,Net Banking,success,Razorpay,2027-01-19,
PAY000731,BK000221,CUST00256,TXN93417357,106467,INR,Net Banking,failed,PayU,2027-01-26,gateway_timeout
PAY000732,BK000454,CUST00155,TXN71984720,56508,INR,Credit Card,success,Razorpay,2026-11-13,
PAY000733,BK000700,CUST00025,TXN77775277,62959,INR,Debit Card,success,Razorpay,2026-11-03,
PAY000734,BK000464,CUST00072,TXN78228943,116442,INR,UPI,success,Cashfree,2026-10-09,
PAY000735,BK000275,CUST00107,TXN71815142,58164,INR,Wallet,success,Razorpay,2026-11-05,
PAY000736,BK000563,CUST00284,TXN88070712,106794,INR,Net Banking,failed,Stripe,2027-03-24,gateway_timeout
PAY000737,BK000336,CUST00001,TXN94935811,38945,INR,Credit Card,refunded,Stripe,2027-03-09,
PAY000738,BK000029,CUST00161,TXN26089377,23402,INR,Credit Card,pending,Cashfree,2027-03-06,
PAY000739,BK000116,CUST00007,TXN23503336,4390,INR,Wallet,success,Cashfree,2027-02-08,
PAY000740,BK000551,CUST00104,TXN91832847,4868,INR,Debit Card,success,Cashfree,2027-01-15,
PAY000741,BK000992,CUST00267,TXN37482474,60554,INR,Debit Card,success,PayU,2027-01-21,
PAY000742,BK000939,CUST00185,TXN67406724,37893,INR,Wallet,pending,PayU,2026-11-19,
PAY000743,BK000739,CUST00257,TXN19410556,28690,INR,Net Banking,success,Stripe,2026-11-01,
PAY000744,BK000086,CUST00031,TXN29977260,24121,INR,Debit Card,success,Cashfree,2027-01-03,
PAY000745,BK000937,CUST00287,TXN11450442,74078,INR,Wallet,success,Cashfree,2026-11-22,
PAY000746,BK000653,CUST00062,TXN79103681,42074,INR,UPI,success,Razorpay,2026-10-19,
PAY000747,BK000149,CUST00188,TXN10937783,9800,INR,Net Banking,success,PayU,2027-01-04,
PAY000748,BK000117,CUST00256,TXN24042678,62891,INR,Wallet,success,PayU,2026-12-16,
PAY000749,BK000318,CUST00102,TXN36237529,49951,INR,UPI,success,Cashfree,2027-01-23,
PAY000750,BK000955,CUST00092,TXN84373303,90488,INR,Net Banking,refunded,PayU,2027-01-15,
PAY000751,BK000498,CUST00096,TXN62805817,119975,INR,Credit Card,success,Razorpay,2026-10-12,
PAY000752,BK000654,CUST00298,TXN74891347,77243,INR,Net Banking,success,Razorpay,2027-03-25,
PAY000753,BK000729,CUST00165,TXN91770949,83983,INR,UPI,success,Cashfree,2027-01-14,
PAY000754,BK000099,CUST00178,TXN51937368,101503,INR,Credit Card,success,Cashfree,2026-12-18,
PAY000755,BK000395,CUST00177,TXN26580654,116412,INR,Wallet,failed,PayU,2026-11-17,invalid_payment
PAY000756,BK000832,CUST00081,TXN95469086,2804,INR,Wallet,success,Razorpay,2027-01-14,
PAY000757,BK000235,CUST00026,TXN96712560,105896,INR,Debit Card,success,Razorpay,2027-02-08,
PAY000758,BK000975,CUST00037,TXN67271722,49592,INR,Net Banking,failed,Razorpay,2026-10-26,insufficient_funds
PAY000759,BK000085,CUST00043,TXN13074883,95946,INR,Debit Card,success,Razorpay,2027-01-22,
PAY000760,BK000737,CUST00202,TXN47504425,74427,INR,Credit Card,success,Razorpay,2027-02-26,
PAY000761,BK000889,CUST00128,TXN30193174,22093,INR,Credit Card,success,Stripe,2027-01-12,
PAY000762,BK000318,CUST00254,TXN24645844,75384,INR,Credit Card,refunded,PayU,2027-01-04,
PAY000763,BK000137,CUST00136,TXN48988127,862,INR,UPI,failed,Cashfree,2027-01-19,insufficient_funds
PAY000764,BK000562,CUST00138,TXN44291655,69351,INR,Credit Card,success,Razorpay,2027-01-28,
PAY000765,BK000688,CUST00116,TXN54662320,95739,INR,Credit Card,success,Razorpay,2026-11-20,
PAY000766,BK000776,CUST00037,TXN72057452,76748,INR,Debit Card,pending,PayU,2027-03-23,
PAY000767,BK000309,CUST00188,TXN54674537,39362,INR,Credit Card,success,Stripe,2026-12-08,
PAY000768,BK000322,CUST00110,TXN20946237,13506,INR,Wallet,success,Stripe,2026-10-04,
PAY000769,BK000556,CUST00153,TXN95185918,101257,INR,Net Banking,success,Cashfree,2026-10-22,
PAY000770,BK000104,CUST00086,TXN25279438,106771,INR,UPI,success,PayU,2027-01-14,
PAY000771,BK000274,CUST00080,TXN22727165,44711,INR,Net Banking,refunded,Cashfree,2027-03-18,
PAY000772,BK000510,CUST00135,TXN48243790,63025,INR,Wallet,success,PayU,2026-10-17,
PAY000773,BK000710,CUST00055,TXN88379520,38588,INR,Wallet,success,Cashfree,2027-02-24,
PAY000774,BK000686,CUST00088,TXN40405971,4208,INR,Wallet,success,PayU,2027-03-05,
PAY000775,BK000072,CUST00018,TXN42629237,88494,INR,Net Banking,success,Stripe,2026-11-21,
PAY000776,BK000844,CUST00002,TXN80342077,46536,INR,Credit Card,success,PayU,2026-10-31,
PAY000777,BK000911,CUST00224,TXN94727625,22322,INR,UPI,success,Cashfree,2026-11-07,
PAY000778,BK000012,CUST00049,TXN55248665,26813,INR,UPI,pending,PayU,2026-10-17,
PAY000779,BK000973,CUST00141,TXN49066147,53047,INR,Net Banking,success,Razorpay,2026-11-21,
PAY000780,BK000278,CUST00236,TXN59583588,12337,INR,Debit Card,refunded,Cashfree,2026-12-03,
PAY000781,BK000284,CUST00151,TXN27954386,54826,INR,Wallet,success,PayU,2026-12-12,
PAY000782,BK000882,CUST00003,TXN14264566,44883,INR,Credit Card,success,Stripe,2027-01-27,
PAY000783,BK000331,CUST00010,TXN52019691,94798,INR,Net Banking,success,Cashfree,2026-12-26,
PAY000784,BK000441,CUST00264,TXN50468374,41048,INR,Wallet,failed,Razorpay,2026-11-09,insufficient_funds
PAY000785,BK000859,CUST00295,TXN21426852,17553,INR,Credit Card,success,Stripe,2027-03-10,
PAY000786,BK000287,CUST00203,TXN18699424,33894,INR,Wallet,success,Razorpay,2026-11-25,
PAY000787,BK000120,CUST00038,TXN35977614,77041,INR,Debit Card,success,PayU,2027-01-21,
PAY000788,BK000198,CUST00295,TXN67673783,1283,INR,Net Banking,success,PayU,2027-02-14,
PAY000789,BK000151,CUST00164,TXN53073685,73004,INR,Net Banking,success,Stripe,2027-02-18,
PAY000790,BK000739,CUST00069,TXN68019038,6684,INR,Credit Card,success,Stripe,2027-02-23,
PAY000791,BK000591,CUST00116,TXN17839051,64714,INR,UPI,success,Cashfree,2027-03-03,
PAY000792,BK000323,CUST00184,TXN24141692,117140,INR,Credit Card,success,Stripe,2027-03-29,
PAY000793,BK000721,CUST00112,TXN56236708,14865,INR,Credit Card,success,Cashfree,2027-02-07,
PAY000794,BK000242,CUST00102,TXN90649243,63703,INR,UPI,failed,Cashfree,2027-03-11,gateway_timeout
PAY000795,BK000673,CUST00280,TXN94295497,16583,INR,Debit Card,success,Stripe,2027-03-26,
PAY000796,BK000164,CUST00105,TXN61529679,21299,INR,Credit Card,refunded,Stripe,2027-02-11,
PAY000797,BK000912,CUST00074,TXN24646251,12497,INR,UPI,pending,Cashfree,2026-11-06,
PAY000798,BK000041,CUST00236,TXN65572567,81294,INR,UPI,success,Razorpay,2026-10-27,
PAY000799,BK000663,CUST00116,TXN36078600,24953,INR,Wallet,success,Cashfree,2026-11-20,
PAY000800,BK000397,CUST00136,TXN80074737,75963,INR,Wallet,refunded,Cashfree,2026-10-01,
PAY000801,BK000653,CUST00289,TXN16637385,3088,INR,Wallet,success,Cashfree,2026-11-24,
PAY000802,BK000144,CUST00009,TXN39113113,104484,INR,Credit Card,success,Razorpay,2026-10-18,
PAY000803,BK000745,CUST00028,TXN11605316,19381,INR,Debit Card,success,PayU,2027-01-25,
PAY000804,BK000500,CUST00084,TXN19828781,8956,INR,Net Banking,success,Cashfree,2026-12-29,
PAY000805,BK000827,CUST00296,TXN83476061,17854,INR,Credit Card,pending,PayU,2026-10-18,
PAY000806,BK000899,CUST00031,TXN36463112,103245,INR,Wallet,success,Cashfree,2026-10-20,
PAY000807,BK000327,CUST00265,TXN48798654,105984,INR,Debit Card,refunded,PayU,2026-12-30,
PAY000808,BK000400,CUST00210,TXN16970357,111703,INR,Debit Card,success,Razorpay,2027-01-15,
PAY000809,BK000567,CUST00086,TXN17347283,8295,INR,Net Banking,pending,Razorpay,2027-01-06,
PAY000810,BK000218,CUST00224,TXN38980086,80036,INR,Credit Card,success,Stripe,2026-12-31,
PAY000811,BK000230,CUST00279,TXN77842524,49159,INR,UPI,success,Razorpay,2027-02-19,
PAY000812,BK000824,CUST00165,TXN88892999,11756,INR,UPI,success,PayU,2027-02-18,
PAY000813,BK000661,CUST00043,TXN84399571,116497,INR,Debit Card,success,PayU,2026-11-22,
PAY000814,BK000931,CUST00283,TXN27465936,8882,INR,Credit Card,pending,PayU,2026-10-17,
PAY000815,BK000047,CUST00286,TXN92809240,21158,INR,Debit Card,success,Razorpay,2027-03-16,
PAY000816,BK000746,CUST00249,TXN11767572,59421,INR,UPI,success,PayU,2027-01-09,
PAY000817,BK000387,CUST00084,TXN59840921,109260,INR,Wallet,success,PayU,2027-02-25,
PAY000818,BK000543,CUST00241,TXN58411365,29359,INR,Credit Card,success,Stripe,2027-02-03,
PAY000819,BK000162,CUST00059,TXN40941648,100192,INR,Debit Card,success,Stripe,2027-03-14,
PAY000820,BK000184,CUST00069,TXN56124456,82914,INR,UPI,success,Cashfree,2027-03-25,
PAY000821,BK000719,CUST00238,TXN67120442,102852,INR,UPI,pending,PayU,2027-02-28,
PAY000822,BK000457,CUST00164,TXN95527140,49811,INR,Net Banking,success,Cashfree,2027-01-17,
PAY000823,BK000895,CUST00086,TXN27960792,47802,INR,Credit Card,success,Cashfree,2026-12-20,
PAY000824,BK000413,CUST00180,TXN46479039,12235,INR,Wallet,success,Razorpay,2027-03-22,
PAY000825,BK000045,CUST00097,TXN60016540,105900,INR,Credit Card,success,Cashfree,2027-03-23,
PAY000826,BK000956,CUST00260,TXN31410574,61531,INR,Wallet,success,Stripe,2026-11-16,
PAY000827,BK000859,CUST00192,TXN34438972,108727,INR,Wallet,success,Cashfree,2027-03-30,
PAY000828,BK000082,CUST00077,TXN51496418,69938,INR,Debit Card,success,Razorpay,2027-02-26,
PAY000829,BK000270,CUST00184,TXN80687929,46965,INR,Wallet,success,PayU,2026-10-14,
PAY000830,BK000392,CUST00067,TXN33889640,41024,INR,UPI,success,PayU,2026-12-02,
PAY000831,BK000978,CUST00188,TXN23114139,105157,INR,Wallet,success,Cashfree,2026-11-13,
PAY000832,BK000318,CUST00093,TXN12362339,101720,INR,UPI,failed,PayU,2026-11-15,gateway_timeout
PAY000833,BK000068,CUST00105,TXN57821058,42546,INR,Net Banking,success,Stripe,2026-11-02,
PAY000834,BK000913,CUST00043,TXN69570639,46042,INR,Credit Card,success,Cashfree,2026-12-13,
PAY000835,BK000261,CUST00096,TXN74573129,10679,INR,Net Banking,success,Stripe,2026-12-19,
PAY000836,BK000287,CUST00237,TXN85608945,20252,INR,Wallet,success,Razorpay,2027-03-21,
PAY000837,BK000673,CUST00019,TXN76561913,54801,INR,Net Banking,success,Razorpay,2027-03-28,
PAY000838,BK000098,CUST00277,TXN28297601,58483,INR,Debit Card,success,Stripe,2027-03-26,
PAY000839,BK000496,CUST00179,TXN92137282,57071,INR,Wallet,pending,Razorpay,2026-11-08,
PAY000840,BK000629,CUST00103,TXN50515172,68601,INR,Wallet,refunded,Razorpay,2027-03-26,
PAY000841,BK000637,CUST00205,TXN39079139,13153,INR,Debit Card,success,PayU,2027-01-11,
PAY000842,BK000001,CUST00123,TXN15685463,15066,INR,Credit Card,success,Stripe,2026-12-02,
PAY000843,BK000629,CUST00111,TXN25801701,99058,INR,Credit Card,success,Razorpay,2026-10-07,
PAY000844,BK000951,CUST00071,TXN60674002,43391,INR,Credit Card,success,Stripe,2027-03-13,
PAY000845,BK000407,CUST00129,TXN47085361,93029,INR,Credit Card,success,PayU,2027-02-12,
PAY000846,BK000797,CUST00229,TXN56062506,88425,INR,Net Banking,success,Stripe,2026-10-31,
PAY000847,BK000776,CUST00156,TXN96853084,74661,INR,Net Banking,pending,Razorpay,2027-03-18,
PAY000848,BK000106,CUST00098,TXN20211896,109368,INR,Wallet,failed,Cashfree,2026-11-25,bank_declined
PAY000849,BK000996,CUST00258,TXN68817383,80338,INR,Credit Card,refunded,Cashfree,2027-03-24,
PAY000850,BK000650,CUST00058,TXN50798081,112462,INR,UPI,failed,Stripe,2027-03-11,invalid_payment
PAY000851,BK000226,CUST00022,TXN42546250,69082,INR,Net Banking,success,Razorpay,2027-01-31,
PAY000852,BK000009,CUST00273,TXN13184047,5473,INR,Net Banking,success,PayU,2026-11-15,
PAY000853,BK000948,CUST00234,TXN64994805,77087,INR,Credit Card,success,Razorpay,2026-12-02,
PAY000854,BK000375,CUST00166,TXN87223685,50318,INR,Debit Card,failed,Stripe,2026-10-11,insufficient_funds
PAY000855,BK000037,CUST00210,TXN85278996,116672,INR,Wallet,success,Cashfree,2027-02-24,
PAY000856,BK000767,CUST00294,TXN12431929,85412,INR,Net Banking,success,Razorpay,2027-01-03,
PAY000857,BK000193,CUST00054,TXN79969004,44059,INR,Debit Card,pending,Stripe,2027-02-25,
PAY000858,BK000857,CUST00030,TXN31345007,16997,INR,Debit Card,success,Cashfree,2026-10-12,
PAY000859,BK000272,CUST00011,TXN12611107,87078,INR,Net Banking,success,PayU,2026-12-08,
PAY000860,BK000242,CUST00133,TXN29898324,35915,INR,Net Banking,success,Razorpay,2027-03-18,
PAY000861,BK000108,CUST00005,TXN66094330,67702,INR,Debit Card,refunded,PayU,2026-10-04,
PAY000862,BK000352,CUST00261,TXN50893636,70163,INR,UPI,refunded,PayU,2026-12-20,
PAY000863,BK000888,CUST00233,TXN36778852,104225,INR,Debit Card,success,Razorpay,2027-02-12,
PAY000864,BK000120,CUST00121,TXN57180816,54764,INR,Debit Card,pending,PayU,2026-12-11,
PAY000865,BK000165,CUST00011,TXN29997843,81440,INR,Net Banking,refunded,Cashfree,2027-03-10,
PAY000866,BK000215,CUST00250,TXN32310935,65572,INR,Net Banking,success,Stripe,2027-02-02,
PAY000867,BK000686,CUST00132,TXN66367090,115540,INR,Credit Card,refunded,Cashfree,2027-02-07,
PAY000868,BK000947,CUST00011,TXN88666428,112946,INR,Net Banking,success,PayU,2026-11-19,
PAY000869,BK000817,CUST00277,TXN75878571,2208,INR,Debit Card,success,PayU,2027-03-08,
PAY000870,BK000679,CUST00034,TXN54314125,23098,INR,UPI,success,PayU,2026-10-12,
PAY000871,BK000063,CUST00279,TXN20907796,67133,INR,UPI,success,PayU,2026-11-10,
PAY000872,BK000047,CUST00103,TXN70129223,92028,INR,Net Banking,success,PayU,2027-03-04,
PAY000873,BK000747,CUST00197,TXN37101558,17023,INR,UPI,success,Razorpay,2026-11-24,
PAY000874,BK000735,CUST00240,TXN86149353,3399,INR,UPI,success,Razorpay,2027-01-24,
PAY000875,BK000796,CUST00068,TXN78160263,108785,INR,Wallet,success,Cashfree,2027-03-19,
PAY000876,BK000605,CUST00280,TXN17438218,50876,INR,Credit Card,success,PayU,2027-01-19,
PAY000877,BK000461,CUST00174,TXN55278174,4079,INR,Debit Card,success,Stripe,2027-01-31,
PAY000878,BK000348,CUST00247,TXN55857061,53500,INR,Debit Card,success,Stripe,2026-10-04,
PAY000879,BK000273,CUST00223,TXN74306118,104173,INR,Debit Card,success,Cashfree,2026-10-01,
PAY000880,BK000127,CUST00110,TXN21327382,73765,INR,Credit Card,success,Razorpay,2026-10-03,
PAY000881,BK000796,CUST00009,TXN87879530,55361,INR,Wallet,success,Cashfree,2026-11-02,
PAY000882,BK000169,CUST00051,TXN62889163,43520,INR,Wallet,failed,Cashfree,2026-12-29,insufficient_funds
PAY000883,BK000638,CUST00224,TXN98556633,23372,INR,Wallet,success,Stripe,2027-01-20,
PAY000884,BK000434,CUST00037,TXN28757456,69180,INR,Credit Card,success,Cashfree,2026-10-09,
PAY000885,BK000719,CUST00045,TXN14057540,8076,INR,Wallet,success,Stripe,2026-10-13,
PAY000886,BK000699,CUST00133,TXN67776428,23374,INR,Net Banking,pending,Cashfree,2027-01-28,
PAY000887,BK000321,CUST00261,TXN54395616,56843,INR,Wallet,success,Cashfree,2027-02-21,
PAY000888,BK000744,CUST00130,TXN43989662,52786,INR,Wallet,success,Razorpay,2027-03-07,
PAY000889,BK000745,CUST00040,TXN72535335,106084,INR,Debit Card,success,Cashfree,2026-10-20,
PAY000890,BK000988,CUST00016,TXN66013272,8739,INR,UPI,success,PayU,2027-03-20,
PAY000891,BK000370,CUST00143,TXN34226113,103171,INR,Wallet,success,Razorpay,2027-03-17,
PAY000892,BK000784,CUST00199,TXN18788321,53475,INR,Wallet,pending,Stripe,2027-01-19,
PAY000893,BK000991,CUST00293,TXN31748520,32946,INR,Credit Card,success,PayU,2026-10-27,
PAY000894,BK000260,CUST00266,TXN97766003,116003,INR,Net Banking,success,Razorpay,2027-02-26,
PAY000895,BK000756,CUST00122,TXN30153372,27536,INR,UPI,success,PayU,2027-01-07,
PAY000896,BK000085,CUST00114,TXN92492728,66026,INR,Debit Card,failed,Cashfree,2026-11-16,invalid_payment
PAY000897,BK000215,CUST00016,TXN94239412,80705,INR,Wallet,pending,Razorpay,2026-10-26,
PAY000898,BK000742,CUST00099,TXN60508376,75344,INR,Credit Card,success,Stripe,2026-12-17,
PAY000899,BK000814,CUST00006,TXN78045572,34515,INR,Debit Card,failed,Stripe,2026-12-03,bank_declined
PAY000900,BK000385,CUST00052,TXN60006638,76660,INR,UPI,success,Razorpay,2026-12-04,
PAY000901,BK000958,CUST00154,TXN67749815,14671,INR,UPI,failed,Stripe,2027-02-23,bank_declined
PAY000902,BK000911,CUST00078,TXN98316304,58843,INR,Net Banking,pending,Cashfree,2027-01-20,
PAY000903,BK000678,CUST00116,TXN77185212,82829,INR,Net Banking,failed,Razorpay,2026-11-25,bank_declined
PAY000904,BK000397,CUST00026,TXN64912230,35756,INR,Net Banking,success,Cashfree,2026-10-05,
PAY000905,BK000487,CUST00186,TXN86016979,57049,INR,UPI,success,PayU,2026-11-22,
PAY000906,BK000677,CUST00149,TXN24000359,107961,INR,Debit Card,refunded,PayU,2026-10-30,
PAY000907,BK000409,CUST00300,TXN82650193,101621,INR,Net Banking,failed,Cashfree,2026-11-27,invalid_payment
PAY000908,BK000819,CUST00059,TXN82288316,56609,INR,Wallet,failed,Stripe,2026-10-07,invalid_payment
PAY000909,BK000603,CUST00086,TXN18284718,34154,INR,Wallet,success,Razorpay,2026-12-30,
PAY000910,BK000646,CUST00150,TXN72506877,100854,INR,UPI,success,PayU,2026-12-25,
PAY000911,BK000591,CUST00135,TXN38588562,106728,INR,Credit Card,success,Cashfree,2026-12-25,
PAY000912,BK000715,CUST00236,TXN53306765,88116,INR,Debit Card,success,PayU,2027-01-01,
PAY000913,BK000145,CUST00216,TXN38049101,85925,INR,Net Banking,success,Stripe,2026-10-16,
PAY000914,BK000557,CUST00172,TXN48539810,50899,INR,Wallet,success,Cashfree,2027-02-01,
PAY000915,BK000455,CUST00237,TXN55645165,105159,INR,Wallet,success,Cashfree,2027-02-20,
PAY000916,BK000668,CUST00052,TXN67778601,98378,INR,UPI,success,Stripe,2027-01-06,
PAY000917,BK000071,CUST00048,TXN61541196,106418,INR,Debit Card,success,PayU,2027-02-04,
PAY000918,BK000759,CUST00212,TXN90131441,4384,INR,Credit Card,success,Cashfree,2027-01-09,
PAY000919,BK000253,CUST00290,TXN62450818,19869,INR,Credit Card,success,Razorpay,2026-12-20,
PAY000920,BK000395,CUST00124,TXN46543934,92278,INR,UPI,success,Razorpay,2027-03-13,
PAY000921,BK000528,CUST00235,TXN68399110,28239,INR,UPI,success,Stripe,2026-10-04,
PAY000922,BK000779,CUST00181,TXN50282830,38286,INR,Credit Card,pending,PayU,2026-11-04,
PAY000923,BK000118,CUST00275,TXN78163853,92277,INR,Debit Card,success,Razorpay,2026-10-08,
PAY000924,BK000745,CUST00121,TXN52352883,54082,INR,Wallet,failed,Stripe,2026-10-29,insufficient_funds
PAY000925,BK000401,CUST00125,TXN98180188,96351,INR,Wallet,success,Cashfree,2026-12-18,
PAY000926,BK000776,CUST00129,TXN77477357,5138,INR,Net Banking,success,PayU,2027-02-25,
PAY000927,BK000772,CUST00179,TXN10334473,14579,INR,UPI,success,Stripe,2026-12-18,
PAY000928,BK000381,CUST00135,TXN82256042,92021,INR,Debit Card,refunded,Stripe,2026-11-22,
PAY000929,BK000119,CUST00103,TXN94661357,72562,INR,Wallet,pending,Stripe,2027-02-11,
PAY000930,BK000297,CUST00113,TXN18965480,59781,INR,Net Banking,success,PayU,2027-02-24,
PAY000931,BK000772,CUST00298,TXN82316594,69187,INR,Debit Card,success,Stripe,2027-03-22,
PAY000932,BK000496,CUST00183,TXN69779353,105512,INR,Credit Card,success,Cashfree,2026-12-19,
PAY000933,BK000875,CUST00170,TXN28018306,15458,INR,Net Banking,refunded,Razorpay,2027-01-22,
PAY000934,BK000160,CUST00040,TXN58539064,51696,INR,Credit Card,success,Cashfree,2027-02-23,
PAY000935,BK000830,CUST00058,TXN20629603,75783,INR,Wallet,success,Razorpay,2027-02-26,
PAY000936,BK000640,CUST00174,TXN14844363,32383,INR,Debit Card,success,Stripe,2027-01-01,
PAY000937,BK000961,CUST00257,TXN94643590,49209,INR,Credit Card,success,Stripe,2026-11-04,
PAY000938,BK000317,CUST00003,TXN20956660,37878,INR,Debit Card,success,PayU,2026-12-12,
PAY000939,BK000032,CUST00271,TXN54729689,105894,INR,UPI,success,Razorpay,2027-01-31,
PAY000940,BK000487,CUST00280,TXN29577304,53734,INR,UPI,success,Stripe,2027-03-30,
PAY000941,BK000395,CUST00017,TXN83900896,90832,INR,Debit Card,success,Cashfree,2026-10-15,
PAY000942,BK000038,CUST00057,TXN13337080,96287,INR,Wallet,success,Cashfree,2027-03-12,
PAY000943,BK000590,CUST00262,TXN57451220,9902,INR,UPI,failed,PayU,2027-01-13,invalid_payment
PAY000944,BK000170,CUST00294,TXN64537505,30747,INR,Debit Card,success,Stripe,2027-03-29,
PAY000945,BK000637,CUST00100,TXN16935927,83310,INR,Debit Card,success,Razorpay,2027-01-08,
PAY000946,BK000803,CUST00059,TXN98113679,13708,INR,UPI,success,Stripe,2027-01-06,
PAY000947,BK000042,CUST00022,TXN22949362,112248,INR,Credit Card,pending,PayU,2027-03-06,
PAY000948,BK000433,CUST00040,TXN15819626,97319,INR,Wallet,pending,Cashfree,2026-12-26,
PAY000949,BK000327,CUST00237,TXN88898494,70125,INR,Wallet,success,Cashfree,2027-01-20,
PAY000950,BK000270,CUST00104,TXN16945305,40100,INR,Credit Card,failed,Stripe,2026-11-04,invalid_payment
PAY000951,BK000750,CUST00234,TXN42671094,62307,INR,Credit Card,success,Razorpay,2027-03-17,
PAY000952,BK000740,CUST00018,TXN69097224,70667,INR,Credit Card,failed,Cashfree,2026-11-09,gateway_timeout
PAY000953,BK000291,CUST00203,TXN36606223,68617,INR,UPI,success,PayU,2027-02-27,
PAY000954,BK000528,CUST00109,TXN29677598,65564,INR,UPI,success,Stripe,2027-03-10,
PAY000955,BK000577,CUST00228,TXN44677323,41256,INR,Wallet,success,Stripe,2027-03-30,
PAY000956,BK000350,CUST00003,TXN16900124,101948,INR,Credit Card,success,Razorpay,2027-01-29,
PAY000957,BK000231,CUST00077,TXN47477711,78155,INR,Credit Card,refunded,Razorpay,2027-03-06,
PAY000958,BK000564,CUST00061,TXN20854930,104278,INR,UPI,success,Razorpay,2027-01-02,
PAY000959,BK000348,CUST00118,TXN37126591,98973,INR,Wallet,success,Cashfree,2027-02-01,
PAY000960,BK000163,CUST00235,TXN80004149,84242,INR,Credit Card,success,Razorpay,2027-03-15,
PAY000961,BK000867,CUST00158,TXN72425104,35087,INR,UPI,pending,PayU,2026-12-18,
PAY000962,BK000768,CUST00185,TXN10919290,92032,INR,Debit Card,success,Razorpay,2026-11-04,
PAY000963,BK000748,CUST00195,TXN56071809,17547,INR,Wallet,success,PayU,2027-03-28,
PAY000964,BK000936,CUST00038,TXN49482443,88353,INR,Wallet,success,Cashfree,2026-12-28,
PAY000965,BK000440,CUST00067,TXN28123625,68515,INR,Net Banking,pending,Cashfree,2027-01-05,
PAY000966,BK000140,CUST00300,TXN89353561,16474,INR,Net Banking,success,PayU,2027-01-26,
PAY000967,BK000840,CUST00229,TXN59598207,62653,INR,Debit Card,pending,Razorpay,2026-10-10,
PAY000968,BK000095,CUST00187,TXN90773116,86956,INR,UPI,success,PayU,2027-01-16,
PAY000969,BK000051,CUST00140,TXN87486908,30883,INR,Net Banking,success,Razorpay,2026-11-06,
PAY000970,BK000549,CUST00208,TXN70587145,113817,INR,Wallet,refunded,PayU,2026-12-20,
PAY000971,BK000116,CUST00131,TXN27725320,86376,INR,Wallet,success,Cashfree,2026-11-01,
PAY000972,BK000956,CUST00047,TXN30017385,86988,INR,UPI,success,Stripe,2027-03-07,
PAY000973,BK000428,CUST00014,TXN80071386,55588,INR,UPI,pending,Cashfree,2026-11-22,
PAY000974,BK000426,CUST00194,TXN35368894,105574,INR,UPI,success,Cashfree,2026-11-25,
PAY000975,BK000733,CUST00235,TXN23144913,117573,INR,Net Banking,failed,Stripe,2027-01-25,invalid_payment
PAY000976,BK000721,CUST00160,TXN89135899,117399,INR,Debit Card,success,Cashfree,2027-02-24,
PAY000977,BK000696,CUST00087,TXN99746222,34885,INR,Wallet,success,Stripe,2027-02-05,
PAY000978,BK000419,CUST00229,TXN93925452,38841,INR,UPI,success,Cashfree,2026-10-28,
PAY000979,BK000170,CUST00111,TXN39017813,74686,INR,Net Banking,success,Stripe,2026-12-22,
PAY000980,BK000635,CUST00198,TXN66693604,20609,INR,Debit Card,failed,Razorpay,2027-02-25,insufficient_funds
PAY000981,BK000127,CUST00196,TXN74993730,88691,INR,Net Banking,failed,PayU,2026-10-08,insufficient_funds
PAY000982,BK001000,CUST00140,TXN65515623,107027,INR,Credit Card,success,Stripe,2027-01-20,
PAY000983,BK000193,CUST00212,TXN97882553,16975,INR,Debit Card,refunded,Razorpay,2027-02-16,
PAY000984,BK000915,CUST00280,TXN17011515,113845,INR,UPI,pending,Razorpay,2027-01-23,
PAY000985,BK000107,CUST00168,TXN44209957,2379,INR,Debit Card,success,Razorpay,2027-01-13,
PAY000986,BK000090,CUST00020,TXN15360545,66743,INR,Net Banking,success,PayU,2027-01-13,
PAY000987,BK000375,CUST00139,TXN56097149,36606,INR,Debit Card,failed,Stripe,2026-11-16,gateway_timeout
PAY000988,BK000331,CUST00236,TXN81155769,10610,INR,Debit Card,success,Stripe,2027-03-22,
PAY000989,BK000795,CUST00046,TXN12514413,25907,INR,Credit Card,success,PayU,2027-03-30,
PAY000990,BK000931,CUST00272,TXN40570332,86212,INR,Debit Card,success,PayU,2026-11-29,
PAY000991,BK000108,CUST00291,TXN17839537,96701,INR,Wallet,success,Stripe,2026-11-28,
PAY000992,BK000339,CUST00214,TXN36641766,110559,INR,UPI,success,Stripe,2026-12-17,
PAY000993,BK000245,CUST00241,TXN22386017,2085,INR,Debit Card,success,Razorpay,2027-03-19,
PAY000994,BK000306,CUST00039,TXN78120018,62512,INR,Credit Card,success,PayU,2027-03-03,
PAY000995,BK000673,CUST00151,TXN88064986,104506,INR,Wallet,success,Razorpay,2026-12-11,
PAY000996,BK000537,CUST00250,TXN55202578,112205,INR,UPI,success,PayU,2027-03-08,
PAY000997,BK000791,CUST00278,TXN32910860,98030,INR,Wallet,success,PayU,2027-01-26,
PAY000998,BK000255,CUST00147,TXN83279677,115730,INR,Net Banking,success,Stripe,2027-01-12,
PAY000999,BK000606,CUST00132,TXN97374730,89533,INR,Wallet,success,Razorpay,2026-12-26,
PAY001000,BK000468,CUST00170,TXN62787341,55995,INR,UPI,pending,Razorpay,2026-11-22,
