transaction_id,booking_id,customer_id,transaction_type,provider_count,total_amount,currency,status,failure_type,rollback_required,retry_count,created_at
TXN000001,BK000450,CUST00153,rollback,4,100216,INR,failed,network_error,yes,1,2026-11-05
TXN000002,BK000338,CUST00196,multi_provider_booking,2,15181,INR,failed,network_error,yes,3,2027-01-23
TXN000003,BK000464,CUST00047,retry,3,109241,INR,failed,network_error,yes,2,2027-02-18
TXN000004,BK000146,CUST00134,retry,4,10217,INR,failed,payment_failed,yes,3,2027-02-17
TXN000005,BK000013,CUST00137,single_booking,2,5892,INR,failed,provider_timeout,yes,1,2027-03-23
TXN000006,BK000389,CUST00014,multi_provider_booking,4,100237,INR,failed,inventory_unavailable,yes,1,2026-11-04
TXN000007,BK000245,CUST00009,rollback,2,89634,INR,failed,inventory_unavailable,yes,3,2027-01-21
TXN000008,BK000438,CUST00187,single_booking,4,121355,INR,failed,provider_rejected,yes,2,2027-01-16
TXN000009,BK000364,CUST00148,single_booking,1,133067,INR,failed,provider_rejected,yes,3,2026-11-25
TXN000010,BK000517,CUST00082,rollback,3,132133,INR,failed,provider_rejected,yes,2,2026-11-28
TXN000011,BK000281,CUST00050,retry,4,105586,INR,success,,no,3,2026-12-21
TXN000012,BK000137,CUST00188,retry,4,114880,INR,failed,provider_rejected,yes,0,2027-01-11
TXN000013,BK000550,CUST00174,rollback,3,35112,INR,failed,network_error,yes,3,2026-11-06
TXN000014,BK000286,CUST00065,retry,3,28225,INR,failed,validation_error,yes,3,2026-12-27
TXN000015,BK000207,CUST00063,multi_provider_booking,2,64810,INR,failed,network_error,yes,2,2026-10-25
TXN000016,BK000195,CUST00171,retry,3,57170,INR,failed,inventory_unavailable,yes,1,2026-11-02
TXN000017,BK000267,CUST00045,single_booking,1,5822,INR,failed,network_error,yes,1,2027-01-18
TXN000018,BK000891,CUST00241,retry,4,88541,INR,failed,provider_rejected,yes,0,2026-12-16
TXN000019,BK000037,CUST00197,rollback,2,56630,INR,failed,network_error,yes,0,2026-11-28
TXN000020,BK000458,CUST00029,rollback,2,79112,INR,partial_failure,,yes,2,2027-01-13
TXN000021,BK000565,CUST00120,rollback,1,107140,INR,failed,validation_error,yes,1,2026-10-11
TXN000022,BK000914,CUST00220,single_booking,1,45296,INR,failed,network_error,yes,1,2027-01-17
TXN000023,BK000373,CUST00007,single_booking,2,73173,INR,failed,validation_error,yes,0,2027-01-08
TXN000024,BK000653,CUST00140,single_booking,3,60268,INR,failed,validation_error,yes,0,2027-02-03
TXN000025,BK000702,CUST00234,single_booking,3,88295,INR,success,,no,3,2027-02-23
TXN000026,BK000653,CUST00201,multi_provider_booking,3,119092,INR,failed,validation_error,yes,2,2026-10-16
TXN000027,BK000861,CUST00278,rollback,4,54215,INR,failed,network_error,yes,2,2026-11-15
TXN000028,BK000403,CUST00246,rollback,3,38640,INR,failed,payment_failed,yes,1,2026-10-27
TXN000029,BK000526,CUST00024,rollback,3,93364,INR,failed,provider_rejected,yes,0,2026-12-28
TXN000030,BK000897,CUST00138,retry,3,100066,INR,failed,provider_timeout,yes,2,2026-12-18
TXN000031,BK000813,CUST00192,multi_provider_booking,4,42965,INR,failed,provider_timeout,yes,2,2026-12-21
TXN000032,BK000581,CUST00054,rollback,1,78675,INR,failed,inventory_unavailable,yes,0,2026-12-26
TXN000033,BK000692,CUST00283,multi_provider_booking,1,2264,INR,failed,payment_failed,yes,0,2027-02-02
TXN000034,BK000364,CUST00019,single_booking,2,45899,INR,failed,network_error,yes,3,2027-03-08
TXN000035,BK000349,CUST00035,retry,2,63161,INR,failed,validation_error,yes,2,2027-02-20
TXN000036,BK000808,CUST00038,single_booking,2,49766,INR,failed,provider_rejected,yes,3,2026-10-23
TXN000037,BK000124,CUST00200,multi_provider_booking,4,127838,INR,failed,provider_rejected,yes,0,2027-03-13
TXN000038,BK000161,CUST00235,multi_provider_booking,2,20157,INR,failed,inventory_unavailable,yes,1,2026-12-13
TXN000039,BK000616,CUST00174,rollback,1,70902,INR,failed,validation_error,yes,3,2026-12-28
TXN000040,BK000534,CUST00246,retry,4,37116,INR,failed,inventory_unavailable,yes,1,2026-11-16
TXN000041,BK000776,CUST00240,rollback,3,78302,INR,failed,provider_rejected,yes,2,2026-11-13
TXN000042,BK000872,CUST00160,single_booking,1,48381,INR,failed,validation_error,yes,3,2026-11-02
TXN000043,BK000163,CUST00245,retry,3,73724,INR,failed,network_error,yes,1,2026-10-30
TXN000044,BK000974,CUST00208,single_booking,1,116118,INR,failed,inventory_unavailable,yes,3,2026-12-20
TXN000045,BK000243,CUST00114,rollback,4,61724,INR,failed,payment_failed,yes,1,2026-10-11
TXN000046,BK000053,CUST00294,rollback,3,10259,INR,failed,network_error,yes,0,2027-01-04
TXN000047,BK000885,CUST00239,single_booking,1,96735,INR,failed,payment_failed,yes,1,2026-12-03
TXN000048,BK000603,CUST00294,single_booking,1,77158,INR,failed,payment_failed,yes,2,2027-03-12
TXN000049,BK000801,CUST00294,multi_provider_booking,1,95321,INR,failed,inventory_unavailable,yes,3,2027-03-04
TXN000050,BK000538,CUST00300,retry,1,89201,INR,failed,payment_failed,yes,1,2026-12-22
TXN000051,BK000754,CUST00291,multi_provider_booking,2,84296,INR,failed,network_error,yes,0,2026-11-16
TXN000052,BK000249,CUST00098,multi_provider_booking,4,76563,INR,failed,validation_error,yes,2,2027-03-23
TXN000053,BK000306,CUST00026,rollback,1,99309,INR,failed,validation_error,yes,1,2027-03-20
TXN000054,BK000889,CUST00161,multi_provider_booking,2,115035,INR,failed,network_error,yes,0,2027-02-11
TXN000055,BK000107,CUST00014,retry,1,120757,INR,failed,validation_error,yes,2,2027-03-13
TXN000056,BK000587,CUST00273,single_booking,3,123555,INR,failed,network_error,yes,0,2026-12-12
TXN000057,BK000904,CUST00170,retry,3,104576,INR,failed,network_error,yes,0,2026-12-16
TXN000058,BK000559,CUST00106,rollback,4,95350,INR,failed,payment_failed,yes,2,2026-10-28
TXN000059,BK000098,CUST00150,single_booking,2,93009,INR,failed,provider_timeout,yes,3,2026-10-26
TXN000060,BK000376,CUST00264,rollback,2,135826,INR,failed,provider_timeout,yes,1,2026-11-19
TXN000061,BK000641,CUST00083,retry,3,20917,INR,failed,validation_error,yes,1,2027-01-13
TXN000062,BK000869,CUST00287,multi_provider_booking,4,85270,INR,failed,provider_rejected,yes,3,2027-02-22
TXN000063,BK000738,CUST00300,rollback,3,88263,INR,failed,network_error,yes,3,2026-12-16
TXN000064,BK000846,CUST00016,rollback,1,7733,INR,failed,provider_timeout,yes,0,2027-02-06
TXN000065,BK000600,CUST00157,multi_provider_booking,3,67644,INR,partial_failure,,yes,2,2027-02-08
TXN000066,BK000855,CUST00181,multi_provider_booking,3,123404,INR,failed,provider_rejected,yes,2,2026-12-14
TXN000067,BK000459,CUST00127,retry,4,94884,INR,failed,inventory_unavailable,yes,3,2026-11-19
TXN000068,BK000815,CUST00099,retry,4,128409,INR,failed,payment_failed,yes,2,2026-11-08
TXN000069,BK000255,CUST00123,multi_provider_booking,4,2692,INR,failed,provider_timeout,yes,2,2026-11-05
TXN000070,BK000803,CUST00086,rollback,2,75394,INR,failed,network_error,yes,0,2027-03-16
TXN000071,BK000961,CUST00008,retry,3,91702,INR,failed,inventory_unavailable,yes,0,2027-02-09
TXN000072,BK000822,CUST00078,retry,4,38011,INR,failed,provider_rejected,yes,2,2026-10-23
TXN000073,BK000651,CUST00286,retry,2,107054,INR,failed,payment_failed,yes,2,2027-01-29
TXN000074,BK000931,CUST00008,rollback,1,12340,INR,failed,validation_error,yes,2,2027-02-13
TXN000075,BK000826,CUST00192,retry,1,52215,INR,failed,provider_timeout,yes,3,2026-12-12
TXN000076,BK000935,CUST00154,rollback,2,121285,INR,failed,validation_error,yes,3,2027-02-10
TXN000077,BK000407,CUST00211,retry,1,27339,INR,failed,inventory_unavailable,yes,1,2027-03-01
TXN000078,BK000244,CUST00271,rollback,4,89254,INR,failed,provider_rejected,yes,2,2027-01-13
TXN000079,BK000284,CUST00263,single_booking,1,102974,INR,failed,provider_rejected,yes,0,2027-01-11
TXN000080,BK000871,CUST00057,retry,2,94567,INR,failed,network_error,yes,0,2026-10-25
TXN000081,BK000945,CUST00073,retry,1,48533,INR,success,,no,2,2027-03-29
TXN000082,BK000751,CUST00051,retry,3,46086,INR,failed,provider_rejected,yes,0,2026-12-26
TXN000083,BK000633,CUST00171,single_booking,2,69814,INR,failed,inventory_unavailable,yes,1,2026-12-29
TXN000084,BK000725,CUST00012,rollback,4,65026,INR,failed,payment_failed,yes,2,2027-03-11
TXN000085,BK000453,CUST00262,single_booking,3,125492,INR,failed,validation_error,yes,0,2026-11-19
TXN000086,BK000222,CUST00241,single_booking,4,3653,INR,failed,provider_rejected,yes,0,2026-10-04
TXN000087,BK000197,CUST00099,rollback,1,78704,INR,failed,provider_timeout,yes,2,2027-03-07
TXN000088,BK000177,CUST00101,rollback,4,105807,INR,rolled_back,,yes,1,2026-12-13
TXN000089,BK000215,CUST00225,retry,1,81607,INR,failed,validation_error,yes,1,2026-12-11
TXN000090,BK000297,CUST00040,rollback,2,129963,INR,failed,inventory_unavailable,yes,2,2027-01-03
TXN000091,BK000483,CUST00172,single_booking,1,26056,INR,failed,network_error,yes,1,2026-10-25
TXN000092,BK000964,CUST00226,single_booking,3,7308,INR,failed,network_error,yes,2,2026-10-07
TXN000093,BK000801,CUST00241,retry,1,47619,INR,rolled_back,,yes,1,2026-11-30
TXN000094,BK000961,CUST00076,retry,2,58329,INR,partial_failure,,yes,1,2027-03-27
TXN000095,BK000095,CUST00057,retry,3,94194,INR,failed,payment_failed,yes,2,2026-11-21
TXN000096,BK000528,CUST00072,retry,4,59240,INR,failed,inventory_unavailable,yes,1,2027-01-29
TXN000097,BK000984,CUST00257,single_booking,3,29710,INR,failed,provider_timeout,yes,2,2026-12-20
TXN000098,BK000793,CUST00181,retry,2,7759,INR,failed,provider_rejected,yes,3,2027-03-29
TXN000099,BK000375,CUST00101,rollback,1,119448,INR,partial_failure,,yes,2,2027-01-24
TXN000100,BK000889,CUST00142,retry,1,148942,INR,failed,validation_error,yes,2,2027-03-26
TXN000101,BK000878,CUST00229,multi_provider_booking,4,108951,INR,failed,provider_rejected,yes,3,2026-12-30
TXN000102,BK000010,CUST00016,single_booking,2,48506,INR,failed,payment_failed,yes,3,2027-02-10
TXN000103,BK000079,CUST00084,single_booking,1,11648,INR,failed,inventory_unavailable,yes,0,2027-01-11
TXN000104,BK000724,CUST00251,retry,4,59745,INR,failed,provider_rejected,yes,2,2026-11-11
TXN000105,BK000480,CUST00107,multi_provider_booking,1,138019,INR,failed,provider_rejected,yes,2,2027-02-27
TXN000106,BK000075,CUST00285,retry,1,76189,INR,failed,validation_error,yes,3,2027-03-11
TXN000107,BK000364,CUST00041,rollback,1,91283,INR,failed,inventory_unavailable,yes,0,2027-01-01
TXN000108,BK000639,CUST00089,single_booking,3,118647,INR,failed,validation_error,yes,1,2026-10-15
TXN000109,BK000794,CUST00097,rollback,3,95141,INR,failed,inventory_unavailable,yes,3,2027-01-13
TXN000110,BK000965,CUST00143,retry,3,13431,INR,failed,payment_failed,yes,0,2026-11-10
TXN000111,BK000394,CUST00016,single_booking,2,6920,INR,failed,provider_rejected,yes,3,2027-01-05
TXN000112,BK000646,CUST00234,retry,4,9159,INR,failed,validation_error,yes,0,2027-02-05
TXN000113,BK000702,CUST00175,multi_provider_booking,3,55549,INR,failed,payment_failed,yes,0,2026-10-13
TXN000114,BK000191,CUST00103,single_booking,1,96562,INR,failed,validation_error,yes,0,2026-10-06
TXN000115,BK000811,CUST00171,single_booking,4,29196,INR,failed,network_error,yes,0,2026-12-09
TXN000116,BK000910,CUST00232,single_booking,3,109926,INR,failed,payment_failed,yes,1,2026-11-22
TXN000117,BK000145,CUST00084,rollback,4,1122,INR,success,,no,1,2026-11-24
TXN000118,BK000821,CUST00290,single_booking,4,117959,INR,success,,no,2,2026-11-03
TXN000119,BK000776,CUST00267,single_booking,2,52606,INR,failed,inventory_unavailable,yes,0,2026-11-29
TXN000120,BK000955,CUST00173,single_booking,3,131122,INR,failed,provider_rejected,yes,3,2026-12-05
TXN000121,BK000270,CUST00052,single_booking,1,58318,INR,failed,provider_timeout,yes,1,2027-02-16
TXN000122,BK000295,CUST00162,single_booking,2,75995,INR,failed,inventory_unavailable,yes,1,2026-11-25
TXN000123,BK000808,CUST00038,multi_provider_booking,3,56836,INR,failed,inventory_unavailable,yes,3,2026-10-19
TXN000124,BK000473,CUST00209,rollback,2,69719,INR,failed,inventory_unavailable,yes,2,2026-10-18
TXN000125,BK000667,CUST00077,multi_provider_booking,4,93170,INR,failed,provider_timeout,yes,0,2027-03-11
TXN000126,BK000416,CUST00165,multi_provider_booking,1,39851,INR,failed,network_error,yes,2,2027-01-03
TXN000127,BK000068,CUST00269,multi_provider_booking,3,12512,INR,partial_failure,,yes,3,2026-10-29
TXN000128,BK000950,CUST00200,rollback,2,95099,INR,failed,provider_timeout,yes,1,2026-11-07
TXN000129,BK000621,CUST00151,rollback,3,52026,INR,success,,no,3,2026-10-28
TXN000130,BK000975,CUST00219,multi_provider_booking,2,55732,INR,failed,provider_rejected,yes,0,2027-01-17
TXN000131,BK000068,CUST00270,multi_provider_booking,1,4292,INR,failed,provider_rejected,yes,3,2026-11-17
TXN000132,BK000622,CUST00185,retry,4,49885,INR,failed,validation_error,yes,1,2026-12-16
TXN000133,BK000218,CUST00283,single_booking,4,113603,INR,failed,validation_error,yes,3,2026-11-10
TXN000134,BK000976,CUST00294,single_booking,4,37451,INR,failed,provider_rejected,yes,0,2026-10-12
TXN000135,BK000137,CUST00022,multi_provider_booking,3,85869,INR,failed,validation_error,yes,1,2027-02-07
TXN000136,BK000726,CUST00004,multi_provider_booking,4,86405,INR,failed,payment_failed,yes,1,2026-12-15
TXN000137,BK000184,CUST00116,retry,2,35084,INR,failed,provider_timeout,yes,0,2027-03-02
TXN000138,BK000367,CUST00277,multi_provider_booking,4,107229,INR,success,,no,3,2026-12-14
TXN000139,BK000091,CUST00106,rollback,1,73064,INR,failed,validation_error,yes,1,2026-12-15
TXN000140,BK000508,CUST00134,multi_provider_booking,3,119422,INR,failed,provider_timeout,yes,3,2026-10-11
TXN000141,BK000760,CUST00236,single_booking,3,117682,INR,failed,validation_error,yes,1,2026-10-18
TXN000142,BK000176,CUST00195,single_booking,1,57062,INR,rolled_back,,yes,2,2026-12-12
TXN000143,BK000472,CUST00276,single_booking,3,144323,INR,failed,payment_failed,yes,2,2026-10-13
TXN000144,BK000176,CUST00145,rollback,1,112371,INR,failed,validation_error,yes,3,2026-12-28
TXN000145,BK000492,CUST00104,rollback,1,93975,INR,failed,payment_failed,yes,0,2027-01-06
TXN000146,BK000248,CUST00237,single_booking,1,52720,INR,failed,validation_error,yes,3,2027-03-12
TXN000147,BK000684,CUST00255,retry,1,145683,INR,partial_failure,,yes,2,2027-01-29
TXN000148,BK000636,CUST00190,retry,1,25749,INR,failed,validation_error,yes,1,2027-03-05
TXN000149,BK000540,CUST00233,rollback,3,132510,INR,failed,validation_error,yes,3,2027-03-22
TXN000150,BK000775,CUST00151,multi_provider_booking,4,105795,INR,failed,payment_failed,yes,0,2026-10-14
TXN000151,BK000598,CUST00138,rollback,4,34696,INR,failed,network_error,yes,1,2027-03-01
TXN000152,BK000321,CUST00031,multi_provider_booking,2,94023,INR,failed,network_error,yes,2,2027-01-13
TXN000153,BK000595,CUST00170,multi_provider_booking,3,103563,INR,failed,provider_rejected,yes,2,2026-10-10
TXN000154,BK000677,CUST00091,retry,3,95355,INR,failed,provider_rejected,yes,1,2027-02-26
TXN000155,BK000024,CUST00100,single_booking,3,29292,INR,failed,provider_rejected,yes,1,2027-03-26
TXN000156,BK000495,CUST00264,retry,3,121166,INR,failed,payment_failed,yes,0,2026-10-14
TXN000157,BK000474,CUST00072,multi_provider_booking,3,112765,INR,failed,provider_rejected,yes,1,2027-01-16
TXN000158,BK000975,CUST00231,retry,4,35765,INR,failed,validation_error,yes,2,2027-03-28
TXN000159,BK000560,CUST00165,retry,1,97316,INR,partial_failure,,yes,3,2027-02-03
TXN000160,BK000776,CUST00071,retry,2,134721,INR,failed,provider_rejected,yes,0,2027-02-14
TXN000161,BK000309,CUST00289,rollback,3,149380,INR,failed,validation_error,yes,0,2027-03-05
TXN000162,BK000997,CUST00269,single_booking,3,22948,INR,failed,provider_timeout,yes,1,2026-10-25
TXN000163,BK000774,CUST00288,multi_provider_booking,2,71971,INR,failed,provider_rejected,yes,1,2026-12-23
TXN000164,BK000848,CUST00273,rollback,1,29525,INR,partial_failure,,yes,0,2027-03-25
TXN000165,BK000091,CUST00078,multi_provider_booking,3,77819,INR,failed,provider_rejected,yes,0,2027-02-16
TXN000166,BK000412,CUST00278,retry,2,41842,INR,failed,payment_failed,yes,3,2026-10-10
TXN000167,BK000454,CUST00055,single_booking,3,136567,INR,failed,network_error,yes,1,2026-10-10
TXN000168,BK000942,CUST00270,rollback,2,8300,INR,rolled_back,,yes,0,2026-12-14
TXN000169,BK000902,CUST00114,single_booking,4,29752,INR,failed,provider_timeout,yes,3,2026-10-19
TXN000170,BK000444,CUST00079,multi_provider_booking,4,11026,INR,failed,payment_failed,yes,2,2026-10-13
TXN000171,BK000417,CUST00209,retry,2,63790,INR,failed,network_error,yes,3,2026-12-21
TXN000172,BK000639,CUST00114,rollback,4,127173,INR,success,,no,1,2027-01-31
TXN000173,BK000755,CUST00162,multi_provider_booking,4,34142,INR,failed,validation_error,yes,1,2027-01-20
TXN000174,BK000487,CUST00247,single_booking,2,1548,INR,failed,payment_failed,yes,2,2026-11-25
TXN000175,BK000989,CUST00005,retry,2,42292,INR,failed,validation_error,yes,1,2026-12-24
TXN000176,BK000041,CUST00290,single_booking,1,6633,INR,failed,provider_timeout,yes,3,2026-12-27
TXN000177,BK000267,CUST00241,rollback,4,41753,INR,failed,network_error,yes,1,2027-03-16
TXN000178,BK000370,CUST00179,multi_provider_booking,1,66488,INR,failed,provider_timeout,yes,0,2026-12-24
TXN000179,BK000755,CUST00212,multi_provider_booking,2,27681,INR,failed,inventory_unavailable,yes,2,2026-12-01
TXN000180,BK000975,CUST00023,retry,1,16946,INR,failed,inventory_unavailable,yes,0,2026-11-18
TXN000181,BK000424,CUST00171,single_booking,1,78930,INR,failed,provider_timeout,yes,2,2026-11-01
TXN000182,BK000782,CUST00287,retry,3,12826,INR,rolled_back,,yes,1,2026-11-26
TXN000183,BK000185,CUST00169,retry,3,47086,INR,failed,inventory_unavailable,yes,2,2026-11-24
TXN000184,BK000384,CUST00118,multi_provider_booking,4,52842,INR,failed,payment_failed,yes,0,2026-12-22
TXN000185,BK000187,CUST00208,multi_provider_booking,3,145583,INR,failed,payment_failed,yes,0,2027-03-30
TXN000186,BK000288,CUST00286,rollback,2,129466,INR,failed,network_error,yes,2,2027-03-27
TXN000187,BK000735,CUST00073,rollback,4,129710,INR,failed,payment_failed,yes,2,2026-12-24
TXN000188,BK000598,CUST00132,retry,3,20167,INR,rolled_back,,yes,1,2027-01-11
TXN000189,BK000881,CUST00092,multi_provider_booking,3,88379,INR,failed,provider_rejected,yes,0,2026-12-04
TXN000190,BK000258,CUST00210,multi_provider_booking,4,9911,INR,failed,inventory_unavailable,yes,1,2026-11-11
TXN000191,BK000905,CUST00230,multi_provider_booking,3,106580,INR,failed,validation_error,yes,2,2027-01-16
TXN000192,BK000576,CUST00134,rollback,1,27134,INR,partial_failure,,yes,2,2027-02-25
TXN000193,BK000989,CUST00137,multi_provider_booking,3,38387,INR,failed,validation_error,yes,1,2027-01-22
TXN000194,BK000140,CUST00276,single_booking,3,80058,INR,failed,inventory_unavailable,yes,3,2027-02-16
TXN000195,BK000639,CUST00172,rollback,3,62301,INR,failed,provider_timeout,yes,1,2026-11-12
TXN000196,BK000236,CUST00280,rollback,2,104422,INR,failed,validation_error,yes,2,2027-02-27
TXN000197,BK000544,CUST00053,retry,2,101939,INR,failed,payment_failed,yes,3,2026-11-05
TXN000198,BK000297,CUST00208,retry,2,54760,INR,failed,validation_error,yes,3,2027-01-04
TXN000199,BK000087,CUST00293,retry,3,3912,INR,failed,provider_rejected,yes,0,2026-11-30
TXN000200,BK000118,CUST00288,multi_provider_booking,3,132206,INR,success,,no,0,2027-01-23
TXN000201,BK000593,CUST00126,single_booking,4,36728,INR,rolled_back,,yes,1,2026-10-03
TXN000202,BK000465,CUST00157,single_booking,3,107336,INR,failed,validation_error,yes,3,2027-01-19
TXN000203,BK000611,CUST00243,rollback,3,96667,INR,failed,inventory_unavailable,yes,1,2027-01-11
TXN000204,BK000773,CUST00065,single_booking,1,48644,INR,failed,payment_failed,yes,1,2026-12-01
TXN000205,BK000113,CUST00092,retry,3,35686,INR,failed,provider_rejected,yes,3,2027-02-21
TXN000206,BK000967,CUST00203,retry,1,23713,INR,failed,provider_rejected,yes,3,2026-12-21
TXN000207,BK000910,CUST00041,single_booking,3,79191,INR,failed,provider_rejected,yes,0,2026-10-18
TXN000208,BK000102,CUST00012,single_booking,2,135410,INR,rolled_back,,yes,3,2027-02-02
TXN000209,BK000446,CUST00222,retry,4,143288,INR,rolled_back,,yes,2,2026-12-31
TXN000210,BK000259,CUST00147,single_booking,1,54589,INR,failed,provider_timeout,yes,3,2026-10-15
TXN000211,BK000339,CUST00191,multi_provider_booking,1,94949,INR,failed,provider_rejected,yes,2,2027-03-29
TXN000212,BK000266,CUST00054,retry,1,21387,INR,failed,validation_error,yes,0,2027-01-08
TXN000213,BK000438,CUST00282,single_booking,2,33999,INR,failed,provider_rejected,yes,3,2026-12-21
TXN000214,BK000746,CUST00245,multi_provider_booking,3,84500,INR,rolled_back,,yes,2,2027-02-01
TXN000215,BK000468,CUST00230,multi_provider_booking,2,36066,INR,failed,provider_rejected,yes,1,2027-03-01
TXN000216,BK000239,CUST00294,single_booking,2,89750,INR,failed,provider_timeout,yes,1,2027-03-21
TXN000217,BK000079,CUST00233,single_booking,2,104298,INR,partial_failure,,yes,1,2027-03-07
TXN000218,BK000576,CUST00257,single_booking,3,30443,INR,failed,provider_timeout,yes,2,2027-01-17
TXN000219,BK000361,CUST00271,multi_provider_booking,2,38090,INR,failed,payment_failed,yes,1,2026-11-10
TXN000220,BK000162,CUST00074,multi_provider_booking,1,70960,INR,failed,network_error,yes,2,2026-10-29
TXN000221,BK000073,CUST00141,rollback,4,142755,INR,failed,payment_failed,yes,1,2027-01-07
TXN000222,BK000531,CUST00131,single_booking,2,4189,INR,failed,provider_rejected,yes,3,2027-02-20
TXN000223,BK000790,CUST00183,single_booking,2,144035,INR,failed,network_error,yes,3,2026-12-19
TXN000224,BK000391,CUST00029,rollback,4,143296,INR,failed,provider_timeout,yes,2,2027-03-26
TXN000225,BK000259,CUST00106,retry,1,121521,INR,failed,validation_error,yes,2,2027-01-14
TXN000226,BK000775,CUST00181,multi_provider_booking,4,41520,INR,failed,validation_error,yes,3,2026-10-30
TXN000227,BK000628,CUST00101,rollback,1,66057,INR,failed,provider_rejected,yes,1,2026-11-26
TXN000228,BK000086,CUST00027,rollback,3,100181,INR,failed,validation_error,yes,1,2026-12-11
TXN000229,BK000107,CUST00172,multi_provider_booking,4,36000,INR,failed,inventory_unavailable,yes,3,2026-10-16
TXN000230,BK000874,CUST00206,retry,3,49126,INR,failed,inventory_unavailable,yes,1,2026-11-27
TXN000231,BK000287,CUST00252,retry,1,138987,INR,failed,payment_failed,yes,2,2026-12-04
TXN000232,BK000690,CUST00264,retry,3,120925,INR,failed,validation_error,yes,1,2026-12-15
TXN000233,BK000717,CUST00004,retry,1,85808,INR,failed,provider_timeout,yes,3,2026-11-19
TXN000234,BK000188,CUST00157,rollback,3,16042,INR,failed,validation_error,yes,1,2026-12-07
TXN000235,BK000880,CUST00042,single_booking,3,15448,INR,failed,network_error,yes,3,2026-12-31
TXN000236,BK000520,CUST00290,rollback,4,148054,INR,failed,payment_failed,yes,1,2027-02-04
TXN000237,BK000025,CUST00289,single_booking,2,121540,INR,failed,validation_error,yes,3,2026-12-07
TXN000238,BK000075,CUST00063,single_booking,2,67427,INR,failed,validation_error,yes,3,2027-01-21
TXN000239,BK000079,CUST00030,rollback,2,132398,INR,failed,provider_rejected,yes,2,2027-01-18
TXN000240,BK000461,CUST00238,rollback,4,142312,INR,failed,inventory_unavailable,yes,2,2026-10-31
TXN000241,BK000596,CUST00002,single_booking,2,143112,INR,success,,no,0,2026-10-02
TXN000242,BK000212,CUST00042,rollback,4,79902,INR,failed,network_error,yes,0,2026-11-08
TXN000243,BK000887,CUST00090,multi_provider_booking,3,88979,INR,failed,network_error,yes,1,2027-02-10
TXN000244,BK000829,CUST00285,multi_provider_booking,1,128857,INR,failed,inventory_unavailable,yes,2,2026-10-13
TXN000245,BK000142,CUST00178,single_booking,2,87836,INR,failed,validation_error,yes,2,2027-03-02
TXN000246,BK000638,CUST00271,multi_provider_booking,3,44148,INR,partial_failure,,yes,1,2027-01-28
TXN000247,BK000423,CUST00250,retry,2,134162,INR,failed,network_error,yes,1,2027-02-28
TXN000248,BK000127,CUST00059,rollback,2,113149,INR,failed,payment_failed,yes,1,2027-03-15
TXN000249,BK000484,CUST00287,rollback,2,6549,INR,rolled_back,,yes,1,2026-10-07
TXN000250,BK000335,CUST00059,single_booking,2,20067,INR,failed,validation_error,yes,1,2027-03-09
TXN000251,BK000301,CUST00097,retry,4,1598,INR,failed,network_error,yes,1,2026-10-22
TXN000252,BK000807,CUST00031,rollback,2,140350,INR,failed,payment_failed,yes,2,2026-12-10
TXN000253,BK000153,CUST00109,retry,2,116825,INR,failed,validation_error,yes,3,2026-11-09
TXN000254,BK000268,CUST00103,single_booking,2,26882,INR,failed,validation_error,yes,2,2026-12-07
TXN000255,BK000496,CUST00149,retry,4,118290,INR,failed,provider_timeout,yes,1,2027-03-06
TXN000256,BK000129,CUST00226,multi_provider_booking,1,48299,INR,failed,network_error,yes,0,2027-03-25
TXN000257,BK000713,CUST00064,single_booking,4,92817,INR,failed,inventory_unavailable,yes,2,2026-11-28
TXN000258,BK000097,CUST00157,single_booking,1,12259,INR,failed,payment_failed,yes,3,2026-12-07
TXN000259,BK000283,CUST00090,rollback,4,95452,INR,failed,validation_error,yes,3,2026-11-14
TXN000260,BK000785,CUST00216,rollback,4,38151,INR,failed,network_error,yes,1,2027-02-27
TXN000261,BK000122,CUST00013,multi_provider_booking,3,34031,INR,failed,provider_timeout,yes,2,2026-10-19
TXN000262,BK000357,CUST00198,retry,4,100024,INR,failed,provider_timeout,yes,2,2026-10-05
TXN000263,BK000714,CUST00256,rollback,4,65191,INR,failed,provider_timeout,yes,0,2026-12-15
TXN000264,BK000956,CUST00225,multi_provider_booking,3,64920,INR,failed,inventory_unavailable,yes,3,2026-11-07
TXN000265,BK000890,CUST00079,multi_provider_booking,3,15768,INR,success,,no,0,2027-01-14
TXN000266,BK000670,CUST00086,retry,1,108806,INR,failed,network_error,yes,3,2027-03-07
TXN000267,BK000863,CUST00014,retry,1,84752,INR,failed,payment_failed,yes,3,2027-02-04
TXN000268,BK000121,CUST00283,retry,4,57473,INR,failed,network_error,yes,2,2027-02-08
TXN000269,BK000146,CUST00182,single_booking,3,7606,INR,failed,payment_failed,yes,2,2026-10-04
TXN000270,BK000111,CUST00086,retry,3,19637,INR,failed,provider_timeout,yes,2,2026-10-09
TXN000271,BK000728,CUST00295,single_booking,3,12107,INR,failed,provider_rejected,yes,1,2027-01-13
TXN000272,BK000521,CUST00294,multi_provider_booking,2,101384,INR,failed,inventory_unavailable,yes,3,2027-02-26
TXN000273,BK000069,CUST00204,single_booking,2,116642,INR,failed,provider_rejected,yes,0,2026-10-31
TXN000274,BK000931,CUST00051,multi_provider_booking,1,131382,INR,failed,network_error,yes,3,2027-01-05
TXN000275,BK000377,CUST00293,single_booking,2,147520,INR,failed,network_error,yes,2,2027-03-06
TXN000276,BK000799,CUST00096,retry,1,69719,INR,failed,provider_rejected,yes,0,2027-03-27
TXN000277,BK000626,CUST00285,retry,3,56631,INR,failed,validation_error,yes,1,2027-01-25
TXN000278,BK000183,CUST00266,rollback,4,99496,INR,success,,no,2,2026-11-22
TXN000279,BK000486,CUST00030,multi_provider_booking,4,46035,INR,partial_failure,,yes,2,2026-11-28
TXN000280,BK000533,CUST00112,multi_provider_booking,3,63431,INR,failed,provider_rejected,yes,3,2027-02-24
TXN000281,BK000519,CUST00173,rollback,2,84230,INR,failed,provider_timeout,yes,3,2026-12-08
TXN000282,BK000960,CUST00152,rollback,3,103274,INR,failed,inventory_unavailable,yes,3,2026-11-19
TXN000283,BK000816,CUST00264,multi_provider_booking,3,16093,INR,failed,validation_error,yes,3,2027-02-27
TXN000284,BK000860,CUST00033,single_booking,2,83649,INR,failed,payment_failed,yes,0,2027-01-01
TXN000285,BK000023,CUST00010,single_booking,3,87153,INR,rolled_back,,yes,2,2026-12-29
TXN000286,BK000697,CUST00078,retry,3,76560,INR,partial_failure,,yes,3,2026-12-29
TXN000287,BK000347,CUST00189,single_booking,3,113334,INR,failed,payment_failed,yes,1,2027-01-23
TXN000288,BK000835,CUST00076,rollback,1,144140,INR,failed,provider_rejected,yes,1,2027-01-13
TXN000289,BK000062,CUST00116,rollback,1,39453,INR,failed,network_error,yes,2,2026-10-03
TXN000290,BK000069,CUST00223,multi_provider_booking,3,54716,INR,failed,provider_timeout,yes,1,2027-01-01
TXN000291,BK000964,CUST00276,multi_provider_booking,3,33203,INR,failed,provider_rejected,yes,3,2027-03-27
TXN000292,BK000638,CUST00150,multi_provider_booking,4,46832,INR,failed,provider_timeout,yes,1,2026-10-04
TXN000293,BK000835,CUST00005,single_booking,4,2440,INR,failed,provider_timeout,yes,1,2026-11-04
TXN000294,BK000224,CUST00171,retry,3,143474,INR,failed,payment_failed,yes,1,2027-03-22
TXN000295,BK000532,CUST00154,single_booking,1,60284,INR,failed,validation_error,yes,3,2027-03-04
TXN000296,BK000833,CUST00120,retry,4,72661,INR,failed,provider_timeout,yes,0,2026-12-08
TXN000297,BK000600,CUST00082,rollback,1,69339,INR,failed,payment_failed,yes,2,2027-01-19
TXN000298,BK000920,CUST00070,retry,3,9520,INR,failed,provider_timeout,yes,1,2026-10-01
TXN000299,BK000761,CUST00072,rollback,3,68035,INR,failed,inventory_unavailable,yes,0,2026-12-31
TXN000300,BK000047,CUST00052,multi_provider_booking,2,28012,INR,failed,provider_rejected,yes,0,2027-02-15
TXN000301,BK000750,CUST00274,rollback,2,74708,INR,failed,provider_timeout,yes,2,2027-03-26
TXN000302,BK000726,CUST00054,rollback,1,100643,INR,failed,inventory_unavailable,yes,1,2026-10-28
TXN000303,BK000668,CUST00236,single_booking,2,27626,INR,failed,network_error,yes,0,2026-11-05
TXN000304,BK000578,CUST00268,multi_provider_booking,4,15052,INR,rolled_back,,yes,0,2026-10-26
TXN000305,BK000350,CUST00056,rollback,4,66630,INR,failed,validation_error,yes,3,2026-10-08
TXN000306,BK000193,CUST00223,rollback,4,134248,INR,success,,no,3,2026-10-05
TXN000307,BK000145,CUST00138,rollback,3,111739,INR,failed,validation_error,yes,2,2027-03-03
TXN000308,BK000992,CUST00129,rollback,2,43090,INR,failed,provider_rejected,yes,1,2027-01-25
TXN000309,BK000747,CUST00051,single_booking,3,61912,INR,failed,network_error,yes,1,2026-10-26
TXN000310,BK000360,CUST00202,single_booking,2,127777,INR,failed,provider_rejected,yes,3,2026-12-08
TXN000311,BK000402,CUST00024,single_booking,1,149105,INR,failed,inventory_unavailable,yes,3,2027-03-28
TXN000312,BK000267,CUST00169,multi_provider_booking,4,4179,INR,failed,provider_timeout,yes,0,2026-12-22
TXN000313,BK000343,CUST00127,rollback,4,14757,INR,success,,no,2,2027-02-26
TXN000314,BK000116,CUST00178,retry,4,146806,INR,failed,provider_timeout,yes,3,2026-12-14
TXN000315,BK000479,CUST00269,rollback,3,49792,INR,failed,validation_error,yes,0,2026-12-26
TXN000316,BK000460,CUST00102,rollback,4,35255,INR,success,,no,3,2027-02-20
TXN000317,BK000070,CUST00181,rollback,2,116093,INR,failed,payment_failed,yes,3,2026-11-19
TXN000318,BK000812,CUST00073,retry,1,70174,INR,failed,payment_failed,yes,0,2027-03-20
TXN000319,BK000648,CUST00269,rollback,1,127309,INR,partial_failure,,yes,1,2027-02-18
TXN000320,BK000801,CUST00226,single_booking,1,42260,INR,partial_failure,,yes,1,2027-01-23
TXN000321,BK000883,CUST00297,multi_provider_booking,4,21041,INR,failed,provider_timeout,yes,0,2027-01-20
TXN000322,BK000717,CUST00044,retry,1,53235,INR,failed,provider_rejected,yes,3,2026-12-23
TXN000323,BK000075,CUST00295,single_booking,4,65064,INR,failed,provider_timeout,yes,2,2026-11-13
TXN000324,BK000789,CUST00057,rollback,1,127894,INR,rolled_back,,yes,2,2027-03-16
TXN000325,BK000576,CUST00037,multi_provider_booking,4,148125,INR,failed,network_error,yes,0,2027-03-08
TXN000326,BK000712,CUST00014,rollback,1,64271,INR,failed,provider_timeout,yes,1,2026-12-10
TXN000327,BK000681,CUST00258,rollback,2,31540,INR,failed,payment_failed,yes,3,2027-03-27
TXN000328,BK000145,CUST00061,rollback,1,141165,INR,partial_failure,,yes,3,2026-12-25
TXN000329,BK000408,CUST00106,multi_provider_booking,3,36369,INR,failed,provider_rejected,yes,0,2026-12-26
TXN000330,BK000121,CUST00249,retry,4,84162,INR,failed,provider_rejected,yes,0,2026-10-06
TXN000331,BK000370,CUST00149,multi_provider_booking,2,136042,INR,failed,provider_timeout,yes,0,2027-03-22
TXN000332,BK000209,CUST00139,single_booking,2,78462,INR,partial_failure,,yes,1,2026-11-10
TXN000333,BK000220,CUST00171,rollback,1,89245,INR,success,,no,3,2027-02-23
TXN000334,BK000250,CUST00087,multi_provider_booking,4,83670,INR,rolled_back,,yes,3,2027-03-04
TXN000335,BK000829,CUST00219,rollback,4,140300,INR,failed,inventory_unavailable,yes,3,2026-11-16
TXN000336,BK000445,CUST00288,single_booking,3,36831,INR,rolled_back,,yes,1,2027-03-12
TXN000337,BK000295,CUST00224,multi_provider_booking,3,130137,INR,failed,inventory_unavailable,yes,2,2027-02-19
TXN000338,BK000416,CUST00068,multi_provider_booking,1,30184,INR,failed,inventory_unavailable,yes,0,2026-12-23
TXN000339,BK000031,CUST00258,multi_provider_booking,2,51999,INR,failed,inventory_unavailable,yes,0,2027-03-04
TXN000340,BK000573,CUST00166,single_booking,1,21982,INR,failed,provider_rejected,yes,1,2026-12-29
TXN000341,BK000973,CUST00245,multi_provider_booking,3,12035,INR,failed,validation_error,yes,2,2026-12-12
TXN000342,BK000254,CUST00131,rollback,1,49468,INR,failed,provider_rejected,yes,3,2026-12-31
TXN000343,BK000430,CUST00042,retry,4,9229,INR,failed,provider_timeout,yes,2,2026-10-23
TXN000344,BK000640,CUST00002,rollback,4,90453,INR,rolled_back,,yes,1,2026-11-05
TXN000345,BK000116,CUST00250,retry,1,82604,INR,failed,payment_failed,yes,3,2027-03-23
TXN000346,BK000939,CUST00183,retry,2,3071,INR,rolled_back,,yes,2,2027-02-27
TXN000347,BK000101,CUST00162,single_booking,4,73032,INR,failed,payment_failed,yes,2,2026-12-09
TXN000348,BK000948,CUST00186,rollback,2,146976,INR,failed,provider_timeout,yes,2,2027-03-23
TXN000349,BK000395,CUST00051,rollback,3,42463,INR,failed,validation_error,yes,3,2026-12-04
TXN000350,BK000562,CUST00028,multi_provider_booking,4,148521,INR,failed,provider_rejected,yes,3,2027-01-03
TXN000351,BK000155,CUST00265,rollback,3,17042,INR,failed,provider_timeout,yes,3,2027-01-21
TXN000352,BK000028,CUST00049,retry,1,23372,INR,failed,provider_rejected,yes,1,2026-12-22
TXN000353,BK000690,CUST00085,single_booking,2,55462,INR,failed,inventory_unavailable,yes,2,2027-01-11
TXN000354,BK000851,CUST00127,multi_provider_booking,3,89848,INR,failed,payment_failed,yes,3,2027-02-13
TXN000355,BK000732,CUST00076,multi_provider_booking,4,90100,INR,failed,payment_failed,yes,3,2027-03-13
TXN000356,BK000045,CUST00003,retry,3,95849,INR,failed,payment_failed,yes,0,2026-11-20
TXN000357,BK000836,CUST00018,multi_provider_booking,3,53162,INR,success,,no,1,2026-10-15
TXN000358,BK000583,CUST00210,multi_provider_booking,3,96562,INR,failed,payment_failed,yes,0,2027-03-15
TXN000359,BK000550,CUST00284,retry,3,25201,INR,failed,payment_failed,yes,2,2026-11-28
TXN000360,BK000634,CUST00298,single_booking,2,91970,INR,failed,provider_timeout,yes,0,2027-01-08
TXN000361,BK000412,CUST00300,multi_provider_booking,3,87638,INR,failed,validation_error,yes,0,2027-03-16
TXN000362,BK000314,CUST00152,rollback,3,117012,INR,failed,validation_error,yes,3,2027-01-07
TXN000363,BK000307,CUST00254,single_booking,3,39647,INR,failed,validation_error,yes,0,2027-01-07
TXN000364,BK000477,CUST00299,single_booking,4,48691,INR,failed,validation_error,yes,2,2027-02-03
TXN000365,BK000083,CUST00004,rollback,1,27299,INR,failed,payment_failed,yes,2,2027-03-13
TXN000366,BK000353,CUST00007,single_booking,4,70002,INR,failed,payment_failed,yes,3,2026-10-23
TXN000367,BK000882,CUST00151,single_booking,2,38054,INR,failed,validation_error,yes,2,2026-12-30
TXN000368,BK000080,CUST00046,retry,3,99794,INR,success,,no,3,2026-11-03
TXN000369,BK000125,CUST00242,rollback,1,105523,INR,failed,network_error,yes,3,2026-11-28
TXN000370,BK000454,CUST00228,single_booking,2,106542,INR,partial_failure,,yes,1,2026-10-14
TXN000371,BK000476,CUST00268,rollback,3,94376,INR,failed,network_error,yes,2,2026-10-25
TXN000372,BK000090,CUST00117,single_booking,3,29596,INR,failed,network_error,yes,2,2027-02-10
TXN000373,BK000981,CUST00095,single_booking,1,127446,INR,failed,provider_rejected,yes,0,2027-02-25
TXN000374,BK000460,CUST00179,retry,3,37902,INR,failed,payment_failed,yes,0,2026-11-28
TXN000375,BK000186,CUST00196,rollback,2,95397,INR,failed,inventory_unavailable,yes,3,2026-10-16
TXN000376,BK000008,CUST00049,single_booking,1,38049,INR,failed,provider_timeout,yes,3,2026-11-14
TXN000377,BK000455,CUST00245,rollback,3,87814,INR,failed,validation_error,yes,2,2026-12-15
TXN000378,BK000993,CUST00193,rollback,3,9862,INR,failed,payment_failed,yes,0,2027-02-18
TXN000379,BK000924,CUST00082,rollback,2,97252,INR,failed,provider_rejected,yes,1,2027-02-02
TXN000380,BK000976,CUST00089,multi_provider_booking,4,144411,INR,failed,inventory_unavailable,yes,2,2026-10-18
TXN000381,BK000760,CUST00041,single_booking,2,132964,INR,failed,validation_error,yes,1,2027-03-12
TXN000382,BK000818,CUST00043,single_booking,3,130153,INR,failed,inventory_unavailable,yes,1,2027-01-02
TXN000383,BK000657,CUST00109,retry,4,61123,INR,failed,provider_rejected,yes,0,2026-10-30
TXN000384,BK000374,CUST00259,rollback,2,138594,INR,failed,validation_error,yes,0,2027-01-29
TXN000385,BK000255,CUST00259,single_booking,1,44213,INR,failed,provider_timeout,yes,0,2027-01-11
TXN000386,BK000673,CUST00074,retry,4,137310,INR,failed,inventory_unavailable,yes,2,2026-11-30
TXN000387,BK000322,CUST00245,single_booking,3,47245,INR,failed,provider_rejected,yes,2,2027-01-19
TXN000388,BK000238,CUST00118,single_booking,4,47818,INR,partial_failure,,yes,3,2026-10-11
TXN000389,BK000043,CUST00076,rollback,2,78519,INR,failed,payment_failed,yes,3,2027-01-22
TXN000390,BK000954,CUST00143,multi_provider_booking,3,115098,INR,failed,payment_failed,yes,3,2026-10-27
TXN000391,BK000869,CUST00288,multi_provider_booking,3,139510,INR,failed,validation_error,yes,1,2026-12-02
TXN000392,BK000340,CUST00292,multi_provider_booking,3,72395,INR,failed,provider_timeout,yes,2,2027-01-16
TXN000393,BK000712,CUST00258,rollback,4,113713,INR,failed,network_error,yes,1,2026-12-14
TXN000394,BK000621,CUST00130,single_booking,4,148634,INR,failed,network_error,yes,2,2026-12-09
TXN000395,BK000777,CUST00246,rollback,1,124175,INR,failed,network_error,yes,2,2027-01-26
TXN000396,BK000031,CUST00017,retry,1,102556,INR,failed,validation_error,yes,3,2027-02-17
TXN000397,BK000450,CUST00031,rollback,3,8070,INR,failed,provider_rejected,yes,1,2026-11-16
TXN000398,BK000334,CUST00020,rollback,1,142543,INR,rolled_back,,yes,0,2026-11-13
TXN000399,BK000273,CUST00071,retry,3,124797,INR,failed,validation_error,yes,0,2026-12-24
TXN000400,BK000207,CUST00267,rollback,3,14513,INR,failed,validation_error,yes,3,2026-12-19
TXN000401,BK000908,CUST00037,multi_provider_booking,4,118615,INR,failed,inventory_unavailable,yes,0,2027-01-07
TXN000402,BK000379,CUST00199,multi_provider_booking,3,143254,INR,failed,payment_failed,yes,2,2027-02-13
TXN000403,BK000578,CUST00027,single_booking,2,28581,INR,failed,network_error,yes,0,2026-12-28
TXN000404,BK000596,CUST00166,rollback,4,96023,INR,failed,payment_failed,yes,3,2027-01-25
TXN000405,BK000382,CUST00074,single_booking,2,126819,INR,failed,validation_error,yes,2,2026-10-16
TXN000406,BK000022,CUST00141,rollback,2,89266,INR,failed,provider_rejected,yes,3,2027-03-28
TXN000407,BK000378,CUST00190,retry,2,82962,INR,failed,inventory_unavailable,yes,3,2027-02-07
TXN000408,BK000648,CUST00051,multi_provider_booking,3,125319,INR,failed,inventory_unavailable,yes,2,2027-01-04
TXN000409,BK000785,CUST00067,single_booking,4,54670,INR,failed,network_error,yes,3,2026-12-10
TXN000410,BK000036,CUST00233,multi_provider_booking,3,88858,INR,failed,network_error,yes,0,2027-02-12
TXN000411,BK000992,CUST00173,rollback,2,39701,INR,failed,inventory_unavailable,yes,1,2026-12-20
TXN000412,BK000248,CUST00293,rollback,4,23758,INR,failed,network_error,yes,1,2027-01-26
TXN000413,BK000669,CUST00204,multi_provider_booking,3,69629,INR,failed,provider_timeout,yes,2,2027-01-20
TXN000414,BK000826,CUST00150,rollback,2,77979,INR,failed,payment_failed,yes,1,2027-01-31
TXN000415,BK000908,CUST00254,rollback,3,50025,INR,failed,payment_failed,yes,1,2026-10-17
TXN000416,BK000234,CUST00092,single_booking,2,145753,INR,failed,validation_error,yes,0,2027-03-10
TXN000417,BK000593,CUST00098,multi_provider_booking,3,20562,INR,failed,payment_failed,yes,2,2027-03-20
TXN000418,BK000302,CUST00033,retry,2,129005,INR,failed,payment_failed,yes,0,2027-02-04
TXN000419,BK000512,CUST00134,rollback,3,76751,INR,failed,validation_error,yes,1,2027-01-17
TXN000420,BK000304,CUST00206,retry,2,68516,INR,failed,provider_rejected,yes,0,2027-02-11
TXN000421,BK000289,CUST00005,retry,1,18204,INR,failed,payment_failed,yes,2,2027-02-28
TXN000422,BK000942,CUST00037,multi_provider_booking,3,34521,INR,failed,payment_failed,yes,0,2027-01-03
TXN000423,BK000290,CUST00018,single_booking,1,85732,INR,failed,provider_timeout,yes,1,2026-11-06
TXN000424,BK000330,CUST00128,multi_provider_booking,3,120713,INR,partial_failure,,yes,0,2027-01-10
TXN000425,BK000664,CUST00074,multi_provider_booking,1,76156,INR,failed,validation_error,yes,3,2027-03-10
TXN000426,BK000797,CUST00085,multi_provider_booking,1,28003,INR,failed,provider_rejected,yes,1,2027-01-29
TXN000427,BK000236,CUST00131,single_booking,2,18111,INR,failed,payment_failed,yes,2,2027-02-16
TXN000428,BK000341,CUST00108,single_booking,1,124641,INR,success,,no,2,2026-12-20
TXN000429,BK000476,CUST00023,retry,4,42746,INR,failed,network_error,yes,3,2027-01-03
TXN000430,BK000293,CUST00053,retry,3,59728,INR,failed,inventory_unavailable,yes,0,2027-01-26
TXN000431,BK000695,CUST00046,rollback,4,125297,INR,failed,provider_timeout,yes,0,2026-10-27
TXN000432,BK000423,CUST00247,single_booking,1,22739,INR,failed,provider_timeout,yes,3,2026-12-11
TXN000433,BK000647,CUST00105,single_booking,1,79125,INR,failed,inventory_unavailable,yes,0,2027-03-20
TXN000434,BK000176,CUST00004,single_booking,3,45141,INR,failed,payment_failed,yes,2,2026-12-23
TXN000435,BK000352,CUST00278,rollback,4,72160,INR,rolled_back,,yes,2,2026-11-18
TXN000436,BK000104,CUST00100,multi_provider_booking,1,15527,INR,failed,inventory_unavailable,yes,1,2027-01-19
TXN000437,BK000541,CUST00182,rollback,2,102705,INR,rolled_back,,yes,2,2026-12-25
TXN000438,BK000270,CUST00165,single_booking,4,123814,INR,failed,provider_rejected,yes,0,2027-01-26
TXN000439,BK000120,CUST00185,retry,4,138436,INR,failed,provider_timeout,yes,0,2027-02-22
TXN000440,BK000375,CUST00294,single_booking,1,100336,INR,success,,no,0,2026-11-25
TXN000441,BK000439,CUST00251,rollback,3,144470,INR,failed,network_error,yes,2,2026-10-02
TXN000442,BK000917,CUST00183,single_booking,1,95827,INR,failed,network_error,yes,1,2027-01-10
TXN000443,BK000169,CUST00115,rollback,3,122051,INR,failed,network_error,yes,0,2027-01-29
TXN000444,BK000865,CUST00235,retry,4,84980,INR,failed,provider_timeout,yes,1,2027-01-25
TXN000445,BK000333,CUST00152,single_booking,3,109582,INR,failed,provider_rejected,yes,0,2026-12-01
TXN000446,BK000886,CUST00030,retry,3,19027,INR,rolled_back,,yes,3,2026-11-29
TXN000447,BK000667,CUST00058,multi_provider_booking,2,80540,INR,failed,provider_timeout,yes,0,2027-02-26
TXN000448,BK000822,CUST00081,rollback,2,113911,INR,failed,network_error,yes,0,2027-02-28
TXN000449,BK000416,CUST00051,single_booking,3,131386,INR,rolled_back,,yes,1,2026-10-21
TXN000450,BK000261,CUST00186,multi_provider_booking,2,96849,INR,failed,provider_rejected,yes,3,2027-02-12
TXN000451,BK000170,CUST00154,single_booking,1,146671,INR,failed,provider_rejected,yes,1,2027-01-15
TXN000452,BK000218,CUST00095,multi_provider_booking,2,106256,INR,failed,network_error,yes,2,2026-12-25
TXN000453,BK000883,CUST00018,rollback,2,88055,INR,failed,network_error,yes,2,2026-11-01
TXN000454,BK000085,CUST00180,rollback,3,133582,INR,rolled_back,,yes,2,2026-12-15
TXN000455,BK000619,CUST00088,single_booking,3,94612,INR,failed,provider_timeout,yes,2,2027-01-07
TXN000456,BK000219,CUST00164,single_booking,2,24131,INR,failed,network_error,yes,1,2027-01-12
TXN000457,BK000638,CUST00266,multi_provider_booking,1,71852,INR,failed,provider_timeout,yes,2,2027-03-14
TXN000458,BK000117,CUST00186,rollback,3,43945,INR,success,,no,0,2027-02-13
TXN000459,BK000391,CUST00181,multi_provider_booking,1,44766,INR,failed,provider_timeout,yes,1,2027-01-23
TXN000460,BK000852,CUST00237,rollback,4,80633,INR,failed,inventory_unavailable,yes,0,2026-12-31
TXN000461,BK000286,CUST00048,single_booking,1,114161,INR,failed,network_error,yes,1,2027-02-19
TXN000462,BK000962,CUST00101,single_booking,4,140315,INR,failed,validation_error,yes,1,2026-12-21
TXN000463,BK000487,CUST00255,multi_provider_booking,4,145703,INR,failed,provider_timeout,yes,0,2027-03-01
TXN000464,BK000684,CUST00103,multi_provider_booking,3,81324,INR,failed,network_error,yes,3,2027-03-06
TXN000465,BK000764,CUST00198,multi_provider_booking,4,15760,INR,failed,network_error,yes,2,2026-10-12
TXN000466,BK000026,CUST00223,retry,4,122113,INR,failed,provider_rejected,yes,1,2027-02-02
TXN000467,BK000193,CUST00139,rollback,3,2881,INR,partial_failure,,yes,3,2026-12-11
TXN000468,BK000815,CUST00137,rollback,3,32654,INR,failed,validation_error,yes,3,2027-01-26
TXN000469,BK000035,CUST00269,rollback,2,53197,INR,failed,payment_failed,yes,0,2026-10-23
TXN000470,BK000575,CUST00154,retry,2,131273,INR,failed,inventory_unavailable,yes,2,2026-12-05
TXN000471,BK000869,CUST00275,rollback,1,114145,INR,failed,payment_failed,yes,3,2027-02-16
TXN000472,BK000357,CUST00115,rollback,3,9906,INR,failed,inventory_unavailable,yes,0,2026-10-25
TXN000473,BK000369,CUST00273,single_booking,3,89774,INR,failed,validation_error,yes,1,2026-11-24
TXN000474,BK000461,CUST00050,multi_provider_booking,4,13249,INR,failed,validation_error,yes,2,2026-11-07
TXN000475,BK000253,CUST00230,rollback,4,56824,INR,failed,network_error,yes,2,2027-02-16
TXN000476,BK000200,CUST00265,multi_provider_booking,2,19718,INR,success,,no,0,2027-01-27
TXN000477,BK000794,CUST00240,retry,3,59758,INR,failed,validation_error,yes,3,2027-02-23
TXN000478,BK000121,CUST00066,single_booking,1,102420,INR,failed,inventory_unavailable,yes,0,2027-02-02
TXN000479,BK000525,CUST00024,single_booking,2,15574,INR,failed,validation_error,yes,3,2027-02-02
TXN000480,BK000196,CUST00012,retry,3,117210,INR,success,,no,0,2026-11-23
TXN000481,BK000405,CUST00143,single_booking,1,113167,INR,failed,validation_error,yes,3,2026-12-18
TXN000482,BK000337,CUST00162,retry,2,34292,INR,failed,inventory_unavailable,yes,0,2027-01-02
TXN000483,BK000474,CUST00243,rollback,3,73639,INR,failed,payment_failed,yes,2,2026-10-05
TXN000484,BK000631,CUST00005,retry,2,62561,INR,failed,network_error,yes,3,2026-11-03
TXN000485,BK000288,CUST00123,rollback,4,40535,INR,failed,inventory_unavailable,yes,1,2026-12-12
TXN000486,BK000141,CUST00006,multi_provider_booking,2,140385,INR,failed,provider_timeout,yes,3,2026-10-21
TXN000487,BK000875,CUST00185,single_booking,2,72849,INR,failed,provider_timeout,yes,1,2026-10-24
TXN000488,BK000638,CUST00253,retry,3,125533,INR,failed,provider_rejected,yes,3,2026-12-23
TXN000489,BK000610,CUST00289,retry,4,87038,INR,failed,inventory_unavailable,yes,3,2026-12-08
TXN000490,BK000962,CUST00124,rollback,3,74675,INR,failed,provider_timeout,yes,0,2026-11-12
TXN000491,BK000166,CUST00105,multi_provider_booking,2,78856,INR,partial_failure,,yes,3,2027-03-01
TXN000492,BK000011,CUST00243,rollback,1,53205,INR,failed,validation_error,yes,0,2027-03-08
TXN000493,BK000468,CUST00078,multi_provider_booking,4,64505,INR,partial_failure,,yes,1,2026-10-12
TXN000494,BK000022,CUST00095,retry,3,8498,INR,failed,inventory_unavailable,yes,3,2026-10-09
TXN000495,BK000231,CUST00102,multi_provider_booking,1,138634,INR,failed,inventory_unavailable,yes,3,2027-03-03
TXN000496,BK000380,CUST00234,multi_provider_booking,2,78317,INR,failed,inventory_unavailable,yes,1,2027-03-15
TXN000497,BK000604,CUST00152,retry,3,17224,INR,failed,provider_rejected,yes,2,2026-10-30
TXN000498,BK000938,CUST00234,rollback,4,124837,INR,success,,no,2,2027-02-06
TXN000499,BK000428,CUST00169,single_booking,3,97424,INR,failed,network_error,yes,2,2027-03-26
TXN000500,BK000572,CUST00241,rollback,2,87735,INR,failed,validation_error,yes,0,2027-03-03
TXN000501,BK000982,CUST00135,retry,3,18901,INR,failed,inventory_unavailable,yes,2,2026-12-13
TXN000502,BK000353,CUST00290,rollback,4,12003,INR,partial_failure,,yes,0,2026-11-14
TXN000503,BK000061,CUST00296,retry,2,121961,INR,failed,provider_timeout,yes,3,2026-10-21
TXN000504,BK000371,CUST00147,rollback,1,42367,INR,failed,network_error,yes,0,2026-12-03
TXN000505,BK000439,CUST00122,retry,3,7473,INR,failed,payment_failed,yes,0,2027-01-12
TXN000506,BK000969,CUST00287,rollback,2,124341,INR,failed,provider_timeout,yes,2,2027-02-09
TXN000507,BK000413,CUST00184,retry,1,12025,INR,failed,inventory_unavailable,yes,1,2027-01-05
TXN000508,BK000619,CUST00098,single_booking,1,130208,INR,failed,network_error,yes,1,2027-03-16
TXN000509,BK000193,CUST00062,multi_provider_booking,2,145421,INR,failed,network_error,yes,3,2026-12-31
TXN000510,BK000091,CUST00061,multi_provider_booking,4,102257,INR,failed,validation_error,yes,0,2026-12-09
TXN000511,BK000852,CUST00237,rollback,2,147675,INR,failed,validation_error,yes,2,2026-10-27
TXN000512,BK000198,CUST00015,multi_provider_booking,4,148561,INR,failed,inventory_unavailable,yes,3,2026-10-26
TXN000513,BK000167,CUST00102,single_booking,1,128297,INR,failed,network_error,yes,0,2026-11-11
TXN000514,BK000253,CUST00016,single_booking,1,124152,INR,failed,inventory_unavailable,yes,1,2027-01-07
TXN000515,BK000032,CUST00030,single_booking,2,105043,INR,failed,network_error,yes,2,2027-02-11
TXN000516,BK000769,CUST00096,single_booking,4,85792,INR,failed,network_error,yes,3,2026-12-21
TXN000517,BK000377,CUST00129,retry,3,18355,INR,failed,payment_failed,yes,0,2027-03-16
TXN000518,BK000032,CUST00203,rollback,1,71064,INR,failed,network_error,yes,2,2027-02-02
TXN000519,BK000219,CUST00263,retry,4,113192,INR,failed,provider_timeout,yes,0,2026-10-27
TXN000520,BK000597,CUST00019,multi_provider_booking,3,107555,INR,success,,no,0,2026-11-10
TXN000521,BK000464,CUST00149,retry,3,94324,INR,rolled_back,,yes,3,2027-02-21
TXN000522,BK000383,CUST00078,rollback,3,65609,INR,failed,network_error,yes,1,2026-10-21
TXN000523,BK000085,CUST00083,single_booking,1,14104,INR,rolled_back,,yes,0,2026-11-07
TXN000524,BK000147,CUST00184,multi_provider_booking,1,139356,INR,failed,validation_error,yes,0,2027-01-18
TXN000525,BK000090,CUST00093,rollback,4,14001,INR,failed,provider_timeout,yes,3,2027-02-25
TXN000526,BK000572,CUST00202,rollback,1,107965,INR,rolled_back,,yes,0,2027-02-13
TXN000527,BK000551,CUST00068,retry,3,54436,INR,failed,payment_failed,yes,3,2027-01-09
TXN000528,BK000893,CUST00298,rollback,4,94991,INR,success,,no,1,2027-01-22
TXN000529,BK000712,CUST00216,single_booking,2,94920,INR,failed,inventory_unavailable,yes,1,2027-03-18
TXN000530,BK000589,CUST00225,rollback,2,47678,INR,failed,payment_failed,yes,1,2027-02-23
TXN000531,BK000429,CUST00134,single_booking,1,100285,INR,failed,inventory_unavailable,yes,1,2026-12-27
TXN000532,BK000263,CUST00041,single_booking,2,91296,INR,failed,provider_rejected,yes,2,2026-11-23
TXN000533,BK000250,CUST00058,rollback,4,99389,INR,failed,provider_rejected,yes,1,2026-11-17
TXN000534,BK000203,CUST00013,retry,2,57983,INR,failed,network_error,yes,3,2026-10-12
TXN000535,BK000021,CUST00164,single_booking,2,140086,INR,failed,network_error,yes,2,2026-11-13
TXN000536,BK000444,CUST00134,retry,4,29763,INR,failed,inventory_unavailable,yes,1,2026-12-04
TXN000537,BK000085,CUST00065,retry,4,124787,INR,failed,validation_error,yes,0,2026-10-28
TXN000538,BK000865,CUST00054,multi_provider_booking,2,88646,INR,failed,provider_rejected,yes,0,2027-02-09
TXN000539,BK000949,CUST00267,single_booking,4,95338,INR,failed,payment_failed,yes,2,2026-11-07
TXN000540,BK000719,CUST00188,rollback,1,90667,INR,failed,payment_failed,yes,1,2026-10-20
TXN000541,BK000130,CUST00254,single_booking,3,130045,INR,partial_failure,,yes,0,2026-10-30
TXN000542,BK000524,CUST00056,rollback,4,99427,INR,rolled_back,,yes,3,2026-11-19
TXN000543,BK000567,CUST00227,multi_provider_booking,1,123920,INR,failed,inventory_unavailable,yes,3,2027-03-25
TXN000544,BK000559,CUST00138,multi_provider_booking,2,61224,INR,failed,validation_error,yes,0,2026-10-15
TXN000545,BK000428,CUST00058,single_booking,2,71675,INR,rolled_back,,yes,3,2027-02-23
TXN000546,BK000676,CUST00275,single_booking,2,3724,INR,failed,provider_rejected,yes,0,2027-03-30
TXN000547,BK000460,CUST00230,rollback,3,96097,INR,failed,provider_timeout,yes,1,2026-11-24
TXN000548,BK000048,CUST00284,single_booking,2,113177,INR,failed,provider_timeout,yes,2,2027-03-01
TXN000549,BK000961,CUST00260,single_booking,3,115416,INR,failed,provider_timeout,yes,1,2027-03-30
TXN000550,BK000349,CUST00059,multi_provider_booking,2,104666,INR,success,,no,3,2027-03-19
TXN000551,BK000250,CUST00190,single_booking,1,84070,INR,failed,network_error,yes,2,2026-10-21
TXN000552,BK000012,CUST00045,rollback,4,45324,INR,failed,provider_timeout,yes,0,2027-02-21
TXN000553,BK000541,CUST00192,multi_provider_booking,2,76016,INR,failed,payment_failed,yes,1,2027-02-26
TXN000554,BK000455,CUST00221,single_booking,4,3274,INR,partial_failure,,yes,2,2026-11-28
TXN000555,BK000461,CUST00027,multi_provider_booking,1,132781,INR,failed,provider_timeout,yes,0,2026-12-08
TXN000556,BK000294,CUST00029,rollback,1,89299,INR,rolled_back,,yes,3,2027-02-28
TXN000557,BK000799,CUST00168,single_booking,4,21345,INR,rolled_back,,yes,0,2026-12-15
TXN000558,BK000552,CUST00052,single_booking,4,58111,INR,failed,payment_failed,yes,1,2027-01-26
TXN000559,BK000789,CUST00076,rollback,3,98167,INR,failed,provider_rejected,yes,1,2026-12-27
TXN000560,BK000584,CUST00193,multi_provider_booking,1,5317,INR,failed,validation_error,yes,1,2027-03-03
TXN000561,BK000655,CUST00184,rollback,3,60391,INR,failed,provider_timeout,yes,1,2026-11-25
TXN000562,BK000189,CUST00034,multi_provider_booking,1,149896,INR,failed,validation_error,yes,3,2026-12-10
TXN000563,BK000594,CUST00066,retry,2,16584,INR,failed,validation_error,yes,3,2027-02-19
TXN000564,BK000455,CUST00002,multi_provider_booking,4,141845,INR,failed,network_error,yes,1,2027-01-25
TXN000565,BK000661,CUST00029,retry,3,88453,INR,failed,payment_failed,yes,0,2026-12-22
TXN000566,BK000348,CUST00283,retry,2,80980,INR,failed,payment_failed,yes,2,2026-11-03
TXN000567,BK000254,CUST00018,single_booking,4,145845,INR,failed,inventory_unavailable,yes,1,2027-03-05
TXN000568,BK000357,CUST00145,multi_provider_booking,4,84226,INR,failed,provider_timeout,yes,2,2026-11-06
TXN000569,BK000052,CUST00032,rollback,1,131943,INR,failed,inventory_unavailable,yes,0,2027-03-20
TXN000570,BK000522,CUST00034,single_booking,2,140004,INR,failed,inventory_unavailable,yes,1,2027-02-20
TXN000571,BK000468,CUST00066,multi_provider_booking,3,106280,INR,failed,payment_failed,yes,1,2026-12-20
TXN000572,BK000104,CUST00037,retry,4,120547,INR,failed,provider_rejected,yes,2,2027-02-26
TXN000573,BK000039,CUST00057,retry,2,71359,INR,failed,payment_failed,yes,1,2026-12-31
TXN000574,BK000451,CUST00248,single_booking,2,117093,INR,partial_failure,,yes,0,2027-01-18
TXN000575,BK000266,CUST00097,rollback,2,38744,INR,failed,inventory_unavailable,yes,3,2027-02-14
TXN000576,BK000819,CUST00107,rollback,2,66996,INR,rolled_back,,yes,2,2027-02-10
TXN000577,BK000822,CUST00166,rollback,4,25901,INR,partial_failure,,yes,2,2026-12-24
TXN000578,BK000281,CUST00292,retry,1,83293,INR,rolled_back,,yes,1,2027-01-18
TXN000579,BK000032,CUST00147,retry,4,147576,INR,failed,provider_rejected,yes,2,2027-03-20
TXN000580,BK000959,CUST00213,single_booking,3,99105,INR,failed,network_error,yes,1,2026-11-16
TXN000581,BK000910,CUST00215,multi_provider_booking,2,36698,INR,failed,payment_failed,yes,1,2027-02-26
TXN000582,BK000559,CUST00050,multi_provider_booking,2,69479,INR,rolled_back,,yes,3,2026-10-18
TXN000583,BK000046,CUST00105,retry,2,117639,INR,partial_failure,,yes,1,2026-10-15
TXN000584,BK000257,CUST00293,single_booking,1,94162,INR,failed,inventory_unavailable,yes,1,2027-01-04
TXN000585,BK000268,CUST00012,multi_provider_booking,3,113155,INR,partial_failure,,yes,0,2026-12-15
TXN000586,BK000901,CUST00037,rollback,4,5313,INR,failed,provider_rejected,yes,3,2027-02-01
TXN000587,BK000628,CUST00195,rollback,4,2465,INR,failed,validation_error,yes,3,2027-02-07
TXN000588,BK000450,CUST00060,rollback,1,1326,INR,failed,validation_error,yes,3,2027-01-19
TXN000589,BK000017,CUST00100,multi_provider_booking,3,45905,INR,failed,payment_failed,yes,3,2027-01-15
TXN000590,BK000605,CUST00101,rollback,2,120588,INR,failed,payment_failed,yes,0,2026-12-24
TXN000591,BK000181,CUST00125,retry,4,20164,INR,failed,payment_failed,yes,1,2026-11-05
TXN000592,BK000748,CUST00040,rollback,2,24601,INR,failed,validation_error,yes,3,2027-02-16
TXN000593,BK000192,CUST00150,single_booking,4,66870,INR,failed,provider_rejected,yes,1,2026-10-04
TXN000594,BK000564,CUST00156,single_booking,1,113578,INR,failed,provider_timeout,yes,2,2027-02-13
TXN000595,BK000425,CUST00178,retry,2,48991,INR,failed,payment_failed,yes,0,2027-02-23
TXN000596,BK000990,CUST00116,rollback,3,70037,INR,failed,provider_rejected,yes,0,2027-01-24
TXN000597,BK000410,CUST00123,rollback,1,116009,INR,failed,provider_timeout,yes,2,2027-02-24
TXN000598,BK000143,CUST00151,multi_provider_booking,3,113456,INR,failed,validation_error,yes,1,2026-12-24
TXN000599,BK000632,CUST00113,rollback,1,95263,INR,partial_failure,,yes,3,2027-02-21
TXN000600,BK000464,CUST00245,single_booking,3,52979,INR,failed,validation_error,yes,0,2027-02-20
TXN000601,BK000924,CUST00148,retry,3,74778,INR,partial_failure,,yes,3,2027-03-19
TXN000602,BK000739,CUST00007,rollback,1,30370,INR,failed,provider_rejected,yes,2,2026-10-09
TXN000603,BK000410,CUST00256,retry,2,112339,INR,failed,inventory_unavailable,yes,1,2027-02-23
TXN000604,BK000193,CUST00268,multi_provider_booking,3,28384,INR,failed,network_error,yes,0,2026-12-26
TXN000605,BK000618,CUST00014,single_booking,4,111289,INR,failed,inventory_unavailable,yes,0,2026-12-20
TXN000606,BK000699,CUST00294,rollback,2,98580,INR,failed,network_error,yes,1,2026-11-24
TXN000607,BK000005,CUST00286,rollback,1,77550,INR,success,,no,3,2027-03-01
TXN000608,BK000087,CUST00122,rollback,2,102720,INR,failed,validation_error,yes,2,2027-03-18
TXN000609,BK000017,CUST00095,retry,1,91167,INR,failed,payment_failed,yes,0,2026-10-01
TXN000610,BK000606,CUST00044,multi_provider_booking,1,43174,INR,failed,payment_failed,yes,3,2026-10-11
TXN000611,BK000632,CUST00164,rollback,1,142580,INR,rolled_back,,yes,1,2026-11-18
TXN000612,BK000319,CUST00178,single_booking,1,142751,INR,failed,network_error,yes,1,2026-11-25
TXN000613,BK000366,CUST00038,single_booking,3,125047,INR,failed,network_error,yes,3,2026-10-19
TXN000614,BK000389,CUST00146,multi_provider_booking,2,93972,INR,failed,network_error,yes,3,2027-03-18
TXN000615,BK000766,CUST00165,rollback,2,106983,INR,failed,payment_failed,yes,0,2026-12-28
TXN000616,BK000243,CUST00287,multi_provider_booking,3,97087,INR,failed,provider_timeout,yes,0,2027-03-21
TXN000617,BK000815,CUST00034,single_booking,1,136094,INR,failed,provider_rejected,yes,0,2027-03-21
TXN000618,BK000418,CUST00022,multi_provider_booking,4,6176,INR,failed,inventory_unavailable,yes,2,2026-10-24
TXN000619,BK000875,CUST00051,retry,2,8564,INR,failed,payment_failed,yes,1,2027-02-08
TXN000620,BK000227,CUST00110,retry,1,3099,INR,failed,provider_timeout,yes,2,2027-01-05
TXN000621,BK000868,CUST00298,multi_provider_booking,1,7036,INR,failed,inventory_unavailable,yes,0,2027-02-20
TXN000622,BK000644,CUST00051,rollback,4,46763,INR,failed,network_error,yes,1,2026-12-24
TXN000623,BK000704,CUST00222,multi_provider_booking,2,126926,INR,failed,validation_error,yes,1,2026-11-04
TXN000624,BK000157,CUST00196,rollback,4,41016,INR,failed,inventory_unavailable,yes,2,2027-01-17
TXN000625,BK000812,CUST00297,retry,4,67932,INR,failed,provider_rejected,yes,2,2027-02-03
TXN000626,BK000184,CUST00164,rollback,4,120887,INR,failed,provider_timeout,yes,2,2026-10-17
TXN000627,BK000527,CUST00034,single_booking,1,107978,INR,success,,no,2,2026-10-28
TXN000628,BK000462,CUST00067,retry,3,69026,INR,failed,network_error,yes,0,2026-11-02
TXN000629,BK000792,CUST00035,multi_provider_booking,2,16162,INR,failed,inventory_unavailable,yes,0,2027-01-10
TXN000630,BK000607,CUST00022,single_booking,3,28531,INR,failed,payment_failed,yes,1,2026-12-22
TXN000631,BK000948,CUST00064,multi_provider_booking,4,20823,INR,rolled_back,,yes,1,2026-12-02
TXN000632,BK000835,CUST00179,single_booking,1,99163,INR,failed,validation_error,yes,2,2027-03-01
TXN000633,BK000338,CUST00278,rollback,3,47551,INR,success,,no,3,2027-01-20
TXN000634,BK000325,CUST00101,rollback,3,95333,INR,failed,inventory_unavailable,yes,2,2026-10-20
TXN000635,BK000776,CUST00071,multi_provider_booking,2,49482,INR,failed,payment_failed,yes,1,2026-11-19
TXN000636,BK000610,CUST00098,multi_provider_booking,3,10182,INR,failed,network_error,yes,0,2026-11-22
TXN000637,BK000186,CUST00041,multi_provider_booking,4,59602,INR,failed,provider_timeout,yes,3,2026-12-14
TXN000638,BK000808,CUST00003,rollback,3,116755,INR,failed,inventory_unavailable,yes,1,2027-02-02
TXN000639,BK000377,CUST00169,multi_provider_booking,2,71899,INR,failed,network_error,yes,3,2026-11-24
TXN000640,BK000777,CUST00099,retry,4,107839,INR,failed,inventory_unavailable,yes,3,2026-10-29
TXN000641,BK000260,CUST00164,retry,1,22030,INR,partial_failure,,yes,2,2027-02-11
TXN000642,BK000141,CUST00222,retry,1,38659,INR,failed,inventory_unavailable,yes,1,2026-11-28
TXN000643,BK000492,CUST00268,single_booking,1,88680,INR,failed,provider_rejected,yes,0,2026-12-03
TXN000644,BK000426,CUST00198,retry,4,76369,INR,failed,network_error,yes,0,2026-10-23
TXN000645,BK000811,CUST00079,rollback,3,40404,INR,failed,inventory_unavailable,yes,0,2027-02-27
TXN000646,BK000152,CUST00155,retry,1,135332,INR,failed,validation_error,yes,1,2027-02-04
TXN000647,BK000870,CUST00289,multi_provider_booking,1,72621,INR,failed,network_error,yes,0,2026-12-17
TXN000648,BK000591,CUST00142,single_booking,4,45605,INR,failed,network_error,yes,2,2026-12-26
TXN000649,BK000107,CUST00024,multi_provider_booking,1,148563,INR,failed,provider_rejected,yes,2,2026-10-21
TXN000650,BK000998,CUST00154,rollback,3,84420,INR,failed,network_error,yes,3,2026-10-15
TXN000651,BK000844,CUST00094,retry,2,31457,INR,failed,network_error,yes,0,2026-12-23
TXN000652,BK000841,CUST00023,multi_provider_booking,2,50666,INR,failed,network_error,yes,2,2026-12-13
TXN000653,BK000581,CUST00080,rollback,3,146319,INR,failed,validation_error,yes,3,2027-02-21
TXN000654,BK000310,CUST00236,retry,3,142125,INR,failed,payment_failed,yes,3,2026-11-28
TXN000655,BK000642,CUST00056,single_booking,2,135840,INR,failed,provider_timeout,yes,0,2026-11-15
TXN000656,BK000308,CUST00219,retry,2,71468,INR,failed,provider_rejected,yes,0,2027-03-15
TXN000657,BK000889,CUST00053,rollback,4,104730,INR,failed,validation_error,yes,0,2026-12-02
TXN000658,BK000232,CUST00226,single_booking,4,119731,INR,rolled_back,,yes,3,2026-10-30
TXN000659,BK000652,CUST00217,rollback,4,87025,INR,failed,inventory_unavailable,yes,1,2027-01-01
TXN000660,BK000916,CUST00118,rollback,4,78986,INR,failed,provider_rejected,yes,1,2027-01-10
TXN000661,BK000761,CUST00235,single_booking,1,137962,INR,failed,provider_rejected,yes,3,2027-02-12
TXN000662,BK000729,CUST00139,rollback,4,45018,INR,failed,inventory_unavailable,yes,1,2027-03-04
TXN000663,BK000330,CUST00024,multi_provider_booking,4,135007,INR,partial_failure,,yes,2,2027-02-03
TXN000664,BK000770,CUST00119,multi_provider_booking,4,6559,INR,failed,provider_rejected,yes,3,2027-03-19
TXN000665,BK000416,CUST00121,rollback,2,124523,INR,rolled_back,,yes,0,2026-12-21
TXN000666,BK000280,CUST00300,rollback,4,142482,INR,failed,payment_failed,yes,0,2026-10-18
TXN000667,BK000100,CUST00271,rollback,1,66000,INR,failed,provider_rejected,yes,1,2026-11-01
TXN000668,BK000545,CUST00049,single_booking,1,8777,INR,failed,payment_failed,yes,2,2027-03-21
TXN000669,BK000995,CUST00241,rollback,2,105521,INR,failed,provider_rejected,yes,1,2026-10-24
TXN000670,BK000292,CUST00285,rollback,4,43150,INR,failed,provider_timeout,yes,2,2027-01-05
TXN000671,BK000577,CUST00285,rollback,2,4211,INR,failed,network_error,yes,2,2027-03-11
TXN000672,BK000111,CUST00278,single_booking,3,130024,INR,failed,validation_error,yes,3,2027-02-14
TXN000673,BK000001,CUST00045,rollback,4,31744,INR,partial_failure,,yes,3,2026-10-13
TXN000674,BK000780,CUST00139,multi_provider_booking,1,59308,INR,failed,validation_error,yes,2,2026-11-04
TXN000675,BK000414,CUST00072,rollback,2,118716,INR,rolled_back,,yes,1,2026-11-05
TXN000676,BK000632,CUST00029,retry,2,13536,INR,failed,provider_timeout,yes,2,2026-10-08
TXN000677,BK000792,CUST00230,single_booking,2,125009,INR,failed,provider_timeout,yes,2,2026-10-04
TXN000678,BK000928,CUST00234,rollback,3,104002,INR,failed,provider_rejected,yes,0,2027-01-18
TXN000679,BK000530,CUST00252,multi_provider_booking,3,45743,INR,success,,no,3,2026-10-17
TXN000680,BK000467,CUST00156,rollback,2,59319,INR,failed,network_error,yes,2,2027-01-28
TXN000681,BK000227,CUST00200,retry,2,87292,INR,failed,provider_timeout,yes,1,2027-02-05
TXN000682,BK000385,CUST00027,multi_provider_booking,3,86981,INR,failed,validation_error,yes,0,2027-03-18
TXN000683,BK000371,CUST00084,retry,4,138908,INR,failed,validation_error,yes,2,2027-03-21
TXN000684,BK000206,CUST00189,single_booking,3,6828,INR,failed,inventory_unavailable,yes,3,2026-11-24
TXN000685,BK000007,CUST00292,single_booking,4,133061,INR,failed,validation_error,yes,2,2027-01-04
TXN000686,BK000646,CUST00293,multi_provider_booking,3,67630,INR,failed,validation_error,yes,1,2026-12-15
TXN000687,BK000612,CUST00175,rollback,3,88507,INR,rolled_back,,yes,0,2026-10-15
TXN000688,BK000679,CUST00200,rollback,1,120411,INR,failed,network_error,yes,2,2026-11-04
TXN000689,BK000229,CUST00168,retry,4,102129,INR,failed,payment_failed,yes,1,2027-03-07
TXN000690,BK000644,CUST00165,rollback,4,602,INR,failed,inventory_unavailable,yes,3,2027-01-02
TXN000691,BK000388,CUST00076,rollback,2,64058,INR,failed,payment_failed,yes,0,2027-01-18
TXN000692,BK000590,CUST00236,multi_provider_booking,2,137260,INR,failed,network_error,yes,0,2026-10-21
TXN000693,BK000720,CUST00275,single_booking,4,58373,INR,failed,provider_timeout,yes,0,2027-03-11
TXN000694,BK000798,CUST00290,single_booking,4,1154,INR,failed,validation_error,yes,2,2026-12-08
TXN000695,BK000638,CUST00024,rollback,2,93056,INR,failed,network_error,yes,1,2026-11-07
TXN000696,BK000239,CUST00268,rollback,4,142505,INR,failed,payment_failed,yes,3,2027-02-16
TXN000697,BK000970,CUST00280,retry,2,145076,INR,failed,inventory_unavailable,yes,0,2027-03-07
TXN000698,BK000009,CUST00280,single_booking,1,84252,INR,failed,payment_failed,yes,0,2026-11-23
TXN000699,BK000874,CUST00031,rollback,1,72611,INR,failed,inventory_unavailable,yes,1,2026-11-22
TXN000700,BK000533,CUST00289,retry,2,35797,INR,failed,provider_timeout,yes,3,2027-03-14
TXN000701,BK000941,CUST00240,rollback,3,76976,INR,failed,provider_timeout,yes,2,2027-02-25
TXN000702,BK000919,CUST00209,multi_provider_booking,3,57740,INR,failed,validation_error,yes,0,2027-01-17
TXN000703,BK000201,CUST00120,single_booking,4,65865,INR,failed,network_error,yes,3,2026-12-10
TXN000704,BK000046,CUST00006,multi_provider_booking,1,117256,INR,failed,provider_timeout,yes,0,2027-01-12
TXN000705,BK000932,CUST00085,multi_provider_booking,1,78021,INR,failed,provider_timeout,yes,0,2027-03-16
TXN000706,BK000459,CUST00090,single_booking,4,79908,INR,failed,network_error,yes,0,2027-03-16
TXN000707,BK000563,CUST00283,multi_provider_booking,2,33233,INR,failed,payment_failed,yes,0,2027-02-19
TXN000708,BK000944,CUST00112,rollback,2,143781,INR,failed,provider_timeout,yes,3,2026-11-17
TXN000709,BK000149,CUST00281,retry,1,112538,INR,failed,validation_error,yes,3,2026-11-17
TXN000710,BK000710,CUST00284,single_booking,2,87948,INR,partial_failure,,yes,2,2026-11-02
TXN000711,BK000185,CUST00204,retry,1,115869,INR,failed,network_error,yes,1,2027-01-03
TXN000712,BK000154,CUST00196,single_booking,3,5730,INR,failed,validation_error,yes,0,2026-10-30
TXN000713,BK000581,CUST00148,rollback,3,122275,INR,success,,no,2,2026-11-05
TXN000714,BK000381,CUST00165,multi_provider_booking,3,27217,INR,failed,payment_failed,yes,0,2027-01-23
TXN000715,BK000096,CUST00083,single_booking,3,93466,INR,failed,inventory_unavailable,yes,1,2027-01-23
TXN000716,BK000567,CUST00251,single_booking,2,112724,INR,failed,payment_failed,yes,2,2027-01-11
TXN000717,BK000525,CUST00108,rollback,2,125183,INR,failed,validation_error,yes,0,2027-01-01
TXN000718,BK000869,CUST00194,single_booking,3,6439,INR,failed,validation_error,yes,3,2027-03-04
TXN000719,BK000187,CUST00214,multi_provider_booking,3,111052,INR,failed,validation_error,yes,0,2026-11-03
TXN000720,BK000221,CUST00114,multi_provider_booking,2,129069,INR,partial_failure,,yes,2,2026-10-02
TXN000721,BK000336,CUST00191,single_booking,1,12495,INR,failed,provider_rejected,yes,0,2026-11-28
TXN000722,BK000198,CUST00117,multi_provider_booking,1,48129,INR,success,,no,3,2027-03-06
TXN000723,BK000965,CUST00234,multi_provider_booking,3,144878,INR,failed,network_error,yes,3,2027-03-22
TXN000724,BK000082,CUST00132,single_booking,2,18180,INR,failed,provider_rejected,yes,2,2026-12-27
TXN000725,BK000432,CUST00001,single_booking,1,47065,INR,failed,payment_failed,yes,2,2027-01-28
TXN000726,BK000774,CUST00015,multi_provider_booking,2,99552,INR,failed,inventory_unavailable,yes,3,2026-12-27
TXN000727,BK000080,CUST00018,single_booking,3,35138,INR,failed,network_error,yes,3,2027-01-03
TXN000728,BK000978,CUST00192,single_booking,4,102047,INR,failed,provider_rejected,yes,2,2026-12-12
TXN000729,BK000171,CUST00294,retry,1,134203,INR,failed,validation_error,yes,1,2026-12-24
TXN000730,BK000348,CUST00270,retry,1,97733,INR,failed,inventory_unavailable,yes,2,2027-01-22
TXN000731,BK000296,CUST00240,multi_provider_booking,3,125066,INR,failed,provider_rejected,yes,2,2027-03-25
TXN000732,BK000189,CUST00146,multi_provider_booking,2,145640,INR,failed,provider_rejected,yes,0,2027-03-07
TXN000733,BK000573,CUST00097,retry,3,139142,INR,failed,payment_failed,yes,2,2026-12-27
TXN000734,BK000238,CUST00292,single_booking,4,4419,INR,failed,payment_failed,yes,0,2026-12-07
TXN000735,BK000696,CUST00120,multi_provider_booking,1,142369,INR,failed,validation_error,yes,2,2027-03-06
TXN000736,BK000835,CUST00203,retry,4,64095,INR,failed,provider_rejected,yes,0,2026-10-20
TXN000737,BK000751,CUST00030,single_booking,4,117236,INR,failed,validation_error,yes,0,2027-03-05
TXN000738,BK000643,CUST00109,single_booking,1,12390,INR,failed,inventory_unavailable,yes,2,2027-03-21
TXN000739,BK000005,CUST00146,retry,3,65183,INR,failed,provider_rejected,yes,2,2026-10-16
TXN000740,BK000460,CUST00173,rollback,4,63598,INR,failed,inventory_unavailable,yes,0,2026-12-02
TXN000741,BK000363,CUST00020,single_booking,2,126476,INR,failed,provider_rejected,yes,1,2027-01-29
TXN000742,BK000195,CUST00297,rollback,2,147549,INR,failed,provider_rejected,yes,2,2026-11-08
TXN000743,BK000181,CUST00047,multi_provider_booking,2,83638,INR,rolled_back,,yes,2,2027-02-20
TXN000744,BK000020,CUST00025,retry,2,41885,INR,failed,provider_rejected,yes,1,2027-03-19
TXN000745,BK000095,CUST00217,retry,1,55076,INR,failed,validation_error,yes,3,2027-01-20
TXN000746,BK000421,CUST00072,single_booking,3,140880,INR,failed,validation_error,yes,1,2027-03-12
TXN000747,BK000201,CUST00061,multi_provider_booking,1,128460,INR,failed,provider_timeout,yes,0,2027-02-15
TXN000748,BK000291,CUST00197,single_booking,4,23019,INR,failed,provider_timeout,yes,2,2027-02-11
TXN000749,BK000848,CUST00076,retry,4,84541,INR,failed,validation_error,yes,2,2027-03-23
TXN000750,BK000002,CUST00010,multi_provider_booking,3,41923,INR,rolled_back,,yes,0,2027-01-28
TXN000751,BK000109,CUST00058,retry,2,51361,INR,failed,provider_rejected,yes,0,2027-03-20
TXN000752,BK000496,CUST00124,single_booking,3,56392,INR,failed,network_error,yes,1,2027-01-16
TXN000753,BK000432,CUST00190,multi_provider_booking,2,135534,INR,failed,provider_rejected,yes,2,2026-10-10
TXN000754,BK000963,CUST00108,single_booking,1,130450,INR,failed,inventory_unavailable,yes,2,2027-03-11
TXN000755,BK000489,CUST00054,retry,4,24538,INR,failed,inventory_unavailable,yes,1,2026-11-26
TXN000756,BK000230,CUST00086,single_booking,4,85372,INR,failed,payment_failed,yes,3,2027-02-25
TXN000757,BK000807,CUST00243,multi_provider_booking,2,138016,INR,partial_failure,,yes,3,2027-02-01
TXN000758,BK000510,CUST00290,retry,4,45273,INR,failed,network_error,yes,2,2027-03-30
TXN000759,BK000777,CUST00042,multi_provider_booking,1,19314,INR,failed,provider_rejected,yes,0,2027-02-18
TXN000760,BK000890,CUST00250,single_booking,4,68710,INR,failed,provider_rejected,yes,0,2027-01-15
TXN000761,BK000032,CUST00086,multi_provider_booking,4,115805,INR,failed,payment_failed,yes,1,2026-10-09
TXN000762,BK000828,CUST00256,multi_provider_booking,1,18958,INR,failed,validation_error,yes,0,2026-12-12
TXN000763,BK000998,CUST00235,multi_provider_booking,1,118718,INR,failed,payment_failed,yes,0,2027-01-04
TXN000764,BK000413,CUST00199,rollback,4,33488,INR,failed,provider_timeout,yes,0,2026-12-04
TXN000765,BK000642,CUST00012,single_booking,4,29249,INR,failed,network_error,yes,0,2027-01-12
TXN000766,BK000930,CUST00001,rollback,4,12634,INR,failed,provider_rejected,yes,1,2026-12-09
TXN000767,BK000481,CUST00138,single_booking,1,122871,INR,rolled_back,,yes,1,2026-10-05
TXN000768,BK000148,CUST00251,retry,3,55346,INR,failed,validation_error,yes,3,2026-11-20
TXN000769,BK000585,CUST00015,retry,4,75715,INR,partial_failure,,yes,2,2026-12-10
TXN000770,BK000296,CUST00019,rollback,2,44505,INR,failed,validation_error,yes,2,2026-12-14
TXN000771,BK000781,CUST00089,single_booking,1,124788,INR,failed,provider_timeout,yes,3,2027-01-02
TXN000772,BK000698,CUST00006,multi_provider_booking,1,91001,INR,failed,provider_timeout,yes,0,2027-02-05
TXN000773,BK000040,CUST00241,multi_provider_booking,4,44597,INR,failed,provider_timeout,yes,0,2027-03-26
TXN000774,BK000042,CUST00070,retry,4,3721,INR,failed,network_error,yes,2,2027-02-15
TXN000775,BK000726,CUST00014,retry,2,128426,INR,failed,network_error,yes,3,2026-10-23
TXN000776,BK000348,CUST00242,retry,1,71165,INR,failed,validation_error,yes,2,2027-01-14
TXN000777,BK000963,CUST00162,rollback,4,68978,INR,failed,network_error,yes,1,2026-12-23
TXN000778,BK000783,CUST00212,retry,4,81531,INR,failed,inventory_unavailable,yes,2,2027-03-16
TXN000779,BK000201,CUST00131,multi_provider_booking,1,102917,INR,failed,provider_timeout,yes,1,2026-10-01
TXN000780,BK000853,CUST00266,retry,3,46424,INR,failed,provider_timeout,yes,3,2026-12-11
TXN000781,BK000412,CUST00051,multi_provider_booking,1,80447,INR,failed,validation_error,yes,2,2027-03-08
TXN000782,BK000224,CUST00190,retry,1,107106,INR,failed,provider_rejected,yes,1,2027-02-18
TXN000783,BK000170,CUST00199,rollback,2,26543,INR,failed,provider_rejected,yes,2,2027-03-17
TXN000784,BK000960,CUST00163,single_booking,4,84862,INR,failed,provider_rejected,yes,2,2027-02-19
TXN000785,BK000719,CUST00037,single_booking,2,67809,INR,failed,inventory_unavailable,yes,3,2026-10-12
TXN000786,BK000066,CUST00243,rollback,4,32065,INR,failed,inventory_unavailable,yes,3,2026-11-29
TXN000787,BK000993,CUST00023,multi_provider_booking,1,1707,INR,failed,provider_rejected,yes,0,2027-02-24
TXN000788,BK000522,CUST00142,rollback,3,78333,INR,failed,network_error,yes,3,2027-02-28
TXN000789,BK000597,CUST00265,rollback,1,41468,INR,failed,network_error,yes,0,2027-02-02
TXN000790,BK000181,CUST00299,rollback,2,44343,INR,failed,provider_timeout,yes,2,2026-12-30
TXN000791,BK000224,CUST00132,single_booking,3,130302,INR,failed,payment_failed,yes,2,2027-01-07
TXN000792,BK000090,CUST00233,single_booking,1,130863,INR,success,,no,1,2027-02-04
TXN000793,BK000192,CUST00164,multi_provider_booking,4,105266,INR,failed,validation_error,yes,2,2026-12-31
TXN000794,BK000859,CUST00274,rollback,3,1621,INR,failed,network_error,yes,0,2027-02-27
TXN000795,BK000074,CUST00228,multi_provider_booking,1,115261,INR,failed,network_error,yes,3,2026-12-04
TXN000796,BK000502,CUST00049,rollback,2,68685,INR,failed,provider_rejected,yes,1,2027-02-12
TXN000797,BK000296,CUST00151,multi_provider_booking,4,78306,INR,failed,payment_failed,yes,0,2026-10-23
TXN000798,BK000426,CUST00213,multi_provider_booking,2,92033,INR,failed,provider_rejected,yes,3,2026-11-03
TXN000799,BK000938,CUST00284,retry,2,41945,INR,failed,inventory_unavailable,yes,3,2026-10-28
TXN000800,BK000420,CUST00033,retry,2,44092,INR,failed,validation_error,yes,2,2026-11-25
TXN000801,BK000419,CUST00277,multi_provider_booking,1,33956,INR,failed,provider_timeout,yes,0,2026-12-23
TXN000802,BK000345,CUST00110,retry,2,135673,INR,failed,network_error,yes,3,2027-02-26
TXN000803,BK000876,CUST00041,single_booking,4,98654,INR,partial_failure,,yes,2,2027-02-15
TXN000804,BK000158,CUST00120,multi_provider_booking,2,129928,INR,failed,validation_error,yes,0,2027-02-27
TXN000805,BK000860,CUST00175,rollback,3,9336,INR,failed,provider_timeout,yes,2,2026-11-10
TXN000806,BK000802,CUST00138,multi_provider_booking,2,94424,INR,failed,validation_error,yes,2,2026-11-12
TXN000807,BK000007,CUST00284,retry,1,79238,INR,partial_failure,,yes,3,2026-11-20
TXN000808,BK000314,CUST00200,single_booking,3,144920,INR,rolled_back,,yes,3,2027-03-05
TXN000809,BK000674,CUST00062,multi_provider_booking,1,38685,INR,failed,provider_rejected,yes,0,2027-02-12
TXN000810,BK000878,CUST00167,multi_provider_booking,3,1860,INR,success,,no,2,2027-02-27
TXN000811,BK000005,CUST00197,multi_provider_booking,2,24112,INR,failed,provider_rejected,yes,0,2027-02-16
TXN000812,BK000870,CUST00012,multi_provider_booking,2,101865,INR,failed,provider_timeout,yes,0,2027-01-11
TXN000813,BK000156,CUST00265,single_booking,4,138476,INR,failed,inventory_unavailable,yes,1,2026-10-02
TXN000814,BK000880,CUST00064,retry,2,15871,INR,partial_failure,,yes,2,2027-01-30
TXN000815,BK000726,CUST00120,retry,3,59616,INR,failed,payment_failed,yes,1,2026-10-04
TXN000816,BK000014,CUST00262,single_booking,2,83690,INR,failed,provider_rejected,yes,2,2027-02-12
TXN000817,BK000237,CUST00128,multi_provider_booking,2,144374,INR,success,,no,3,2026-12-19
TXN000818,BK000781,CUST00203,rollback,3,100973,INR,failed,payment_failed,yes,2,2026-10-18
TXN000819,BK000080,CUST00071,single_booking,3,74620,INR,failed,provider_timeout,yes,0,2026-10-04
TXN000820,BK000243,CUST00079,single_booking,2,66554,INR,success,,no,1,2026-12-14
TXN000821,BK000351,CUST00256,single_booking,1,125307,INR,failed,network_error,yes,2,2027-01-29
TXN000822,BK000494,CUST00117,multi_provider_booking,2,77697,INR,failed,validation_error,yes,1,2026-11-14
TXN000823,BK000494,CUST00174,multi_provider_booking,3,18006,INR,failed,validation_error,yes,3,2026-11-11
TXN000824,BK000955,CUST00143,rollback,3,44866,INR,failed,payment_failed,yes,3,2026-12-28
TXN000825,BK000627,CUST00043,single_booking,2,105135,INR,failed,validation_error,yes,2,2027-02-01
TXN000826,BK000678,CUST00014,rollback,1,24950,INR,failed,inventory_unavailable,yes,3,2027-03-20
TXN000827,BK000773,CUST00256,rollback,1,59175,INR,failed,validation_error,yes,2,2026-11-24
TXN000828,BK000205,CUST00207,retry,1,136525,INR,failed,provider_timeout,yes,0,2027-01-09
TXN000829,BK000979,CUST00170,retry,3,107673,INR,failed,network_error,yes,1,2026-11-28
TXN000830,BK000086,CUST00283,rollback,3,138869,INR,failed,network_error,yes,1,2027-02-26
TXN000831,BK000097,CUST00146,rollback,4,127574,INR,failed,provider_timeout,yes,1,2027-02-18
TXN000832,BK000187,CUST00148,retry,1,50058,INR,failed,payment_failed,yes,0,2027-03-07
TXN000833,BK000714,CUST00029,multi_provider_booking,3,128980,INR,failed,provider_timeout,yes,1,2027-02-27
TXN000834,BK000846,CUST00123,retry,1,25610,INR,failed,provider_rejected,yes,0,2026-10-01
TXN000835,BK000491,CUST00019,single_booking,4,64131,INR,failed,provider_timeout,yes,1,2027-02-08
TXN000836,BK000829,CUST00170,retry,1,69699,INR,failed,provider_rejected,yes,2,2027-01-03
TXN000837,BK000400,CUST00258,single_booking,2,39305,INR,failed,network_error,yes,0,2027-02-04
TXN000838,BK000734,CUST00051,rollback,2,130652,INR,failed,network_error,yes,2,2026-10-25
TXN000839,BK000673,CUST00091,single_booking,4,94854,INR,rolled_back,,yes,1,2026-11-14
TXN000840,BK000410,CUST00244,single_booking,4,107388,INR,failed,network_error,yes,2,2026-10-30
TXN000841,BK000654,CUST00237,retry,1,67643,INR,rolled_back,,yes,2,2026-12-15
TXN000842,BK000467,CUST00264,rollback,1,40179,INR,failed,payment_failed,yes,3,2026-12-29
TXN000843,BK000519,CUST00143,rollback,1,5892,INR,failed,payment_failed,yes,2,2026-11-16
TXN000844,BK000714,CUST00001,multi_provider_booking,2,74624,INR,failed,provider_timeout,yes,0,2027-01-23
TXN000845,BK000045,CUST00136,rollback,1,17567,INR,failed,network_error,yes,2,2027-03-25
TXN000846,BK000730,CUST00211,rollback,2,47239,INR,failed,provider_timeout,yes,2,2027-02-05
TXN000847,BK000932,CUST00034,retry,4,10238,INR,failed,inventory_unavailable,yes,2,2026-11-08
TXN000848,BK000085,CUST00223,multi_provider_booking,4,8984,INR,failed,network_error,yes,3,2027-01-29
TXN000849,BK000499,CUST00195,multi_provider_booking,2,58138,INR,failed,inventory_unavailable,yes,2,2027-02-13
TXN000850,BK000117,CUST00144,multi_provider_booking,3,53278,INR,failed,network_error,yes,3,2026-11-04
TXN000851,BK000481,CUST00113,multi_provider_booking,1,102836,INR,failed,payment_failed,yes,1,2027-02-14
TXN000852,BK000389,CUST00170,multi_provider_booking,2,67877,INR,partial_failure,,yes,0,2026-10-27
TXN000853,BK000827,CUST00008,multi_provider_booking,4,16214,INR,partial_failure,,yes,2,2027-01-03
TXN000854,BK000257,CUST00241,multi_provider_booking,2,75122,INR,failed,provider_rejected,yes,2,2027-02-08
TXN000855,BK000085,CUST00187,rollback,1,132090,INR,failed,provider_timeout,yes,2,2026-11-14
TXN000856,BK000658,CUST00276,single_booking,4,19067,INR,success,,no,2,2027-01-23
TXN000857,BK000294,CUST00253,retry,4,128279,INR,failed,inventory_unavailable,yes,3,2026-11-09
TXN000858,BK000543,CUST00089,single_booking,4,12935,INR,failed,provider_rejected,yes,0,2027-03-06
TXN000859,BK000425,CUST00146,retry,4,62252,INR,rolled_back,,yes,3,2026-12-17
TXN000860,BK000268,CUST00295,multi_provider_booking,2,130156,INR,failed,provider_rejected,yes,3,2026-12-31
TXN000861,BK000761,CUST00055,rollback,1,60932,INR,partial_failure,,yes,3,2026-11-19
TXN000862,BK000868,CUST00283,single_booking,4,55590,INR,failed,validation_error,yes,2,2027-02-11
TXN000863,BK000182,CUST00261,retry,4,135927,INR,failed,provider_rejected,yes,1,2026-12-08
TXN000864,BK000976,CUST00057,multi_provider_booking,4,44040,INR,failed,network_error,yes,2,2027-01-18
TXN000865,BK000855,CUST00069,multi_provider_booking,4,132068,INR,failed,network_error,yes,3,2026-12-24
TXN000866,BK000642,CUST00117,multi_provider_booking,2,38788,INR,failed,provider_timeout,yes,2,2026-12-09
TXN000867,BK000663,CUST00180,retry,1,141958,INR,failed,network_error,yes,1,2027-01-18
TXN000868,BK000932,CUST00123,single_booking,4,98207,INR,failed,provider_timeout,yes,0,2027-03-11
TXN000869,BK000684,CUST00005,multi_provider_booking,3,109367,INR,failed,inventory_unavailable,yes,1,2027-02-25
TXN000870,BK000691,CUST00090,single_booking,3,5939,INR,failed,validation_error,yes,2,2027-01-14
TXN000871,BK000520,CUST00060,retry,2,33526,INR,failed,provider_timeout,yes,1,2026-12-10
TXN000872,BK000514,CUST00232,multi_provider_booking,4,110352,INR,failed,network_error,yes,0,2026-10-15
TXN000873,BK000890,CUST00254,multi_provider_booking,2,148201,INR,failed,payment_failed,yes,2,2027-01-09
TXN000874,BK000744,CUST00224,retry,1,97541,INR,failed,provider_rejected,yes,0,2027-03-29
TXN000875,BK000704,CUST00113,single_booking,3,139637,INR,failed,payment_failed,yes,1,2027-02-24
TXN000876,BK000469,CUST00006,rollback,2,67100,INR,failed,provider_rejected,yes,2,2027-02-25
TXN000877,BK000778,CUST00180,retry,1,120278,INR,failed,provider_timeout,yes,3,2027-02-14
TXN000878,BK000570,CUST00259,rollback,3,120115,INR,failed,provider_rejected,yes,2,2027-01-19
TXN000879,BK000410,CUST00024,single_booking,2,22628,INR,rolled_back,,yes,3,2026-10-01
TXN000880,BK000564,CUST00104,retry,4,39277,INR,failed,provider_rejected,yes,3,2027-01-24
TXN000881,BK000955,CUST00069,retry,2,109697,INR,failed,inventory_unavailable,yes,1,2026-12-07
TXN000882,BK000204,CUST00234,retry,3,62590,INR,failed,validation_error,yes,3,2027-03-01
TXN000883,BK000276,CUST00173,rollback,4,19659,INR,failed,provider_rejected,yes,3,2026-10-06
TXN000884,BK000886,CUST00068,retry,4,132285,INR,failed,network_error,yes,0,2027-03-30
TXN000885,BK000884,CUST00138,retry,3,54765,INR,failed,inventory_unavailable,yes,2,2027-03-15
TXN000886,BK000385,CUST00122,single_booking,3,18299,INR,failed,payment_failed,yes,0,2027-03-16
TXN000887,BK000908,CUST00042,multi_provider_booking,3,101261,INR,failed,network_error,yes,3,2026-10-20
TXN000888,BK000518,CUST00091,retry,4,70760,INR,failed,network_error,yes,0,2027-03-28
TXN000889,BK000266,CUST00192,multi_provider_booking,4,9879,INR,failed,network_error,yes,3,2027-03-04
TXN000890,BK000667,CUST00118,retry,4,9086,INR,failed,provider_timeout,yes,2,2026-11-06
TXN000891,BK000475,CUST00134,multi_provider_booking,3,12475,INR,failed,provider_rejected,yes,1,2026-11-03
TXN000892,BK000580,CUST00075,rollback,3,31248,INR,failed,validation_error,yes,0,2027-02-19
TXN000893,BK000681,CUST00170,retry,2,144057,INR,failed,inventory_unavailable,yes,2,2027-02-27
TXN000894,BK000849,CUST00028,rollback,4,97439,INR,failed,validation_error,yes,2,2026-10-13
TXN000895,BK000629,CUST00059,rollback,1,117258,INR,failed,network_error,yes,2,2026-11-24
TXN000896,BK000169,CUST00031,multi_provider_booking,2,144140,INR,failed,payment_failed,yes,3,2026-12-14
TXN000897,BK000267,CUST00200,single_booking,1,144224,INR,failed,provider_timeout,yes,2,2027-02-16
TXN000898,BK000941,CUST00242,single_booking,3,125311,INR,failed,validation_error,yes,0,2026-10-28
TXN000899,BK000512,CUST00205,single_booking,2,96490,INR,failed,provider_rejected,yes,1,2027-02-17
TXN000900,BK000899,CUST00033,multi_provider_booking,1,147942,INR,failed,validation_error,yes,3,2026-10-13
TXN000901,BK000041,CUST00191,rollback,3,27246,INR,success,,no,1,2027-03-20
TXN000902,BK000658,CUST00145,single_booking,3,51167,INR,failed,payment_failed,yes,1,2026-12-29
TXN000903,BK000095,CUST00096,single_booking,3,9864,INR,rolled_back,,yes,3,2026-11-22
TXN000904,BK000674,CUST00089,multi_provider_booking,4,7192,INR,success,,no,3,2027-02-16
TXN000905,BK000311,CUST00074,retry,2,33569,INR,failed,network_error,yes,1,2026-11-12
TXN000906,BK000620,CUST00078,retry,3,55629,INR,failed,network_error,yes,1,2027-01-20
TXN000907,BK000408,CUST00118,rollback,4,50038,INR,failed,validation_error,yes,2,2026-10-24
TXN000908,BK000718,CUST00096,retry,1,8939,INR,failed,network_error,yes,0,2027-03-10
TXN000909,BK000254,CUST00105,multi_provider_booking,2,95163,INR,failed,provider_rejected,yes,1,2027-03-09
TXN000910,BK000326,CUST00226,single_booking,3,85668,INR,failed,network_error,yes,2,2026-10-27
TXN000911,BK000211,CUST00078,multi_provider_booking,1,84486,INR,rolled_back,,yes,3,2027-03-06
TXN000912,BK000757,CUST00021,single_booking,4,28169,INR,rolled_back,,yes,0,2026-11-09
TXN000913,BK000719,CUST00281,retry,2,119346,INR,failed,network_error,yes,0,2026-12-31
TXN000914,BK000938,CUST00280,rollback,4,4917,INR,failed,inventory_unavailable,yes,3,2027-01-27
TXN000915,BK000943,CUST00074,retry,1,113417,INR,failed,validation_error,yes,1,2027-01-04
TXN000916,BK000309,CUST00057,single_booking,2,104083,INR,failed,provider_timeout,yes,2,2027-01-09
TXN000917,BK000499,CUST00153,rollback,3,104258,INR,failed,payment_failed,yes,3,2026-10-25
TXN000918,BK000303,CUST00183,single_booking,1,4267,INR,failed,network_error,yes,0,2026-10-24
TXN000919,BK000718,CUST00172,rollback,1,106837,INR,failed,payment_failed,yes,0,2026-12-23
TXN000920,BK000275,CUST00205,rollback,1,15796,INR,failed,provider_timeout,yes,1,2026-11-13
TXN000921,BK000675,CUST00066,multi_provider_booking,3,108642,INR,failed,payment_failed,yes,2,2026-12-03
TXN000922,BK000449,CUST00072,multi_provider_booking,4,138524,INR,failed,network_error,yes,2,2027-02-21
TXN000923,BK000629,CUST00283,rollback,3,78199,INR,failed,inventory_unavailable,yes,2,2026-11-15
TXN000924,BK000549,CUST00150,rollback,1,88079,INR,failed,network_error,yes,3,2026-12-27
TXN000925,BK000251,CUST00122,rollback,3,100703,INR,partial_failure,,yes,2,2026-10-06
TXN000926,BK000990,CUST00285,rollback,2,85363,INR,failed,provider_rejected,yes,0,2026-10-05
TXN000927,BK000633,CUST00153,rollback,1,68609,INR,failed,network_error,yes,1,2027-01-18
TXN000928,BK000491,CUST00246,multi_provider_booking,2,66315,INR,failed,network_error,yes,1,2026-10-11
TXN000929,BK000749,CUST00203,retry,2,75943,INR,failed,provider_rejected,yes,2,2026-10-09
TXN000930,BK000526,CUST00028,rollback,4,133044,INR,failed,validation_error,yes,3,2026-12-10
TXN000931,BK000017,CUST00283,single_booking,3,5715,INR,failed,payment_failed,yes,2,2027-03-22
TXN000932,BK000621,CUST00155,retry,3,79319,INR,failed,inventory_unavailable,yes,3,2026-12-21
TXN000933,BK000800,CUST00054,rollback,1,31745,INR,failed,provider_timeout,yes,2,2026-11-04
TXN000934,BK000206,CUST00188,retry,2,76400,INR,failed,inventory_unavailable,yes,3,2026-10-31
TXN000935,BK000047,CUST00132,rollback,2,149900,INR,failed,provider_rejected,yes,3,2027-03-03
TXN000936,BK000977,CUST00191,rollback,2,115720,INR,partial_failure,,yes,2,2027-03-25
TXN000937,BK000235,CUST00262,multi_provider_booking,2,146668,INR,failed,network_error,yes,0,2027-03-27
TXN000938,BK000396,CUST00098,rollback,3,40976,INR,failed,payment_failed,yes,2,2027-03-25
TXN000939,BK000964,CUST00088,retry,3,55474,INR,failed,provider_rejected,yes,2,2026-12-31
TXN000940,BK000638,CUST00237,multi_provider_booking,1,27472,INR,failed,provider_rejected,yes,0,2027-03-17
TXN000941,BK000475,CUST00286,single_booking,4,102049,INR,rolled_back,,yes,2,2026-11-13
TXN000942,BK000739,CUST00101,single_booking,2,76673,INR,failed,inventory_unavailable,yes,0,2026-10-18
TXN000943,BK000914,CUST00060,retry,4,97405,INR,failed,provider_timeout,yes,2,2027-02-08
TXN000944,BK000973,CUST00257,single_booking,1,40724,INR,failed,network_error,yes,2,2026-10-03
TXN000945,BK000704,CUST00271,rollback,3,99688,INR,partial_failure,,yes,3,2027-03-04
TXN000946,BK000118,CUST00295,rollback,3,65236,INR,failed,payment_failed,yes,3,2027-03-02
TXN000947,BK000141,CUST00006,rollback,1,102817,INR,failed,provider_rejected,yes,0,2026-11-01
TXN000948,BK000557,CUST00115,rollback,4,134186,INR,failed,inventory_unavailable,yes,0,2026-10-24
TXN000949,BK000845,CUST00300,retry,1,95718,INR,failed,payment_failed,yes,3,2027-03-14
TXN000950,BK000712,CUST00089,multi_provider_booking,1,74837,INR,failed,validation_error,yes,0,2026-11-16
TXN000951,BK000557,CUST00214,rollback,3,44775,INR,failed,provider_rejected,yes,2,2026-12-07
TXN000952,BK000275,CUST00122,rollback,4,40864,INR,failed,provider_timeout,yes,1,2026-11-01
TXN000953,BK000515,CUST00296,retry,2,125068,INR,failed,payment_failed,yes,3,2026-10-14
TXN000954,BK000978,CUST00188,retry,4,45054,INR,failed,network_error,yes,1,2027-03-26
TXN000955,BK000921,CUST00098,retry,4,93625,INR,failed,provider_timeout,yes,3,2026-11-16
TXN000956,BK000622,CUST00184,multi_provider_booking,3,28748,INR,failed,validation_error,yes,2,2027-03-21
TXN000957,BK000503,CUST00087,retry,3,144225,INR,failed,provider_rejected,yes,2,2026-11-03
TXN000958,BK000606,CUST00101,single_booking,3,60100,INR,failed,provider_timeout,yes,1,2026-10-20
TXN000959,BK000001,CUST00021,multi_provider_booking,1,89280,INR,rolled_back,,yes,2,2027-01-25
TXN000960,BK000468,CUST00131,single_booking,1,18185,INR,failed,payment_failed,yes,0,2026-11-24
TXN000961,BK000915,CUST00154,rollback,2,58601,INR,failed,provider_timeout,yes,2,2026-12-07
TXN000962,BK000830,CUST00045,rollback,1,69757,INR,failed,payment_failed,yes,1,2027-03-15
TXN000963,BK000883,CUST00110,rollback,4,109912,INR,failed,provider_timeout,yes,3,2027-01-23
TXN000964,BK000531,CUST00030,retry,4,102203,INR,failed,payment_failed,yes,1,2027-01-14
TXN000965,BK000844,CUST00264,multi_provider_booking,2,61365,INR,partial_failure,,yes,1,2026-12-13
TXN000966,BK000759,CUST00016,rollback,3,92468,INR,failed,validation_error,yes,0,2026-11-01
TXN000967,BK000977,CUST00240,single_booking,4,134168,INR,failed,inventory_unavailable,yes,1,2026-11-30
TXN000968,BK000482,CUST00205,single_booking,4,87566,INR,failed,inventory_unavailable,yes,2,2027-03-14
TXN000969,BK000718,CUST00280,rollback,2,18027,INR,failed,provider_timeout,yes,1,2026-10-06
TXN000970,BK000626,CUST00011,single_booking,4,70006,INR,failed,provider_timeout,yes,2,2026-11-19
TXN000971,BK000157,CUST00157,single_booking,3,52643,INR,failed,validation_error,yes,1,2026-11-02
TXN000972,BK000539,CUST00102,single_booking,1,37148,INR,rolled_back,,yes,3,2027-02-08
TXN000973,BK000774,CUST00204,single_booking,3,39659,INR,failed,payment_failed,yes,0,2026-12-22
TXN000974,BK000526,CUST00275,retry,1,127034,INR,rolled_back,,yes,2,2026-12-13
TXN000975,BK000139,CUST00065,retry,2,37209,INR,rolled_back,,yes,0,2026-12-07
TXN000976,BK000621,CUST00125,multi_provider_booking,1,61345,INR,failed,validation_error,yes,2,2026-10-05
TXN000977,BK000983,CUST00296,single_booking,1,128322,INR,failed,network_error,yes,2,2027-03-17
TXN000978,BK000091,CUST00035,multi_provider_booking,1,100634,INR,success,,no,1,2026-11-07
TXN000979,BK000107,CUST00040,retry,4,88067,INR,failed,inventory_unavailable,yes,1,2026-10-12
TXN000980,BK000596,CUST00289,rollback,3,60690,INR,failed,payment_failed,yes,2,2027-03-06
TXN000981,BK000452,CUST00034,rollback,3,5830,INR,failed,inventory_unavailable,yes,3,2027-03-21
TXN000982,BK000361,CUST00020,single_booking,1,80189,INR,failed,network_error,yes,3,2027-02-01
TXN000983,BK000377,CUST00019,rollback,4,27983,INR,failed,inventory_unavailable,yes,2,2027-01-14
TXN000984,BK000900,CUST00098,retry,1,23905,INR,failed,payment_failed,yes,3,2026-10-07
TXN000985,BK000040,CUST00212,rollback,1,23229,INR,failed,validation_error,yes,2,2027-01-27
TXN000986,BK000834,CUST00156,retry,2,59683,INR,failed,validation_error,yes,2,2026-11-26
TXN000987,BK000257,CUST00213,multi_provider_booking,1,103656,INR,partial_failure,,yes,0,2026-12-21
TXN000988,BK000348,CUST00187,multi_provider_booking,4,1857,INR,failed,network_error,yes,2,2027-02-07
TXN000989,BK000067,CUST00161,multi_provider_booking,3,42229,INR,failed,validation_error,yes,1,2027-03-06
TXN000990,BK000696,CUST00241,retry,4,55364,INR,failed,network_error,yes,3,2027-03-28
TXN000991,BK000012,CUST00260,retry,1,91504,INR,failed,network_error,yes,2,2027-01-17
TXN000992,BK000624,CUST00213,multi_provider_booking,4,107940,INR,failed,network_error,yes,0,2027-01-06
TXN000993,BK000359,CUST00233,rollback,3,34819,INR,success,,no,0,2027-03-23
TXN000994,BK000870,CUST00012,multi_provider_booking,2,45602,INR,failed,network_error,yes,2,2026-12-11
TXN000995,BK000556,CUST00096,retry,3,107708,INR,failed,provider_rejected,yes,3,2027-03-24
TXN000996,BK000256,CUST00281,rollback,4,147802,INR,rolled_back,,yes,0,2026-10-25
TXN000997,BK000699,CUST00047,single_booking,3,129000,INR,rolled_back,,yes,0,2026-11-27
TXN000998,BK000203,CUST00130,rollback,3,41026,INR,rolled_back,,yes,1,2026-12-26
TXN000999,BK000607,CUST00037,rollback,4,131131,INR,failed,network_error,yes,1,2027-01-18
TXN001000,BK000858,CUST00297,single_booking,3,66407,INR,failed,provider_timeout,yes,0,2027-03-30
