customer_id,customer_name,email,phone,preferred_currency,account_status,total_bookings,successful_bookings,cancelled_bookings,created_at
CUST00001,Customer 00001,customer00001@example.com,+916049376573,INR,suspended,20,16,2,2027-02-21
CUST00002,Customer 00002,customer00002@example.com,+919998477239,INR,suspended,7,3,2,2027-02-16
CUST00003,Customer 00003,customer00003@example.com,+916290758416,INR,active,20,8,4,2027-03-08
CUST00004,Customer 00004,customer00004@example.com,+916096192647,INR,active,1,18,4,2026-11-23
CUST00005,Customer 00005,customer00005@example.com,+917652065429,INR,active,4,12,1,2026-11-05
CUST00006,Customer 00006,customer00006@example.com,+916403698931,INR,active,17,6,3,2026-11-17
CUST00007,Customer 00007,customer00007@example.com,+919064723293,INR,suspended,4,2,1,2026-11-17
CUST00008,Customer 00008,customer00008@example.com,+918899754133,INR,active,6,5,1,2027-02-12
CUST00009,Customer 00009,customer00009@example.com,+918133893390,INR,active,0,1,4,2027-02-18
CUST00010,Customer 00010,customer00010@example.com,+916003332119,INR,active,16,17,0,2027-01-03
CUST00011,Customer 00011,customer00011@example.com,+918139761465,INR,suspended,11,15,2,2027-03-06
CUST00012,Customer 00012,customer00012@example.com,+918206360649,INR,suspended,17,15,5,2026-11-19
CUST00013,Customer 00013,customer00013@example.com,+918930727099,INR,active,5,10,5,2026-10-12
CUST00014,Customer 00014,customer00014@example.com,+916612999558,INR,active,6,9,1,2027-01-28
CUST00015,Customer 00015,customer00015@example.com,+917080550717,INR,suspended,0,4,0,2027-02-27
CUST00016,Customer 00016,customer00016@example.com,+919561954011,INR,active,16,5,4,2027-03-04
CUST00017,Customer 00017,customer00017@example.com,+916211880958,INR,active,19,12,1,2026-10-24
CUST00018,Customer 00018,customer00018@example.com,+918202104079,INR,suspended,20,17,2,2026-10-15
CUST00019,Customer 00019,customer00019@example.com,+916931190348,INR,active,20,13,1,2027-03-06
CUST00020,Customer 00020,customer00020@example.com,+918858095302,INR,active,16,0,0,2026-11-12
CUST00021,Customer 00021,customer00021@example.com,+918927136961,INR,suspended,8,3,4,2026-10-10
CUST00022,Customer 00022,customer00022@example.com,+916195165942,INR,active,4,18,4,2026-11-04
CUST00023,Customer 00023,customer00023@example.com,+919816086404,INR,active,12,7,1,2027-03-27
CUST00024,Customer 00024,customer00024@example.com,+916471949727,INR,active,4,17,1,2027-03-01
CUST00025,Customer 00025,customer00025@example.com,+916480369667,INR,active,13,12,5,2027-02-21
CUST00026,Customer 00026,customer00026@example.com,+916831281168,INR,active,9,3,4,2026-10-28
CUST00027,Customer 00027,customer00027@example.com,+916345113669,INR,active,3,1,5,2027-03-14
CUST00028,Customer 00028,customer00028@example.com,+918304084258,INR,active,19,4,5,2027-01-18
CUST00029,Customer 00029,customer00029@example.com,+918704561695,INR,suspended,12,7,5,2027-02-22
CUST00030,Customer 00030,customer00030@example.com,+919401025195,INR,suspended,10,12,0,2026-10-16
CUST00031,Customer 00031,customer00031@example.com,+919278635871,INR,suspended,18,9,0,2026-12-29
CUST00032,Customer 00032,customer00032@example.com,+916541273228,INR,suspended,19,11,3,2027-01-24
CUST00033,Customer 00033,customer00033@example.com,+916820906611,INR,active,13,2,3,2026-12-18
CUST00034,Customer 00034,customer00034@example.com,+917236308150,INR,active,19,7,0,2026-10-08
CUST00035,Customer 00035,customer00035@example.com,+919720702601,INR,active,6,12,2,2027-01-13
CUST00036,Customer 00036,customer00036@example.com,+919488294179,INR,active,8,1,3,2027-02-14
CUST00037,Customer 00037,customer00037@example.com,+919645814802,INR,active,11,0,5,2027-02-25
CUST00038,Customer 00038,customer00038@example.com,+917997641184,INR,active,13,7,4,2026-10-07
CUST00039,Customer 00039,customer00039@example.com,+919887344281,INR,active,11,13,1,2026-10-25
CUST00040,Customer 00040,customer00040@example.com,+918050788139,INR,active,4,17,4,2027-03-29
CUST00041,Customer 00041,customer00041@example.com,+918611816384,INR,active,13,6,1,2027-01-25
CUST00042,Customer 00042,customer00042@example.com,+918850746898,INR,suspended,15,3,1,2027-03-30
CUST00043,Customer 00043,customer00043@example.com,+919780751524,INR,active,11,0,1,2027-01-29
CUST00044,Customer 00044,customer00044@example.com,+917668990018,INR,active,15,2,5,2027-03-08
CUST00045,Customer 00045,customer00045@example.com,+918462922475,INR,active,7,9,3,2027-01-12
CUST00046,Customer 00046,customer00046@example.com,+919193195384,INR,active,1,3,3,2027-03-07
CUST00047,Customer 00047,customer00047@example.com,+918312339201,INR,active,3,10,4,2026-10-12
CUST00048,Customer 00048,customer00048@example.com,+919255880969,INR,active,8,6,1,2026-12-09
CUST00049,Customer 00049,customer00049@example.com,+917218558029,INR,active,17,7,2,2026-12-25
CUST00050,Customer 00050,customer00050@example.com,+918857781483,INR,active,20,12,3,2026-11-23
CUST00051,Customer 00051,customer00051@example.com,+919308142333,INR,suspended,9,17,0,2027-01-06
CUST00052,Customer 00052,customer00052@example.com,+916624321029,INR,active,11,4,1,2026-11-13
CUST00053,Customer 00053,customer00053@example.com,+917035339399,INR,active,13,6,0,2026-10-20
CUST00054,Customer 00054,customer00054@example.com,+916321156814,INR,active,7,10,0,2026-10-29
CUST00055,Customer 00055,customer00055@example.com,+919110033682,INR,active,11,5,3,2027-02-10
CUST00056,Customer 00056,customer00056@example.com,+919443980128,INR,active,17,3,2,2027-01-15
CUST00057,Customer 00057,customer00057@example.com,+919975993909,INR,active,16,8,0,2026-10-06
CUST00058,Customer 00058,customer00058@example.com,+919373126081,INR,active,13,0,1,2026-11-13
CUST00059,Customer 00059,customer00059@example.com,+916695779137,INR,active,19,0,0,2027-02-15
CUST00060,Customer 00060,customer00060@example.com,+916392237035,INR,active,9,4,1,2027-03-12
CUST00061,Customer 00061,customer00061@example.com,+918586723308,INR,suspended,7,13,3,2026-11-10
CUST00062,Customer 00062,customer00062@example.com,+918919754622,INR,active,8,9,3,2027-02-04
CUST00063,Customer 00063,customer00063@example.com,+916175497306,INR,active,5,14,5,2026-10-20
CUST00064,Customer 00064,customer00064@example.com,+916219825980,INR,active,3,0,1,2026-11-06
CUST00065,Customer 00065,customer00065@example.com,+919346093877,INR,active,13,17,5,2026-11-21
CUST00066,Customer 00066,customer00066@example.com,+918197302202,INR,active,7,13,5,2026-11-16
CUST00067,Customer 00067,customer00067@example.com,+919428512893,INR,active,16,8,2,2027-02-01
CUST00068,Customer 00068,customer00068@example.com,+919133565213,INR,suspended,15,1,1,2027-03-10
CUST00069,Customer 00069,customer00069@example.com,+917398046642,INR,suspended,1,4,5,2027-03-11
CUST00070,Customer 00070,customer00070@example.com,+916570221633,INR,active,17,16,3,2026-11-11
CUST00071,Customer 00071,customer00071@example.com,+916429930404,INR,active,19,3,1,2026-11-10
CUST00072,Customer 00072,customer00072@example.com,+917170222399,INR,active,10,0,0,2027-03-10
CUST00073,Customer 00073,customer00073@example.com,+918157087710,INR,active,16,1,2,2026-12-08
CUST00074,Customer 00074,customer00074@example.com,+917070744073,INR,active,3,6,5,2027-03-05
CUST00075,Customer 00075,customer00075@example.com,+917588167351,INR,suspended,18,0,5,2026-10-11
CUST00076,Customer 00076,customer00076@example.com,+918864487940,INR,active,7,9,0,2026-10-20
CUST00077,Customer 00077,customer00077@example.com,+919375138029,INR,suspended,19,16,1,2026-12-20
CUST00078,Customer 00078,customer00078@example.com,+918285122377,INR,active,19,8,0,2027-01-23
CUST00079,Customer 00079,customer00079@example.com,+916133809276,INR,active,9,13,5,2026-11-04
CUST00080,Customer 00080,customer00080@example.com,+917052872505,INR,suspended,15,11,3,2026-12-16
CUST00081,Customer 00081,customer00081@example.com,+919660311767,INR,active,8,16,5,2026-12-16
CUST00082,Customer 00082,customer00082@example.com,+916798267692,INR,active,20,15,2,2026-11-30
CUST00083,Customer 00083,customer00083@example.com,+919377804083,INR,active,13,4,5,2027-02-11
CUST00084,Customer 00084,customer00084@example.com,+919019787232,INR,suspended,19,10,5,2027-01-24
CUST00085,Customer 00085,customer00085@example.com,+918646064665,INR,suspended,9,16,3,2026-12-06
CUST00086,Customer 00086,customer00086@example.com,+918497357846,INR,active,11,0,2,2026-10-25
CUST00087,Customer 00087,customer00087@example.com,+916747251928,INR,suspended,18,18,5,2027-03-13
CUST00088,Customer 00088,customer00088@example.com,+916460782329,INR,active,19,17,5,2027-01-30
CUST00089,Customer 00089,customer00089@example.com,+919573012679,INR,suspended,9,16,1,2026-10-05
CUST00090,Customer 00090,customer00090@example.com,+919359291660,INR,active,16,18,5,2027-02-06
CUST00091,Customer 00091,customer00091@example.com,+918564356921,INR,active,15,16,1,2026-10-09
CUST00092,Customer 00092,customer00092@example.com,+916325789267,INR,active,13,17,0,2026-10-05
CUST00093,Customer 00093,customer00093@example.com,+917366851521,INR,active,8,4,2,2027-01-20
CUST00094,Customer 00094,customer00094@example.com,+919369822318,INR,active,20,8,3,2027-02-01
CUST00095,Customer 00095,customer00095@example.com,+917206803885,INR,active,8,17,0,2026-11-11
CUST00096,Customer 00096,customer00096@example.com,+916329346238,INR,active,15,15,2,2027-03-15
CUST00097,Customer 00097,customer00097@example.com,+917155631356,INR,active,12,11,0,2026-10-28
CUST00098,Customer 00098,customer00098@example.com,+918303935918,INR,active,10,12,3,2026-12-09
CUST00099,Customer 00099,customer00099@example.com,+919738646781,INR,active,12,12,5,2026-10-20
CUST00100,Customer 00100,customer00100@example.com,+918474029028,INR,active,8,9,5,2026-10-13
CUST00101,Customer 00101,customer00101@example.com,+918728677520,INR,active,5,2,5,2026-12-20
CUST00102,Customer 00102,customer00102@example.com,+918928687031,INR,suspended,14,7,1,2026-12-16
CUST00103,Customer 00103,customer00103@example.com,+918106718679,INR,suspended,5,14,3,2026-11-04
CUST00104,Customer 00104,customer00104@example.com,+917782225775,INR,suspended,16,11,5,2027-01-12
CUST00105,Customer 00105,customer00105@example.com,+917379776099,INR,active,10,14,5,2026-12-05
CUST00106,Customer 00106,customer00106@example.com,+917024309073,INR,active,14,10,3,2027-01-12
CUST00107,Customer 00107,customer00107@example.com,+916484380292,INR,suspended,2,18,4,2026-12-30
CUST00108,Customer 00108,customer00108@example.com,+917161178577,INR,suspended,4,16,5,2026-11-19
CUST00109,Customer 00109,customer00109@example.com,+919003775420,INR,suspended,9,17,4,2027-01-07
CUST00110,Customer 00110,customer00110@example.com,+916170954407,INR,active,20,14,2,2026-11-18
CUST00111,Customer 00111,customer00111@example.com,+919290802462,INR,active,19,16,2,2026-12-15
CUST00112,Customer 00112,customer00112@example.com,+917403379073,INR,suspended,9,15,5,2027-03-29
CUST00113,Customer 00113,customer00113@example.com,+916961035273,INR,suspended,20,9,1,2026-11-19
CUST00114,Customer 00114,customer00114@example.com,+917307453778,INR,suspended,15,11,0,2026-12-13
CUST00115,Customer 00115,customer00115@example.com,+919827488839,INR,active,4,18,3,2027-02-12
CUST00116,Customer 00116,customer00116@example.com,+916612587075,INR,active,4,12,4,2026-11-05
CUST00117,Customer 00117,customer00117@example.com,+916555603233,INR,active,8,10,2,2026-12-12
CUST00118,Customer 00118,customer00118@example.com,+916679253443,INR,active,11,4,2,2026-10-13
CUST00119,Customer 00119,customer00119@example.com,+917034065987,INR,active,20,14,3,2026-10-15
CUST00120,Customer 00120,customer00120@example.com,+919531514230,INR,active,6,5,0,2027-03-07
CUST00121,Customer 00121,customer00121@example.com,+917232709327,INR,active,17,2,0,2027-02-21
CUST00122,Customer 00122,customer00122@example.com,+918096294944,INR,suspended,15,2,4,2026-11-12
CUST00123,Customer 00123,customer00123@example.com,+919087743620,INR,suspended,6,0,4,2026-10-03
CUST00124,Customer 00124,customer00124@example.com,+918610842550,INR,active,10,3,5,2026-12-19
CUST00125,Customer 00125,customer00125@example.com,+916482305481,INR,active,8,10,5,2027-03-07
CUST00126,Customer 00126,customer00126@example.com,+916080423058,INR,active,5,11,0,2026-11-08
CUST00127,Customer 00127,customer00127@example.com,+918770721182,INR,active,5,1,0,2027-03-09
CUST00128,Customer 00128,customer00128@example.com,+919260632158,INR,active,10,14,3,2027-03-28
CUST00129,Customer 00129,customer00129@example.com,+919966969031,INR,active,5,2,3,2026-12-21
CUST00130,Customer 00130,customer00130@example.com,+917033243567,INR,active,1,11,3,2026-12-16
CUST00131,Customer 00131,customer00131@example.com,+916347142836,INR,active,6,16,1,2026-12-26
CUST00132,Customer 00132,customer00132@example.com,+918704378457,INR,suspended,11,1,3,2026-11-10
CUST00133,Customer 00133,customer00133@example.com,+916663519083,INR,active,19,9,0,2026-10-30
CUST00134,Customer 00134,customer00134@example.com,+917575686514,INR,active,1,14,2,2027-01-22
CUST00135,Customer 00135,customer00135@example.com,+918902764878,INR,active,20,18,1,2026-12-10
CUST00136,Customer 00136,customer00136@example.com,+918758535339,INR,active,3,12,4,2026-11-19
CUST00137,Customer 00137,customer00137@example.com,+918707792262,INR,active,3,18,5,2026-11-05
CUST00138,Customer 00138,customer00138@example.com,+916683650054,INR,active,15,6,4,2027-01-21
CUST00139,Customer 00139,customer00139@example.com,+916004351606,INR,active,18,17,0,2026-10-08
CUST00140,Customer 00140,customer00140@example.com,+917193487967,INR,active,17,7,2,2026-11-28
CUST00141,Customer 00141,customer00141@example.com,+916513245695,INR,active,6,18,0,2027-01-27
CUST00142,Customer 00142,customer00142@example.com,+918146962679,INR,active,13,7,1,2026-11-24
CUST00143,Customer 00143,customer00143@example.com,+918900000895,INR,active,20,8,3,2027-03-10
CUST00144,Customer 00144,customer00144@example.com,+919697407574,INR,suspended,14,5,3,2027-02-02
CUST00145,Customer 00145,customer00145@example.com,+916196435609,INR,suspended,13,17,5,2027-01-16
CUST00146,Customer 00146,customer00146@example.com,+917004560500,INR,suspended,15,8,4,2026-10-27
CUST00147,Customer 00147,customer00147@example.com,+916117205812,INR,active,2,4,3,2027-03-10
CUST00148,Customer 00148,customer00148@example.com,+919318459231,INR,active,2,15,2,2027-01-03
CUST00149,Customer 00149,customer00149@example.com,+919487877497,INR,active,2,13,4,2026-12-07
CUST00150,Customer 00150,customer00150@example.com,+918406283305,INR,active,8,17,0,2027-02-20
CUST00151,Customer 00151,customer00151@example.com,+916433327325,INR,suspended,18,2,1,2027-01-22
CUST00152,Customer 00152,customer00152@example.com,+917275913309,INR,suspended,10,2,5,2026-10-29
CUST00153,Customer 00153,customer00153@example.com,+917191681447,INR,active,4,8,3,2026-11-06
CUST00154,Customer 00154,customer00154@example.com,+919132088400,INR,active,17,12,4,2026-10-28
CUST00155,Customer 00155,customer00155@example.com,+917006129328,INR,active,5,1,5,2026-12-06
CUST00156,Customer 00156,customer00156@example.com,+918180690314,INR,active,18,8,0,2027-03-02
CUST00157,Customer 00157,customer00157@example.com,+919536379343,INR,active,8,2,4,2027-02-25
CUST00158,Customer 00158,customer00158@example.com,+917942633203,INR,suspended,0,11,2,2027-03-08
CUST00159,Customer 00159,customer00159@example.com,+917174088228,INR,suspended,18,9,5,2026-10-17
CUST00160,Customer 00160,customer00160@example.com,+918070801086,INR,active,0,3,4,2027-02-05
CUST00161,Customer 00161,customer00161@example.com,+919250417033,INR,suspended,5,3,1,2027-03-20
CUST00162,Customer 00162,customer00162@example.com,+918514422287,INR,active,18,2,4,2026-10-26
CUST00163,Customer 00163,customer00163@example.com,+916026782449,INR,active,17,10,5,2027-01-28
CUST00164,Customer 00164,customer00164@example.com,+916362661644,INR,active,9,10,5,2027-03-05
CUST00165,Customer 00165,customer00165@example.com,+917637621448,INR,active,18,16,1,2026-10-10
CUST00166,Customer 00166,customer00166@example.com,+919343561632,INR,active,15,0,1,2026-12-24
CUST00167,Customer 00167,customer00167@example.com,+917206264612,INR,active,0,11,0,2026-10-03
CUST00168,Customer 00168,customer00168@example.com,+916606317368,INR,active,10,5,4,2026-10-29
CUST00169,Customer 00169,customer00169@example.com,+918632123670,INR,active,12,0,1,2027-01-22
CUST00170,Customer 00170,customer00170@example.com,+918993167162,INR,suspended,3,2,0,2026-12-19
CUST00171,Customer 00171,customer00171@example.com,+919696165583,INR,active,1,4,3,2027-02-12
CUST00172,Customer 00172,customer00172@example.com,+917082111369,INR,active,3,11,4,2027-01-16
CUST00173,Customer 00173,customer00173@example.com,+919039925627,INR,active,17,5,2,2026-12-07
CUST00174,Customer 00174,customer00174@example.com,+918465078496,INR,active,5,10,1,2027-03-03
CUST00175,Customer 00175,customer00175@example.com,+916681559034,INR,active,3,10,1,2027-01-05
CUST00176,Customer 00176,customer00176@example.com,+919457203335,INR,active,20,11,2,2026-12-28
CUST00177,Customer 00177,customer00177@example.com,+917144769131,INR,active,11,6,5,2027-02-04
CUST00178,Customer 00178,customer00178@example.com,+918367433527,INR,active,10,18,3,2026-11-20
CUST00179,Customer 00179,customer00179@example.com,+916284458249,INR,active,3,7,0,2027-03-22
CUST00180,Customer 00180,customer00180@example.com,+916240467913,INR,suspended,17,10,4,2027-03-02
CUST00181,Customer 00181,customer00181@example.com,+917218702668,INR,suspended,5,15,0,2027-03-27
CUST00182,Customer 00182,customer00182@example.com,+917707611100,INR,suspended,5,9,5,2027-01-26
CUST00183,Customer 00183,customer00183@example.com,+919391113292,INR,active,10,6,3,2027-01-07
CUST00184,Customer 00184,customer00184@example.com,+917173285591,INR,active,4,2,5,2026-12-17
CUST00185,Customer 00185,customer00185@example.com,+918628150982,INR,suspended,4,16,4,2026-12-28
CUST00186,Customer 00186,customer00186@example.com,+919318799021,INR,active,2,5,4,2026-10-27
CUST00187,Customer 00187,customer00187@example.com,+919214300552,INR,active,8,4,3,2026-10-08
CUST00188,Customer 00188,customer00188@example.com,+917584735743,INR,suspended,16,2,0,2027-03-19
CUST00189,Customer 00189,customer00189@example.com,+916593325988,INR,active,8,9,5,2026-12-07
CUST00190,Customer 00190,customer00190@example.com,+918260869441,INR,active,4,0,3,2026-12-15
CUST00191,Customer 00191,customer00191@example.com,+917657997243,INR,active,13,2,4,2027-01-11
CUST00192,Customer 00192,customer00192@example.com,+918871416482,INR,active,17,7,3,2027-01-16
CUST00193,Customer 00193,customer00193@example.com,+917746774952,INR,active,10,7,0,2026-11-29
CUST00194,Customer 00194,customer00194@example.com,+916078275496,INR,active,17,0,0,2027-02-15
CUST00195,Customer 00195,customer00195@example.com,+918544432245,INR,suspended,7,7,4,2026-12-28
CUST00196,Customer 00196,customer00196@example.com,+919641867670,INR,active,0,5,1,2026-11-22
CUST00197,Customer 00197,customer00197@example.com,+916615102282,INR,active,11,14,1,2026-11-28
CUST00198,Customer 00198,customer00198@example.com,+917561519514,INR,suspended,0,5,0,2027-03-13
CUST00199,Customer 00199,customer00199@example.com,+916398161559,INR,suspended,0,13,0,2026-12-21
CUST00200,Customer 00200,customer00200@example.com,+919623331598,INR,active,11,6,4,2026-12-23
CUST00201,Customer 00201,customer00201@example.com,+916951861762,INR,suspended,7,10,2,2026-12-16
CUST00202,Customer 00202,customer00202@example.com,+918263217908,INR,suspended,13,9,0,2027-02-17
CUST00203,Customer 00203,customer00203@example.com,+916639843603,INR,active,14,6,5,2027-03-13
CUST00204,Customer 00204,customer00204@example.com,+916267552125,INR,active,0,7,3,2026-12-07
CUST00205,Customer 00205,customer00205@example.com,+916348136843,INR,active,11,0,1,2026-10-14
CUST00206,Customer 00206,customer00206@example.com,+917826722770,INR,suspended,12,12,4,2027-02-22
CUST00207,Customer 00207,customer00207@example.com,+918373886122,INR,active,19,6,1,2026-12-09
CUST00208,Customer 00208,customer00208@example.com,+919202880722,INR,active,8,7,5,2026-10-11
CUST00209,Customer 00209,customer00209@example.com,+916854604298,INR,active,8,11,1,2027-01-21
CUST00210,Customer 00210,customer00210@example.com,+916797502326,INR,active,2,14,2,2026-11-10
CUST00211,Customer 00211,customer00211@example.com,+919200705320,INR,active,18,16,4,2027-03-19
CUST00212,Customer 00212,customer00212@example.com,+919995335742,INR,active,5,8,0,2026-11-20
CUST00213,Customer 00213,customer00213@example.com,+916684170506,INR,suspended,6,16,5,2026-11-04
CUST00214,Customer 00214,customer00214@example.com,+916157502011,INR,active,13,3,2,2026-11-20
CUST00215,Customer 00215,customer00215@example.com,+918596889463,INR,active,16,5,3,2026-11-22
CUST00216,Customer 00216,customer00216@example.com,+918997576013,INR,active,20,6,3,2027-02-14
CUST00217,Customer 00217,customer00217@example.com,+919025532506,INR,active,1,12,1,2026-12-16
CUST00218,Customer 00218,customer00218@example.com,+919627226608,INR,active,18,10,5,2027-02-11
CUST00219,Customer 00219,customer00219@example.com,+918501311702,INR,suspended,0,6,5,2027-03-10
CUST00220,Customer 00220,customer00220@example.com,+919931267394,INR,active,17,10,2,2026-11-02
CUST00221,Customer 00221,customer00221@example.com,+916941135065,INR,suspended,20,10,5,2026-12-26
CUST00222,Customer 00222,customer00222@example.com,+918030039294,INR,active,5,15,5,2027-01-15
CUST00223,Customer 00223,customer00223@example.com,+918265649558,INR,suspended,2,0,2,2026-10-27
CUST00224,Customer 00224,customer00224@example.com,+917062469421,INR,active,18,4,1,2026-12-08
CUST00225,Customer 00225,customer00225@example.com,+916983623578,INR,active,5,13,0,2027-01-01
CUST00226,Customer 00226,customer00226@example.com,+918701362048,INR,active,9,16,0,2026-10-04
CUST00227,Customer 00227,customer00227@example.com,+916250003748,INR,active,7,14,2,2027-03-11
CUST00228,Customer 00228,customer00228@example.com,+916999343290,INR,suspended,6,9,1,2026-12-21
CUST00229,Customer 00229,customer00229@example.com,+919408549006,INR,suspended,6,7,5,2026-11-18
CUST00230,Customer 00230,customer00230@example.com,+918497647573,INR,suspended,20,7,5,2026-11-03
CUST00231,Customer 00231,customer00231@example.com,+918714629687,INR,suspended,15,7,2,2026-10-05
CUST00232,Customer 00232,customer00232@example.com,+919086270727,INR,active,15,3,0,2027-01-03
CUST00233,Customer 00233,customer00233@example.com,+919523141916,INR,suspended,3,3,1,2027-02-21
CUST00234,Customer 00234,customer00234@example.com,+916882933124,INR,active,1,10,2,2026-12-02
CUST00235,Customer 00235,customer00235@example.com,+919403082745,INR,active,17,17,1,2027-02-06
CUST00236,Customer 00236,customer00236@example.com,+919949702509,INR,active,0,6,3,2026-11-02
CUST00237,Customer 00237,customer00237@example.com,+916127348464,INR,active,10,13,3,2027-01-04
CUST00238,Customer 00238,customer00238@example.com,+916720119503,INR,suspended,20,18,2,2027-02-27
CUST00239,Customer 00239,customer00239@example.com,+919230929579,INR,active,0,5,3,2027-02-02
CUST00240,Customer 00240,customer00240@example.com,+919863591412,INR,active,17,11,2,2027-03-28
CUST00241,Customer 00241,customer00241@example.com,+919775299468,INR,active,19,5,1,2026-12-05
CUST00242,Customer 00242,customer00242@example.com,+918135618093,INR,suspended,12,13,4,2026-12-11
CUST00243,Customer 00243,customer00243@example.com,+918507453406,INR,active,18,6,4,2027-02-12
CUST00244,Customer 00244,customer00244@example.com,+918136788548,INR,suspended,15,15,4,2027-02-19
CUST00245,Customer 00245,customer00245@example.com,+916352133282,INR,suspended,15,12,1,2027-02-07
CUST00246,Customer 00246,customer00246@example.com,+918090536867,INR,active,16,0,4,2026-10-13
CUST00247,Customer 00247,customer00247@example.com,+916761296759,INR,active,13,12,5,2027-03-12
CUST00248,Customer 00248,customer00248@example.com,+916313922048,INR,active,16,18,4,2026-10-18
CUST00249,Customer 00249,customer00249@example.com,+917361780467,INR,active,15,11,0,2026-10-17
CUST00250,Customer 00250,customer00250@example.com,+917519895062,INR,suspended,8,15,3,2026-11-04
CUST00251,Customer 00251,customer00251@example.com,+919818832650,INR,active,15,1,0,2026-10-16
CUST00252,Customer 00252,customer00252@example.com,+916971689743,INR,suspended,4,3,0,2027-03-06
CUST00253,Customer 00253,customer00253@example.com,+916227490814,INR,active,8,0,4,2026-10-09
CUST00254,Customer 00254,customer00254@example.com,+916111672241,INR,active,6,5,0,2026-10-25
CUST00255,Customer 00255,customer00255@example.com,+917295942437,INR,suspended,5,6,3,2026-10-08
CUST00256,Customer 00256,customer00256@example.com,+917386008894,INR,active,20,14,2,2027-01-24
CUST00257,Customer 00257,customer00257@example.com,+919484710345,INR,active,12,15,5,2027-02-23
CUST00258,Customer 00258,customer00258@example.com,+919321250016,INR,suspended,0,5,5,2026-12-20
CUST00259,Customer 00259,customer00259@example.com,+918130476027,INR,active,6,14,4,2027-01-24
CUST00260,Customer 00260,customer00260@example.com,+919990103418,INR,active,8,14,0,2026-10-20
CUST00261,Customer 00261,customer00261@example.com,+917298367408,INR,active,0,17,1,2027-02-04
CUST00262,Customer 00262,customer00262@example.com,+918248782351,INR,suspended,9,11,0,2026-10-28
CUST00263,Customer 00263,customer00263@example.com,+917018166548,INR,active,5,18,3,2027-03-29
CUST00264,Customer 00264,customer00264@example.com,+916713111661,INR,active,1,9,5,2027-01-18
CUST00265,Customer 00265,customer00265@example.com,+918568353350,INR,active,12,4,4,2027-03-19
CUST00266,Customer 00266,customer00266@example.com,+918526808785,INR,active,10,7,4,2026-10-13
CUST00267,Customer 00267,customer00267@example.com,+917440963138,INR,active,20,16,1,2027-01-24
CUST00268,Customer 00268,customer00268@example.com,+919154402728,INR,active,16,7,2,2026-12-03
CUST00269,Customer 00269,customer00269@example.com,+917992802679,INR,active,12,18,1,2026-10-31
CUST00270,Customer 00270,customer00270@example.com,+918383180893,INR,suspended,16,1,0,2026-10-08
CUST00271,Customer 00271,customer00271@example.com,+916353370256,INR,active,0,18,3,2027-01-10
CUST00272,Customer 00272,customer00272@example.com,+917562473347,INR,active,15,2,0,2027-02-03
CUST00273,Customer 00273,customer00273@example.com,+919572381172,INR,active,18,15,4,2026-12-12
CUST00274,Customer 00274,customer00274@example.com,+916086784327,INR,active,0,7,4,2027-01-07
CUST00275,Customer 00275,customer00275@example.com,+919256123787,INR,active,8,2,5,2027-02-11
CUST00276,Customer 00276,customer00276@example.com,+918005464222,INR,suspended,2,14,4,2026-12-07
CUST00277,Customer 00277,customer00277@example.com,+918501876256,INR,suspended,12,5,5,2026-10-23
CUST00278,Customer 00278,customer00278@example.com,+919145826849,INR,active,20,15,2,2027-03-22
CUST00279,Customer 00279,customer00279@example.com,+918695290186,INR,active,2,18,5,2026-12-11
CUST00280,Customer 00280,customer00280@example.com,+917366331359,INR,active,6,13,1,2026-12-04
CUST00281,Customer 00281,customer00281@example.com,+919494369054,INR,active,10,8,3,2027-03-23
CUST00282,Customer 00282,customer00282@example.com,+918779167082,INR,suspended,1,10,4,2027-02-22
CUST00283,Customer 00283,customer00283@example.com,+919445244451,INR,suspended,7,9,4,2026-10-22
CUST00284,Customer 00284,customer00284@example.com,+917105466055,INR,active,20,15,3,2027-03-09
CUST00285,Customer 00285,customer00285@example.com,+916795573041,INR,suspended,15,7,5,2026-11-17
CUST00286,Customer 00286,customer00286@example.com,+919042818400,INR,active,18,3,0,2026-12-03
CUST00287,Customer 00287,customer00287@example.com,+916648228211,INR,active,5,13,5,2026-11-16
CUST00288,Customer 00288,customer00288@example.com,+919592535721,INR,suspended,18,10,3,2026-11-06
CUST00289,Customer 00289,customer00289@example.com,+916526537465,INR,active,13,17,4,2026-12-19
CUST00290,Customer 00290,customer00290@example.com,+917274577971,INR,active,15,13,0,2027-02-21
CUST00291,Customer 00291,customer00291@example.com,+916901324720,INR,active,11,16,3,2027-02-01
CUST00292,Customer 00292,customer00292@example.com,+917797010906,INR,active,6,11,5,2027-03-10
CUST00293,Customer 00293,customer00293@example.com,+919671819725,INR,active,11,1,5,2027-01-23
CUST00294,Customer 00294,customer00294@example.com,+916227394310,INR,suspended,8,2,4,2027-02-19
CUST00295,Customer 00295,customer00295@example.com,+917368526377,INR,active,16,1,3,2027-03-22
CUST00296,Customer 00296,customer00296@example.com,+916781362958,INR,suspended,12,15,4,2027-03-15
CUST00297,Customer 00297,customer00297@example.com,+919917018528,INR,active,14,14,2,2026-10-21
CUST00298,Customer 00298,customer00298@example.com,+918605204619,INR,suspended,11,15,1,2026-11-24
CUST00299,Customer 00299,customer00299@example.com,+917464181846,INR,active,13,10,3,2026-12-04
CUST00300,Customer 00300,customer00300@example.com,+917713000530,INR,suspended,17,11,3,2026-10-03
CUST00301,Customer 00301,customer00301@example.com,+918518622417,INR,suspended,0,5,0,2026-10-13
CUST00302,Customer 00302,customer00302@example.com,+918589275108,INR,active,14,13,3,2027-01-14
CUST00303,Customer 00303,customer00303@example.com,+918517141652,INR,active,3,15,5,2026-10-09
CUST00304,Customer 00304,customer00304@example.com,+916765970348,INR,active,17,1,0,2026-10-04
CUST00305,Customer 00305,customer00305@example.com,+916222682301,INR,active,19,14,3,2026-11-11
CUST00306,Customer 00306,customer00306@example.com,+917182277255,INR,active,7,17,5,2027-02-10
CUST00307,Customer 00307,customer00307@example.com,+919048850495,INR,suspended,2,12,3,2026-11-26
CUST00308,Customer 00308,customer00308@example.com,+918756870027,INR,active,13,2,0,2027-02-22
CUST00309,Customer 00309,customer00309@example.com,+918692766370,INR,active,5,16,4,2027-02-21
CUST00310,Customer 00310,customer00310@example.com,+916297224030,INR,suspended,14,7,5,2026-12-21
CUST00311,Customer 00311,customer00311@example.com,+916520616889,INR,active,0,12,2,2026-11-10
CUST00312,Customer 00312,customer00312@example.com,+919311852005,INR,active,5,18,1,2027-03-07
CUST00313,Customer 00313,customer00313@example.com,+918968904962,INR,suspended,0,2,0,2027-02-03
CUST00314,Customer 00314,customer00314@example.com,+916969941178,INR,active,14,5,3,2026-12-30
CUST00315,Customer 00315,customer00315@example.com,+918538074099,INR,active,4,6,2,2026-11-24
CUST00316,Customer 00316,customer00316@example.com,+918741403087,INR,suspended,10,2,3,2027-01-27
CUST00317,Customer 00317,customer00317@example.com,+916414799140,INR,active,6,18,0,2026-10-12
CUST00318,Customer 00318,customer00318@example.com,+916682018835,INR,suspended,12,16,1,2026-12-13
CUST00319,Customer 00319,customer00319@example.com,+919678831383,INR,active,9,16,2,2026-12-26
CUST00320,Customer 00320,customer00320@example.com,+917584710177,INR,suspended,0,3,5,2027-01-23
CUST00321,Customer 00321,customer00321@example.com,+917956780916,INR,active,20,8,2,2026-11-11
CUST00322,Customer 00322,customer00322@example.com,+917381920465,INR,active,19,11,3,2026-12-03
CUST00323,Customer 00323,customer00323@example.com,+917776978086,INR,suspended,4,12,5,2026-11-03
CUST00324,Customer 00324,customer00324@example.com,+918141891441,INR,suspended,19,16,5,2027-01-25
CUST00325,Customer 00325,customer00325@example.com,+916472135621,INR,active,12,11,2,2027-02-26
CUST00326,Customer 00326,customer00326@example.com,+917614948628,INR,suspended,8,13,1,2026-10-13
CUST00327,Customer 00327,customer00327@example.com,+918719078738,INR,active,7,6,3,2027-02-02
CUST00328,Customer 00328,customer00328@example.com,+919184906862,INR,active,6,2,5,2027-03-18
CUST00329,Customer 00329,customer00329@example.com,+919511957469,INR,suspended,9,11,4,2027-03-03
CUST00330,Customer 00330,customer00330@example.com,+917591522593,INR,active,3,11,4,2027-02-26
CUST00331,Customer 00331,customer00331@example.com,+917271344966,INR,suspended,20,14,3,2026-11-25
CUST00332,Customer 00332,customer00332@example.com,+916880642688,INR,active,19,12,0,2027-01-28
CUST00333,Customer 00333,customer00333@example.com,+919041152347,INR,suspended,5,2,2,2026-11-18
CUST00334,Customer 00334,customer00334@example.com,+917799806188,INR,active,17,2,1,2026-10-02
CUST00335,Customer 00335,customer00335@example.com,+918984178504,INR,active,15,17,0,2027-03-27
CUST00336,Customer 00336,customer00336@example.com,+918427203710,INR,suspended,1,5,4,2027-02-26
CUST00337,Customer 00337,customer00337@example.com,+916102737981,INR,active,18,1,5,2026-10-10
CUST00338,Customer 00338,customer00338@example.com,+917080958949,INR,active,5,2,3,2026-10-30
CUST00339,Customer 00339,customer00339@example.com,+916319373190,INR,active,5,7,3,2027-01-08
CUST00340,Customer 00340,customer00340@example.com,+916572658019,INR,active,15,17,2,2026-12-17
CUST00341,Customer 00341,customer00341@example.com,+919412710337,INR,active,9,0,1,2026-10-16
CUST00342,Customer 00342,customer00342@example.com,+916411079032,INR,active,13,3,5,2026-10-05
CUST00343,Customer 00343,customer00343@example.com,+917743021642,INR,active,19,12,4,2027-03-06
CUST00344,Customer 00344,customer00344@example.com,+917681627547,INR,suspended,5,6,5,2027-02-14
CUST00345,Customer 00345,customer00345@example.com,+919529991725,INR,active,3,3,0,2026-11-03
CUST00346,Customer 00346,customer00346@example.com,+919152907989,INR,active,20,18,3,2026-12-16
CUST00347,Customer 00347,customer00347@example.com,+918561944202,INR,suspended,20,11,3,2027-02-23
CUST00348,Customer 00348,customer00348@example.com,+916165164730,INR,active,4,1,3,2027-01-13
CUST00349,Customer 00349,customer00349@example.com,+919676297627,INR,suspended,2,9,2,2026-10-28
CUST00350,Customer 00350,customer00350@example.com,+917260388965,INR,active,1,12,4,2026-10-27
CUST00351,Customer 00351,customer00351@example.com,+916344960959,INR,active,3,7,1,2026-11-01
CUST00352,Customer 00352,customer00352@example.com,+919190492522,INR,active,18,8,5,2027-01-30
CUST00353,Customer 00353,customer00353@example.com,+916153312644,INR,active,6,7,1,2026-11-13
CUST00354,Customer 00354,customer00354@example.com,+916900031928,INR,active,10,2,0,2026-10-06
CUST00355,Customer 00355,customer00355@example.com,+916302957031,INR,active,19,16,2,2026-12-24
CUST00356,Customer 00356,customer00356@example.com,+917846542068,INR,active,3,1,2,2027-02-11
CUST00357,Customer 00357,customer00357@example.com,+916371034799,INR,active,12,3,5,2027-01-26
CUST00358,Customer 00358,customer00358@example.com,+919457483472,INR,active,7,12,4,2027-03-20
CUST00359,Customer 00359,customer00359@example.com,+916526731364,INR,active,19,8,3,2027-03-30
CUST00360,Customer 00360,customer00360@example.com,+919833855409,INR,active,11,14,4,2027-01-25
CUST00361,Customer 00361,customer00361@example.com,+917498684956,INR,active,4,18,0,2027-02-11
CUST00362,Customer 00362,customer00362@example.com,+919852926590,INR,active,13,7,3,2026-11-14
CUST00363,Customer 00363,customer00363@example.com,+919523232550,INR,active,18,17,3,2027-02-22
CUST00364,Customer 00364,customer00364@example.com,+918809280385,INR,active,6,7,1,2026-10-10
CUST00365,Customer 00365,customer00365@example.com,+916642833583,INR,active,8,11,1,2027-03-06
CUST00366,Customer 00366,customer00366@example.com,+917375344031,INR,active,17,3,4,2026-10-25
CUST00367,Customer 00367,customer00367@example.com,+918765687066,INR,active,5,7,5,2027-01-11
CUST00368,Customer 00368,customer00368@example.com,+917119677039,INR,active,17,4,4,2027-03-18
CUST00369,Customer 00369,customer00369@example.com,+917979734999,INR,active,3,0,0,2026-12-29
CUST00370,Customer 00370,customer00370@example.com,+917688835147,INR,active,2,15,1,2026-10-25
CUST00371,Customer 00371,customer00371@example.com,+919136094495,INR,active,14,7,5,2026-12-10
CUST00372,Customer 00372,customer00372@example.com,+919781485818,INR,suspended,18,14,0,2026-12-08
CUST00373,Customer 00373,customer00373@example.com,+918416827712,INR,suspended,3,10,4,2027-01-02
CUST00374,Customer 00374,customer00374@example.com,+916897499004,INR,active,4,3,4,2026-11-24
CUST00375,Customer 00375,customer00375@example.com,+917217135997,INR,active,9,12,5,2026-10-27
CUST00376,Customer 00376,customer00376@example.com,+917579793257,INR,suspended,1,6,4,2027-01-26
CUST00377,Customer 00377,customer00377@example.com,+916818734569,INR,active,1,2,0,2026-11-01
CUST00378,Customer 00378,customer00378@example.com,+916405233870,INR,active,6,18,2,2026-10-26
CUST00379,Customer 00379,customer00379@example.com,+919637648565,INR,active,3,2,3,2026-12-26
CUST00380,Customer 00380,customer00380@example.com,+919264332866,INR,active,7,0,0,2026-12-17
CUST00381,Customer 00381,customer00381@example.com,+918993783614,INR,active,19,6,3,2027-02-23
CUST00382,Customer 00382,customer00382@example.com,+918430613259,INR,active,20,13,3,2026-12-08
CUST00383,Customer 00383,customer00383@example.com,+918637729398,INR,active,6,6,2,2027-02-26
CUST00384,Customer 00384,customer00384@example.com,+917178368675,INR,active,3,9,3,2027-02-20
CUST00385,Customer 00385,customer00385@example.com,+916858490499,INR,active,11,13,2,2027-03-19
CUST00386,Customer 00386,customer00386@example.com,+916809173622,INR,suspended,18,13,0,2027-01-30
CUST00387,Customer 00387,customer00387@example.com,+919813223113,INR,active,0,12,0,2026-11-22
CUST00388,Customer 00388,customer00388@example.com,+916462806140,INR,active,2,3,4,2026-10-28
CUST00389,Customer 00389,customer00389@example.com,+918758677312,INR,active,13,2,1,2027-03-20
CUST00390,Customer 00390,customer00390@example.com,+919477738313,INR,active,10,9,4,2027-01-06
CUST00391,Customer 00391,customer00391@example.com,+918295276233,INR,active,19,9,3,2026-10-10
CUST00392,Customer 00392,customer00392@example.com,+918929245135,INR,active,3,0,3,2026-11-28
CUST00393,Customer 00393,customer00393@example.com,+917448421950,INR,active,12,1,3,2026-11-06
CUST00394,Customer 00394,customer00394@example.com,+916191417743,INR,suspended,18,2,5,2027-01-16
CUST00395,Customer 00395,customer00395@example.com,+917525896664,INR,active,13,3,5,2026-12-23
CUST00396,Customer 00396,customer00396@example.com,+918360790135,INR,suspended,5,16,1,2027-01-11
CUST00397,Customer 00397,customer00397@example.com,+918279761222,INR,active,3,0,2,2026-12-17
CUST00398,Customer 00398,customer00398@example.com,+918021369521,INR,active,9,10,4,2027-02-17
CUST00399,Customer 00399,customer00399@example.com,+918815660609,INR,suspended,11,1,3,2027-03-28
CUST00400,Customer 00400,customer00400@example.com,+919618008954,INR,active,13,12,2,2026-10-31
CUST00401,Customer 00401,customer00401@example.com,+916885074370,INR,active,15,4,4,2027-01-17
CUST00402,Customer 00402,customer00402@example.com,+917863142733,INR,active,13,10,1,2026-11-25
CUST00403,Customer 00403,customer00403@example.com,+917134557875,INR,active,20,18,5,2026-10-23
CUST00404,Customer 00404,customer00404@example.com,+917736213048,INR,active,3,18,1,2026-10-29
CUST00405,Customer 00405,customer00405@example.com,+918231763633,INR,active,8,6,2,2026-11-19
CUST00406,Customer 00406,customer00406@example.com,+919723006193,INR,active,16,9,2,2027-02-08
CUST00407,Customer 00407,customer00407@example.com,+919439209200,INR,active,17,18,0,2026-11-13
CUST00408,Customer 00408,customer00408@example.com,+918273579569,INR,active,5,14,3,2027-03-12
CUST00409,Customer 00409,customer00409@example.com,+919701523834,INR,suspended,8,7,2,2027-01-22
CUST00410,Customer 00410,customer00410@example.com,+917753659034,INR,suspended,13,8,2,2026-11-01
CUST00411,Customer 00411,customer00411@example.com,+917962762221,INR,active,9,1,5,2027-02-11
CUST00412,Customer 00412,customer00412@example.com,+918748953661,INR,active,15,14,0,2026-10-31
CUST00413,Customer 00413,customer00413@example.com,+917390114429,INR,active,2,6,4,2026-12-28
CUST00414,Customer 00414,customer00414@example.com,+918395955606,INR,active,5,17,2,2027-02-22
CUST00415,Customer 00415,customer00415@example.com,+917788831553,INR,suspended,1,0,5,2026-11-24
CUST00416,Customer 00416,customer00416@example.com,+916986885517,INR,suspended,2,7,2,2026-12-25
CUST00417,Customer 00417,customer00417@example.com,+919399766512,INR,active,9,10,0,2027-02-28
CUST00418,Customer 00418,customer00418@example.com,+919271204824,INR,active,20,2,1,2027-02-07
CUST00419,Customer 00419,customer00419@example.com,+918576865566,INR,suspended,2,0,2,2026-11-10
CUST00420,Customer 00420,customer00420@example.com,+916322139232,INR,active,9,4,3,2027-02-11
CUST00421,Customer 00421,customer00421@example.com,+917906781105,INR,active,12,7,4,2027-03-28
CUST00422,Customer 00422,customer00422@example.com,+919953305469,INR,active,7,14,3,2027-03-14
CUST00423,Customer 00423,customer00423@example.com,+919224546482,INR,active,4,15,5,2026-12-04
CUST00424,Customer 00424,customer00424@example.com,+919662459066,INR,active,0,2,1,2026-10-10
CUST00425,Customer 00425,customer00425@example.com,+917287239072,INR,suspended,6,5,1,2027-01-03
CUST00426,Customer 00426,customer00426@example.com,+917510377266,INR,suspended,11,14,1,2026-12-03
CUST00427,Customer 00427,customer00427@example.com,+917596463897,INR,active,10,9,5,2027-02-22
CUST00428,Customer 00428,customer00428@example.com,+917757697875,INR,suspended,13,4,5,2026-11-19
CUST00429,Customer 00429,customer00429@example.com,+918841780381,INR,active,15,6,1,2026-11-09
CUST00430,Customer 00430,customer00430@example.com,+916327838461,INR,suspended,18,9,4,2027-03-12
CUST00431,Customer 00431,customer00431@example.com,+917543903004,INR,active,1,13,2,2027-01-19
CUST00432,Customer 00432,customer00432@example.com,+917348963347,INR,active,17,5,2,2027-03-03
CUST00433,Customer 00433,customer00433@example.com,+917670031926,INR,suspended,4,16,1,2026-10-18
CUST00434,Customer 00434,customer00434@example.com,+916984100402,INR,suspended,3,10,4,2027-01-24
CUST00435,Customer 00435,customer00435@example.com,+916243226739,INR,active,1,18,5,2027-03-07
CUST00436,Customer 00436,customer00436@example.com,+919267829978,INR,active,18,9,1,2027-03-26
CUST00437,Customer 00437,customer00437@example.com,+916053909263,INR,active,19,13,0,2027-02-23
CUST00438,Customer 00438,customer00438@example.com,+916402818133,INR,suspended,0,18,4,2026-11-16
CUST00439,Customer 00439,customer00439@example.com,+919740154688,INR,active,2,9,3,2026-11-02
CUST00440,Customer 00440,customer00440@example.com,+919288833955,INR,suspended,20,12,0,2027-02-10
CUST00441,Customer 00441,customer00441@example.com,+917645533780,INR,active,8,17,2,2026-10-07
CUST00442,Customer 00442,customer00442@example.com,+919008920199,INR,suspended,7,5,1,2026-10-27
CUST00443,Customer 00443,customer00443@example.com,+918479429294,INR,active,7,5,5,2027-01-03
CUST00444,Customer 00444,customer00444@example.com,+916083444154,INR,active,1,4,1,2026-12-06
CUST00445,Customer 00445,customer00445@example.com,+916748580690,INR,suspended,6,18,3,2027-02-20
CUST00446,Customer 00446,customer00446@example.com,+919094048939,INR,active,4,5,2,2027-02-03
CUST00447,Customer 00447,customer00447@example.com,+919728374318,INR,active,20,14,0,2027-02-07
CUST00448,Customer 00448,customer00448@example.com,+917626604450,INR,suspended,16,7,2,2027-03-29
CUST00449,Customer 00449,customer00449@example.com,+918583772584,INR,active,1,18,2,2027-02-11
CUST00450,Customer 00450,customer00450@example.com,+919976604551,INR,suspended,16,12,4,2026-10-08
CUST00451,Customer 00451,customer00451@example.com,+917241341754,INR,active,15,13,5,2027-01-13
CUST00452,Customer 00452,customer00452@example.com,+916019348693,INR,active,10,1,2,2026-10-22
CUST00453,Customer 00453,customer00453@example.com,+917481567169,INR,active,1,17,3,2026-10-30
CUST00454,Customer 00454,customer00454@example.com,+918837427852,INR,suspended,12,3,2,2026-11-30
CUST00455,Customer 00455,customer00455@example.com,+919805056560,INR,active,11,14,4,2027-02-12
CUST00456,Customer 00456,customer00456@example.com,+916876694651,INR,active,4,3,3,2027-01-08
CUST00457,Customer 00457,customer00457@example.com,+916534330598,INR,active,2,4,0,2027-03-21
CUST00458,Customer 00458,customer00458@example.com,+919955535052,INR,active,18,11,3,2027-01-27
CUST00459,Customer 00459,customer00459@example.com,+918162721656,INR,active,1,9,1,2026-11-11
CUST00460,Customer 00460,customer00460@example.com,+919809099881,INR,active,2,1,3,2027-01-18
CUST00461,Customer 00461,customer00461@example.com,+918445863097,INR,suspended,10,11,4,2026-10-03
CUST00462,Customer 00462,customer00462@example.com,+918253656139,INR,active,16,1,3,2026-12-21
CUST00463,Customer 00463,customer00463@example.com,+919665384492,INR,active,2,16,4,2027-03-09
CUST00464,Customer 00464,customer00464@example.com,+918206018348,INR,active,18,4,3,2027-01-09
CUST00465,Customer 00465,customer00465@example.com,+917411984010,INR,active,19,13,3,2027-01-18
CUST00466,Customer 00466,customer00466@example.com,+919143607618,INR,suspended,20,16,4,2026-10-14
CUST00467,Customer 00467,customer00467@example.com,+918499546883,INR,active,10,8,5,2027-02-26
CUST00468,Customer 00468,customer00468@example.com,+919764026446,INR,active,19,10,2,2026-11-22
CUST00469,Customer 00469,customer00469@example.com,+916608996411,INR,active,20,11,4,2026-11-10
CUST00470,Customer 00470,customer00470@example.com,+918219342689,INR,suspended,17,5,0,2026-12-21
CUST00471,Customer 00471,customer00471@example.com,+918558010285,INR,active,4,17,3,2027-02-03
CUST00472,Customer 00472,customer00472@example.com,+918703947054,INR,suspended,1,2,1,2026-11-05
CUST00473,Customer 00473,customer00473@example.com,+916786134260,INR,suspended,5,8,2,2027-02-10
CUST00474,Customer 00474,customer00474@example.com,+919737868928,INR,active,17,17,1,2027-03-23
CUST00475,Customer 00475,customer00475@example.com,+918530428716,INR,active,11,6,4,2027-03-25
CUST00476,Customer 00476,customer00476@example.com,+919975108081,INR,active,20,13,1,2026-11-01
CUST00477,Customer 00477,customer00477@example.com,+916518676141,INR,active,17,4,0,2027-02-25
CUST00478,Customer 00478,customer00478@example.com,+919888982827,INR,active,10,13,5,2027-01-04
CUST00479,Customer 00479,customer00479@example.com,+919358814995,INR,active,3,3,2,2027-01-09
CUST00480,Customer 00480,customer00480@example.com,+919673562494,INR,active,18,9,3,2027-01-01
CUST00481,Customer 00481,customer00481@example.com,+916043597576,INR,active,9,2,1,2026-10-07
CUST00482,Customer 00482,customer00482@example.com,+917052608615,INR,active,6,3,4,2027-03-18
CUST00483,Customer 00483,customer00483@example.com,+917735797839,INR,active,8,3,2,2027-02-09
CUST00484,Customer 00484,customer00484@example.com,+916879926522,INR,active,1,15,3,2027-01-23
CUST00485,Customer 00485,customer00485@example.com,+916075959935,INR,active,13,15,1,2026-12-14
CUST00486,Customer 00486,customer00486@example.com,+918742706404,INR,suspended,14,4,2,2026-12-11
CUST00487,Customer 00487,customer00487@example.com,+918294644629,INR,active,6,2,5,2027-01-10
CUST00488,Customer 00488,customer00488@example.com,+918326685647,INR,active,16,15,2,2026-12-31
CUST00489,Customer 00489,customer00489@example.com,+916084360200,INR,active,16,5,5,2027-02-07
CUST00490,Customer 00490,customer00490@example.com,+918019610084,INR,active,5,2,1,2026-11-08
CUST00491,Customer 00491,customer00491@example.com,+918241475521,INR,active,11,15,2,2027-03-24
CUST00492,Customer 00492,customer00492@example.com,+916420852629,INR,suspended,19,6,1,2027-02-27
CUST00493,Customer 00493,customer00493@example.com,+919723346578,INR,active,16,17,1,2026-12-08
CUST00494,Customer 00494,customer00494@example.com,+917193087996,INR,active,8,17,1,2026-10-17
CUST00495,Customer 00495,customer00495@example.com,+918805819275,INR,active,7,18,0,2027-02-07
CUST00496,Customer 00496,customer00496@example.com,+918844394865,INR,active,11,18,5,2027-02-14
CUST00497,Customer 00497,customer00497@example.com,+918782788781,INR,suspended,4,9,3,2026-11-11
CUST00498,Customer 00498,customer00498@example.com,+917628617203,INR,active,9,18,4,2026-12-13
CUST00499,Customer 00499,customer00499@example.com,+919451555464,INR,active,19,18,3,2026-11-07
CUST00500,Customer 00500,customer00500@example.com,+918149670899,INR,active,10,5,2,2026-11-19
CUST00501,Customer 00501,customer00501@example.com,+917019235520,INR,active,6,9,4,2026-11-02
CUST00502,Customer 00502,customer00502@example.com,+918631502736,INR,active,17,13,4,2027-03-08
CUST00503,Customer 00503,customer00503@example.com,+919053333683,INR,active,6,9,3,2026-12-04
CUST00504,Customer 00504,customer00504@example.com,+919144169643,INR,suspended,6,8,2,2027-03-27
CUST00505,Customer 00505,customer00505@example.com,+918896792641,INR,active,9,0,5,2027-02-10
CUST00506,Customer 00506,customer00506@example.com,+918056389280,INR,suspended,11,12,1,2027-03-12
CUST00507,Customer 00507,customer00507@example.com,+917312412064,INR,active,13,8,5,2027-02-02
CUST00508,Customer 00508,customer00508@example.com,+919585595034,INR,active,15,10,5,2027-03-06
CUST00509,Customer 00509,customer00509@example.com,+918045735239,INR,active,10,13,1,2026-12-19
CUST00510,Customer 00510,customer00510@example.com,+917886437966,INR,active,17,6,4,2026-11-12
CUST00511,Customer 00511,customer00511@example.com,+919893816744,INR,active,10,17,3,2026-10-31
CUST00512,Customer 00512,customer00512@example.com,+916485356828,INR,suspended,14,16,4,2027-03-20
CUST00513,Customer 00513,customer00513@example.com,+918287698953,INR,active,1,6,2,2027-03-30
CUST00514,Customer 00514,customer00514@example.com,+917050630943,INR,active,10,18,1,2027-03-30
CUST00515,Customer 00515,customer00515@example.com,+916157369207,INR,suspended,17,8,0,2027-03-25
CUST00516,Customer 00516,customer00516@example.com,+916576600852,INR,active,4,1,0,2026-10-06
CUST00517,Customer 00517,customer00517@example.com,+918913502115,INR,suspended,19,11,5,2026-10-11
CUST00518,Customer 00518,customer00518@example.com,+917619762715,INR,active,17,0,3,2026-10-22
CUST00519,Customer 00519,customer00519@example.com,+918527083651,INR,active,11,6,0,2026-10-27
CUST00520,Customer 00520,customer00520@example.com,+918624249563,INR,active,19,9,5,2026-11-27
CUST00521,Customer 00521,customer00521@example.com,+919190772022,INR,active,7,12,5,2026-10-04
CUST00522,Customer 00522,customer00522@example.com,+916371175530,INR,suspended,9,12,0,2026-12-23
CUST00523,Customer 00523,customer00523@example.com,+916153192246,INR,suspended,4,9,0,2026-11-07
CUST00524,Customer 00524,customer00524@example.com,+918738665276,INR,active,11,0,4,2027-02-22
CUST00525,Customer 00525,customer00525@example.com,+918765189995,INR,active,17,4,1,2026-11-04
CUST00526,Customer 00526,customer00526@example.com,+919172326276,INR,suspended,17,7,1,2027-01-13
CUST00527,Customer 00527,customer00527@example.com,+919162382904,INR,active,16,13,5,2027-03-10
CUST00528,Customer 00528,customer00528@example.com,+919163548659,INR,active,3,17,0,2027-02-23
CUST00529,Customer 00529,customer00529@example.com,+918254223720,INR,suspended,8,11,2,2026-10-20
CUST00530,Customer 00530,customer00530@example.com,+918415847931,INR,active,13,8,1,2027-01-20
CUST00531,Customer 00531,customer00531@example.com,+916112358460,INR,suspended,8,16,0,2026-11-22
CUST00532,Customer 00532,customer00532@example.com,+916839673951,INR,active,3,18,0,2026-11-17
CUST00533,Customer 00533,customer00533@example.com,+919694261547,INR,suspended,14,12,3,2027-01-11
CUST00534,Customer 00534,customer00534@example.com,+919682762079,INR,active,19,14,4,2027-03-16
CUST00535,Customer 00535,customer00535@example.com,+916141725768,INR,active,17,10,2,2026-12-28
CUST00536,Customer 00536,customer00536@example.com,+919843528001,INR,active,5,1,0,2026-11-10
CUST00537,Customer 00537,customer00537@example.com,+917366128634,INR,active,6,8,3,2027-01-31
CUST00538,Customer 00538,customer00538@example.com,+916257583906,INR,active,19,6,3,2026-12-05
CUST00539,Customer 00539,customer00539@example.com,+918091421866,INR,active,1,6,1,2026-12-26
CUST00540,Customer 00540,customer00540@example.com,+919583446114,INR,active,8,14,1,2027-02-08
CUST00541,Customer 00541,customer00541@example.com,+918571557975,INR,active,5,6,3,2027-01-18
CUST00542,Customer 00542,customer00542@example.com,+917668716213,INR,active,12,7,3,2027-01-16
CUST00543,Customer 00543,customer00543@example.com,+917429551167,INR,active,8,1,2,2027-02-28
CUST00544,Customer 00544,customer00544@example.com,+919265615037,INR,suspended,0,0,4,2026-12-25
CUST00545,Customer 00545,customer00545@example.com,+918889461035,INR,active,7,2,5,2027-03-27
CUST00546,Customer 00546,customer00546@example.com,+916545348298,INR,active,1,13,1,2027-01-25
CUST00547,Customer 00547,customer00547@example.com,+916552929434,INR,active,17,14,2,2026-12-22
CUST00548,Customer 00548,customer00548@example.com,+919059099559,INR,active,14,18,1,2026-12-24
CUST00549,Customer 00549,customer00549@example.com,+916488008891,INR,suspended,7,5,2,2026-12-17
CUST00550,Customer 00550,customer00550@example.com,+919536335304,INR,active,2,7,1,2026-12-10
CUST00551,Customer 00551,customer00551@example.com,+916489238993,INR,active,12,3,2,2027-01-22
CUST00552,Customer 00552,customer00552@example.com,+919587322493,INR,active,9,7,1,2027-03-29
CUST00553,Customer 00553,customer00553@example.com,+919727588052,INR,active,16,14,5,2027-03-13
CUST00554,Customer 00554,customer00554@example.com,+917298923620,INR,suspended,11,18,3,2026-10-19
CUST00555,Customer 00555,customer00555@example.com,+917499527565,INR,active,13,7,2,2026-10-21
CUST00556,Customer 00556,customer00556@example.com,+918051501595,INR,active,3,2,5,2026-12-07
CUST00557,Customer 00557,customer00557@example.com,+919032513839,INR,active,15,18,5,2026-10-31
CUST00558,Customer 00558,customer00558@example.com,+919374667023,INR,active,11,7,1,2026-11-24
CUST00559,Customer 00559,customer00559@example.com,+918731174057,INR,suspended,18,5,0,2026-10-17
CUST00560,Customer 00560,customer00560@example.com,+918696286374,INR,suspended,4,13,3,2026-11-17
CUST00561,Customer 00561,customer00561@example.com,+918810593750,INR,active,0,5,1,2026-12-23
CUST00562,Customer 00562,customer00562@example.com,+916468484305,INR,active,13,15,4,2027-02-11
CUST00563,Customer 00563,customer00563@example.com,+918778364502,INR,active,3,7,1,2026-12-12
CUST00564,Customer 00564,customer00564@example.com,+917862920883,INR,active,9,7,3,2027-01-06
CUST00565,Customer 00565,customer00565@example.com,+916901359296,INR,active,18,14,2,2027-03-02
CUST00566,Customer 00566,customer00566@example.com,+916347842044,INR,suspended,10,14,5,2026-12-28
CUST00567,Customer 00567,customer00567@example.com,+916307819057,INR,active,16,9,1,2027-01-24
CUST00568,Customer 00568,customer00568@example.com,+917110766553,INR,suspended,13,3,1,2026-12-03
CUST00569,Customer 00569,customer00569@example.com,+919589306617,INR,active,2,6,1,2027-01-06
CUST00570,Customer 00570,customer00570@example.com,+917843910644,INR,suspended,2,5,1,2027-01-18
CUST00571,Customer 00571,customer00571@example.com,+917314268441,INR,suspended,17,8,1,2027-01-18
CUST00572,Customer 00572,customer00572@example.com,+917886360259,INR,suspended,11,17,4,2026-11-02
CUST00573,Customer 00573,customer00573@example.com,+917444548602,INR,active,12,2,2,2027-02-24
CUST00574,Customer 00574,customer00574@example.com,+916353448520,INR,active,16,10,4,2027-03-09
CUST00575,Customer 00575,customer00575@example.com,+919457923574,INR,suspended,12,7,4,2027-01-22
CUST00576,Customer 00576,customer00576@example.com,+918562238132,INR,active,9,1,5,2026-11-06
CUST00577,Customer 00577,customer00577@example.com,+917953969637,INR,active,13,7,2,2026-11-21
CUST00578,Customer 00578,customer00578@example.com,+916346667841,INR,active,11,1,3,2027-01-11
CUST00579,Customer 00579,customer00579@example.com,+917423279562,INR,active,19,8,0,2026-10-12
CUST00580,Customer 00580,customer00580@example.com,+916590475220,INR,suspended,8,6,0,2026-11-15
CUST00581,Customer 00581,customer00581@example.com,+918710351193,INR,active,14,18,5,2027-02-13
CUST00582,Customer 00582,customer00582@example.com,+916137920282,INR,suspended,18,15,4,2026-10-15
CUST00583,Customer 00583,customer00583@example.com,+917785466082,INR,active,6,0,5,2027-01-22
CUST00584,Customer 00584,customer00584@example.com,+919431760225,INR,suspended,10,11,0,2026-12-07
CUST00585,Customer 00585,customer00585@example.com,+919750273704,INR,active,12,15,1,2027-02-16
CUST00586,Customer 00586,customer00586@example.com,+916317739870,INR,active,11,2,1,2026-12-27
CUST00587,Customer 00587,customer00587@example.com,+919387165754,INR,suspended,16,7,3,2027-02-25
CUST00588,Customer 00588,customer00588@example.com,+917071132236,INR,active,13,13,2,2026-12-20
CUST00589,Customer 00589,customer00589@example.com,+916933421402,INR,active,18,3,4,2026-12-19
CUST00590,Customer 00590,customer00590@example.com,+919138635667,INR,active,9,17,3,2027-03-09
CUST00591,Customer 00591,customer00591@example.com,+917643928049,INR,active,4,15,4,2027-01-18
CUST00592,Customer 00592,customer00592@example.com,+917821480183,INR,active,8,13,5,2027-01-06
CUST00593,Customer 00593,customer00593@example.com,+917380419808,INR,active,0,1,4,2026-10-10
CUST00594,Customer 00594,customer00594@example.com,+918165742931,INR,active,7,14,2,2026-10-02
CUST00595,Customer 00595,customer00595@example.com,+919871689515,INR,suspended,16,2,0,2026-11-09
CUST00596,Customer 00596,customer00596@example.com,+916324341471,INR,active,15,12,0,2027-03-15
CUST00597,Customer 00597,customer00597@example.com,+919925924008,INR,active,19,18,3,2026-12-23
CUST00598,Customer 00598,customer00598@example.com,+917750160476,INR,active,15,3,5,2027-03-16
CUST00599,Customer 00599,customer00599@example.com,+917450471218,INR,suspended,17,7,2,2026-10-05
CUST00600,Customer 00600,customer00600@example.com,+918143708436,INR,active,7,9,1,2027-01-27
CUST00601,Customer 00601,customer00601@example.com,+916926733307,INR,active,1,16,2,2027-03-30
CUST00602,Customer 00602,customer00602@example.com,+916925552557,INR,active,18,2,1,2026-11-19
CUST00603,Customer 00603,customer00603@example.com,+919068810463,INR,active,4,9,1,2026-11-06
CUST00604,Customer 00604,customer00604@example.com,+917988141173,INR,suspended,3,4,1,2027-01-30
CUST00605,Customer 00605,customer00605@example.com,+918405373904,INR,active,20,1,2,2026-10-11
CUST00606,Customer 00606,customer00606@example.com,+917886234423,INR,suspended,3,2,5,2027-01-05
CUST00607,Customer 00607,customer00607@example.com,+919609634526,INR,active,15,2,0,2026-10-31
CUST00608,Customer 00608,customer00608@example.com,+919849703458,INR,suspended,20,17,1,2026-11-05
CUST00609,Customer 00609,customer00609@example.com,+919222285867,INR,suspended,19,3,3,2027-02-11
CUST00610,Customer 00610,customer00610@example.com,+918526847932,INR,active,7,15,4,2027-01-28
CUST00611,Customer 00611,customer00611@example.com,+917639729463,INR,suspended,14,6,4,2026-10-14
CUST00612,Customer 00612,customer00612@example.com,+916023887395,INR,suspended,2,3,4,2027-01-04
CUST00613,Customer 00613,customer00613@example.com,+916113989353,INR,active,11,2,4,2026-12-22
CUST00614,Customer 00614,customer00614@example.com,+919385956536,INR,suspended,12,17,3,2026-11-05
CUST00615,Customer 00615,customer00615@example.com,+918172298413,INR,active,10,11,5,2026-11-17
CUST00616,Customer 00616,customer00616@example.com,+919396920453,INR,active,9,17,3,2027-02-22
CUST00617,Customer 00617,customer00617@example.com,+916323497268,INR,suspended,9,1,0,2027-01-08
CUST00618,Customer 00618,customer00618@example.com,+917797088881,INR,active,8,9,2,2026-12-23
CUST00619,Customer 00619,customer00619@example.com,+917201404772,INR,active,13,6,2,2027-03-09
CUST00620,Customer 00620,customer00620@example.com,+916096916877,INR,suspended,10,17,0,2027-01-09
CUST00621,Customer 00621,customer00621@example.com,+919104504173,INR,active,17,5,3,2026-10-05
CUST00622,Customer 00622,customer00622@example.com,+917522796280,INR,active,17,5,4,2027-03-16
CUST00623,Customer 00623,customer00623@example.com,+919465197587,INR,active,1,11,1,2026-10-17
CUST00624,Customer 00624,customer00624@example.com,+919264718908,INR,active,8,4,0,2026-12-09
CUST00625,Customer 00625,customer00625@example.com,+916935196279,INR,active,14,2,1,2027-02-07
CUST00626,Customer 00626,customer00626@example.com,+916467469600,INR,active,6,10,4,2026-11-03
CUST00627,Customer 00627,customer00627@example.com,+919905951907,INR,active,2,1,1,2027-02-04
CUST00628,Customer 00628,customer00628@example.com,+917982250902,INR,active,2,8,1,2026-12-25
CUST00629,Customer 00629,customer00629@example.com,+919509033672,INR,active,8,11,5,2027-01-14
CUST00630,Customer 00630,customer00630@example.com,+919127368216,INR,active,10,11,2,2027-03-26
CUST00631,Customer 00631,customer00631@example.com,+917705241250,INR,suspended,7,18,3,2027-01-24
CUST00632,Customer 00632,customer00632@example.com,+918621881715,INR,active,6,10,3,2026-10-02
CUST00633,Customer 00633,customer00633@example.com,+917458444093,INR,active,8,15,2,2027-01-07
CUST00634,Customer 00634,customer00634@example.com,+918674156166,INR,active,0,17,4,2027-03-25
CUST00635,Customer 00635,customer00635@example.com,+918584302286,INR,active,15,9,5,2026-10-16
CUST00636,Customer 00636,customer00636@example.com,+919612481536,INR,active,10,12,2,2027-03-07
CUST00637,Customer 00637,customer00637@example.com,+918543251069,INR,suspended,20,1,3,2027-03-30
CUST00638,Customer 00638,customer00638@example.com,+916363228750,INR,suspended,7,3,5,2027-03-25
CUST00639,Customer 00639,customer00639@example.com,+916485744724,INR,active,19,14,1,2026-12-12
CUST00640,Customer 00640,customer00640@example.com,+918489331469,INR,suspended,19,0,4,2026-11-20
CUST00641,Customer 00641,customer00641@example.com,+917814191424,INR,suspended,11,2,4,2027-01-16
CUST00642,Customer 00642,customer00642@example.com,+916694220267,INR,active,17,9,2,2027-01-22
CUST00643,Customer 00643,customer00643@example.com,+919497078468,INR,suspended,14,2,0,2026-11-10
CUST00644,Customer 00644,customer00644@example.com,+917108199165,INR,active,20,4,3,2027-02-14
CUST00645,Customer 00645,customer00645@example.com,+919445373296,INR,suspended,5,5,4,2027-02-11
CUST00646,Customer 00646,customer00646@example.com,+918491293635,INR,active,3,18,1,2026-12-05
CUST00647,Customer 00647,customer00647@example.com,+919185978194,INR,active,16,12,0,2026-12-03
CUST00648,Customer 00648,customer00648@example.com,+918242219976,INR,suspended,4,15,1,2026-12-13
CUST00649,Customer 00649,customer00649@example.com,+916214999178,INR,active,5,17,3,2027-03-07
CUST00650,Customer 00650,customer00650@example.com,+919742679276,INR,active,18,8,3,2027-03-17
CUST00651,Customer 00651,customer00651@example.com,+916220939268,INR,active,10,6,3,2027-03-06
CUST00652,Customer 00652,customer00652@example.com,+916151657870,INR,active,20,2,1,2027-01-30
CUST00653,Customer 00653,customer00653@example.com,+919137592812,INR,active,0,16,5,2027-01-14
CUST00654,Customer 00654,customer00654@example.com,+919286125918,INR,active,18,7,4,2026-11-30
CUST00655,Customer 00655,customer00655@example.com,+918565802048,INR,active,10,13,4,2026-12-16
CUST00656,Customer 00656,customer00656@example.com,+916908594217,INR,active,19,14,0,2026-11-08
CUST00657,Customer 00657,customer00657@example.com,+916377634636,INR,active,2,14,2,2027-03-27
CUST00658,Customer 00658,customer00658@example.com,+918436564655,INR,active,6,13,1,2027-03-07
CUST00659,Customer 00659,customer00659@example.com,+917767061498,INR,active,7,7,5,2027-02-17
CUST00660,Customer 00660,customer00660@example.com,+917942459218,INR,suspended,8,16,1,2027-01-20
CUST00661,Customer 00661,customer00661@example.com,+917349637722,INR,suspended,16,17,4,2027-03-30
CUST00662,Customer 00662,customer00662@example.com,+919108645244,INR,active,19,12,0,2027-03-24
CUST00663,Customer 00663,customer00663@example.com,+918500849765,INR,active,10,16,0,2027-01-22
CUST00664,Customer 00664,customer00664@example.com,+918211666419,INR,active,18,5,2,2027-02-07
CUST00665,Customer 00665,customer00665@example.com,+917732917711,INR,active,20,13,1,2027-03-14
CUST00666,Customer 00666,customer00666@example.com,+917484737562,INR,active,10,3,4,2027-02-19
CUST00667,Customer 00667,customer00667@example.com,+919425462898,INR,suspended,7,8,2,2027-02-09
CUST00668,Customer 00668,customer00668@example.com,+919491578544,INR,active,18,13,2,2026-10-01
CUST00669,Customer 00669,customer00669@example.com,+917360302459,INR,active,7,9,0,2026-11-23
CUST00670,Customer 00670,customer00670@example.com,+918917928021,INR,active,15,15,1,2026-10-19
CUST00671,Customer 00671,customer00671@example.com,+918527670428,INR,active,2,13,0,2027-02-24
CUST00672,Customer 00672,customer00672@example.com,+918845715441,INR,active,1,4,3,2026-12-17
CUST00673,Customer 00673,customer00673@example.com,+917695515719,INR,active,16,15,3,2026-12-12
CUST00674,Customer 00674,customer00674@example.com,+916348156536,INR,active,18,16,3,2027-02-03
CUST00675,Customer 00675,customer00675@example.com,+916801812159,INR,active,4,14,1,2027-03-30
CUST00676,Customer 00676,customer00676@example.com,+918237439081,INR,active,11,3,0,2026-10-12
CUST00677,Customer 00677,customer00677@example.com,+916940984127,INR,suspended,16,10,1,2027-03-12
CUST00678,Customer 00678,customer00678@example.com,+917178514675,INR,active,4,14,3,2027-03-06
CUST00679,Customer 00679,customer00679@example.com,+917187626482,INR,active,11,6,5,2027-03-14
CUST00680,Customer 00680,customer00680@example.com,+918374945921,INR,active,8,5,0,2027-03-26
CUST00681,Customer 00681,customer00681@example.com,+917844272347,INR,active,11,13,1,2027-01-18
CUST00682,Customer 00682,customer00682@example.com,+919999012295,INR,active,9,12,2,2027-03-25
CUST00683,Customer 00683,customer00683@example.com,+919847298180,INR,suspended,9,16,4,2027-03-16
CUST00684,Customer 00684,customer00684@example.com,+918167148170,INR,active,10,9,2,2027-01-31
CUST00685,Customer 00685,customer00685@example.com,+919372433839,INR,active,19,5,1,2026-11-14
CUST00686,Customer 00686,customer00686@example.com,+917299474048,INR,active,0,9,1,2026-11-30
CUST00687,Customer 00687,customer00687@example.com,+916616539240,INR,active,16,8,2,2026-12-03
CUST00688,Customer 00688,customer00688@example.com,+917272235294,INR,active,11,13,4,2026-12-26
CUST00689,Customer 00689,customer00689@example.com,+917787424610,INR,active,18,3,5,2026-12-04
CUST00690,Customer 00690,customer00690@example.com,+916983567539,INR,active,10,11,2,2027-03-01
CUST00691,Customer 00691,customer00691@example.com,+917534569292,INR,active,2,16,4,2027-01-07
CUST00692,Customer 00692,customer00692@example.com,+919098182490,INR,active,17,4,5,2026-10-28
CUST00693,Customer 00693,customer00693@example.com,+917343520942,INR,active,6,13,4,2027-01-10
CUST00694,Customer 00694,customer00694@example.com,+917221123912,INR,suspended,18,17,2,2027-01-17
CUST00695,Customer 00695,customer00695@example.com,+919806355194,INR,suspended,7,4,5,2027-01-22
CUST00696,Customer 00696,customer00696@example.com,+919346660923,INR,active,20,11,0,2026-11-02
CUST00697,Customer 00697,customer00697@example.com,+917707918505,INR,active,11,9,1,2027-01-02
CUST00698,Customer 00698,customer00698@example.com,+917837800537,INR,active,11,2,3,2027-01-27
CUST00699,Customer 00699,customer00699@example.com,+919662562194,INR,active,8,3,5,2026-11-18
CUST00700,Customer 00700,customer00700@example.com,+918642093021,INR,active,15,16,5,2026-10-02
CUST00701,Customer 00701,customer00701@example.com,+918903864583,INR,active,10,12,1,2027-03-07
CUST00702,Customer 00702,customer00702@example.com,+916366521256,INR,active,19,12,5,2026-11-13
CUST00703,Customer 00703,customer00703@example.com,+919602318187,INR,active,5,13,0,2027-03-02
CUST00704,Customer 00704,customer00704@example.com,+917976848895,INR,suspended,12,4,3,2026-10-05
CUST00705,Customer 00705,customer00705@example.com,+916331584146,INR,active,12,6,5,2027-02-24
CUST00706,Customer 00706,customer00706@example.com,+916414470173,INR,active,5,11,1,2027-01-03
CUST00707,Customer 00707,customer00707@example.com,+918712189956,INR,active,3,9,0,2027-03-29
CUST00708,Customer 00708,customer00708@example.com,+919531158346,INR,suspended,5,3,3,2026-12-11
CUST00709,Customer 00709,customer00709@example.com,+916608827686,INR,active,14,12,2,2026-12-23
CUST00710,Customer 00710,customer00710@example.com,+917331962936,INR,suspended,10,9,4,2027-01-21
CUST00711,Customer 00711,customer00711@example.com,+919101299471,INR,active,3,17,3,2027-01-22
CUST00712,Customer 00712,customer00712@example.com,+918095778819,INR,active,14,15,4,2026-12-31
CUST00713,Customer 00713,customer00713@example.com,+919495640673,INR,suspended,18,7,4,2026-11-25
CUST00714,Customer 00714,customer00714@example.com,+918951544312,INR,active,16,7,0,2026-11-08
CUST00715,Customer 00715,customer00715@example.com,+919129944286,INR,active,2,14,4,2026-12-20
CUST00716,Customer 00716,customer00716@example.com,+917109582996,INR,suspended,4,8,1,2026-11-14
CUST00717,Customer 00717,customer00717@example.com,+917073795316,INR,active,3,14,0,2026-11-27
CUST00718,Customer 00718,customer00718@example.com,+919473114568,INR,active,16,14,3,2027-01-23
CUST00719,Customer 00719,customer00719@example.com,+916351722736,INR,active,13,2,5,2027-01-20
CUST00720,Customer 00720,customer00720@example.com,+916346830937,INR,suspended,7,18,2,2026-10-07
CUST00721,Customer 00721,customer00721@example.com,+916308472457,INR,active,10,10,2,2026-10-01
CUST00722,Customer 00722,customer00722@example.com,+918200627356,INR,suspended,12,14,4,2026-11-18
CUST00723,Customer 00723,customer00723@example.com,+916681667130,INR,suspended,0,0,1,2027-03-28
CUST00724,Customer 00724,customer00724@example.com,+919683388512,INR,active,11,13,0,2026-12-03
CUST00725,Customer 00725,customer00725@example.com,+917971161706,INR,active,2,18,4,2027-03-30
CUST00726,Customer 00726,customer00726@example.com,+916694785569,INR,active,19,2,3,2027-03-23
CUST00727,Customer 00727,customer00727@example.com,+918685737882,INR,active,5,10,5,2026-11-16
CUST00728,Customer 00728,customer00728@example.com,+917881280138,INR,active,1,10,3,2027-02-05
CUST00729,Customer 00729,customer00729@example.com,+919008076464,INR,suspended,19,11,0,2027-02-20
CUST00730,Customer 00730,customer00730@example.com,+919271305474,INR,active,2,5,4,2027-02-05
CUST00731,Customer 00731,customer00731@example.com,+916918730726,INR,active,17,1,5,2026-10-30
CUST00732,Customer 00732,customer00732@example.com,+917343446294,INR,active,4,10,1,2027-01-08
CUST00733,Customer 00733,customer00733@example.com,+918542794382,INR,active,18,10,5,2027-01-17
CUST00734,Customer 00734,customer00734@example.com,+918597086412,INR,active,2,14,5,2026-11-24
CUST00735,Customer 00735,customer00735@example.com,+916892715438,INR,active,19,10,1,2027-03-26
CUST00736,Customer 00736,customer00736@example.com,+917910473934,INR,active,6,11,0,2027-02-03
CUST00737,Customer 00737,customer00737@example.com,+917250896239,INR,active,10,12,2,2027-02-07
CUST00738,Customer 00738,customer00738@example.com,+919036148641,INR,active,2,7,1,2026-11-06
CUST00739,Customer 00739,customer00739@example.com,+917427554555,INR,active,10,4,3,2026-10-12
CUST00740,Customer 00740,customer00740@example.com,+917915861401,INR,suspended,12,13,0,2026-12-30
CUST00741,Customer 00741,customer00741@example.com,+919418839861,INR,active,6,2,1,2026-12-02
CUST00742,Customer 00742,customer00742@example.com,+919913975301,INR,active,5,9,1,2027-02-10
CUST00743,Customer 00743,customer00743@example.com,+917671522100,INR,suspended,19,7,1,2027-02-23
CUST00744,Customer 00744,customer00744@example.com,+916261931685,INR,active,6,11,1,2027-02-08
CUST00745,Customer 00745,customer00745@example.com,+918187233467,INR,active,4,11,2,2027-02-04
CUST00746,Customer 00746,customer00746@example.com,+917842282242,INR,suspended,5,18,5,2026-12-09
CUST00747,Customer 00747,customer00747@example.com,+917265274496,INR,active,18,15,3,2026-12-05
CUST00748,Customer 00748,customer00748@example.com,+919865431517,INR,active,13,2,2,2026-10-03
CUST00749,Customer 00749,customer00749@example.com,+918486974474,INR,active,16,5,4,2026-10-22
CUST00750,Customer 00750,customer00750@example.com,+917174397521,INR,active,13,9,0,2026-12-17
CUST00751,Customer 00751,customer00751@example.com,+916228801727,INR,suspended,7,3,1,2026-11-17
CUST00752,Customer 00752,customer00752@example.com,+917324670188,INR,active,17,18,0,2027-01-04
CUST00753,Customer 00753,customer00753@example.com,+917720852123,INR,active,8,7,0,2026-11-07
CUST00754,Customer 00754,customer00754@example.com,+917691206896,INR,active,11,14,2,2026-12-27
CUST00755,Customer 00755,customer00755@example.com,+916422782352,INR,active,17,5,2,2027-02-04
CUST00756,Customer 00756,customer00756@example.com,+918347095319,INR,active,13,3,0,2026-12-29
CUST00757,Customer 00757,customer00757@example.com,+916058807114,INR,active,3,1,5,2027-01-16
CUST00758,Customer 00758,customer00758@example.com,+917108014090,INR,active,1,2,4,2027-03-08
CUST00759,Customer 00759,customer00759@example.com,+919978956929,INR,suspended,7,4,5,2026-10-16
CUST00760,Customer 00760,customer00760@example.com,+919984890251,INR,active,16,18,3,2026-11-02
CUST00761,Customer 00761,customer00761@example.com,+917530948611,INR,active,11,3,0,2027-02-13
CUST00762,Customer 00762,customer00762@example.com,+918118088667,INR,active,11,14,1,2026-10-04
CUST00763,Customer 00763,customer00763@example.com,+917759909402,INR,active,13,9,3,2027-01-13
CUST00764,Customer 00764,customer00764@example.com,+918931731607,INR,active,11,3,4,2026-12-29
CUST00765,Customer 00765,customer00765@example.com,+917063654277,INR,active,20,3,0,2026-12-02
CUST00766,Customer 00766,customer00766@example.com,+918896621422,INR,active,4,8,4,2027-02-09
CUST00767,Customer 00767,customer00767@example.com,+919784556935,INR,active,1,3,5,2026-10-25
CUST00768,Customer 00768,customer00768@example.com,+919054594364,INR,suspended,5,12,1,2026-11-25
CUST00769,Customer 00769,customer00769@example.com,+919659771357,INR,active,1,10,0,2027-03-05
CUST00770,Customer 00770,customer00770@example.com,+918729956062,INR,suspended,0,11,0,2027-02-19
CUST00771,Customer 00771,customer00771@example.com,+917810032458,INR,active,9,5,3,2026-12-29
CUST00772,Customer 00772,customer00772@example.com,+916211691094,INR,active,16,17,1,2026-12-30
CUST00773,Customer 00773,customer00773@example.com,+919354563311,INR,active,0,11,2,2026-10-20
CUST00774,Customer 00774,customer00774@example.com,+918285512605,INR,active,20,6,0,2026-11-29
CUST00775,Customer 00775,customer00775@example.com,+916881303699,INR,active,5,4,2,2026-10-04
CUST00776,Customer 00776,customer00776@example.com,+917750437760,INR,active,15,8,3,2026-11-10
CUST00777,Customer 00777,customer00777@example.com,+917536052810,INR,suspended,18,4,4,2027-02-25
CUST00778,Customer 00778,customer00778@example.com,+919651528835,INR,active,4,16,4,2027-03-21
CUST00779,Customer 00779,customer00779@example.com,+919313340737,INR,active,8,1,5,2027-03-17
CUST00780,Customer 00780,customer00780@example.com,+919122960417,INR,active,18,2,3,2027-01-18
CUST00781,Customer 00781,customer00781@example.com,+916848859364,INR,suspended,5,11,2,2026-10-24
CUST00782,Customer 00782,customer00782@example.com,+919260081876,INR,suspended,13,5,5,2026-12-31
CUST00783,Customer 00783,customer00783@example.com,+918338827235,INR,suspended,3,8,3,2026-12-29
CUST00784,Customer 00784,customer00784@example.com,+916620219800,INR,active,0,9,2,2026-11-18
CUST00785,Customer 00785,customer00785@example.com,+917933532421,INR,active,11,15,4,2026-10-22
CUST00786,Customer 00786,customer00786@example.com,+917558775545,INR,active,4,16,5,2026-10-26
CUST00787,Customer 00787,customer00787@example.com,+918316190415,INR,active,7,10,0,2026-10-19
CUST00788,Customer 00788,customer00788@example.com,+917439099764,INR,suspended,8,6,3,2026-12-05
CUST00789,Customer 00789,customer00789@example.com,+916724718293,INR,active,2,5,3,2026-11-30
CUST00790,Customer 00790,customer00790@example.com,+917561980619,INR,active,5,1,2,2026-11-20
CUST00791,Customer 00791,customer00791@example.com,+916791435815,INR,active,5,0,0,2027-01-07
CUST00792,Customer 00792,customer00792@example.com,+917240396395,INR,active,11,4,4,2026-10-28
CUST00793,Customer 00793,customer00793@example.com,+916826127135,INR,active,18,0,0,2026-10-09
CUST00794,Customer 00794,customer00794@example.com,+916189317102,INR,active,17,14,4,2027-03-18
CUST00795,Customer 00795,customer00795@example.com,+916328087569,INR,suspended,17,12,0,2027-03-26
CUST00796,Customer 00796,customer00796@example.com,+918992222525,INR,active,16,1,0,2027-01-06
CUST00797,Customer 00797,customer00797@example.com,+916587576722,INR,suspended,7,16,1,2027-01-09
CUST00798,Customer 00798,customer00798@example.com,+917061783566,INR,active,10,14,2,2027-03-03
CUST00799,Customer 00799,customer00799@example.com,+918907863642,INR,active,1,5,4,2027-02-15
CUST00800,Customer 00800,customer00800@example.com,+916122608049,INR,active,2,7,5,2027-02-04
CUST00801,Customer 00801,customer00801@example.com,+919333934544,INR,suspended,5,10,4,2026-11-29
CUST00802,Customer 00802,customer00802@example.com,+916282485427,INR,active,11,11,2,2026-11-07
CUST00803,Customer 00803,customer00803@example.com,+919835128239,INR,active,9,3,1,2026-10-15
CUST00804,Customer 00804,customer00804@example.com,+919382736434,INR,active,17,6,1,2026-12-28
CUST00805,Customer 00805,customer00805@example.com,+917054362497,INR,active,14,1,1,2027-01-25
CUST00806,Customer 00806,customer00806@example.com,+917359213124,INR,suspended,5,13,4,2026-12-14
CUST00807,Customer 00807,customer00807@example.com,+917071241879,INR,active,18,1,5,2026-11-12
CUST00808,Customer 00808,customer00808@example.com,+916646036286,INR,active,7,7,2,2026-11-19
CUST00809,Customer 00809,customer00809@example.com,+919686874715,INR,active,5,3,3,2027-01-09
CUST00810,Customer 00810,customer00810@example.com,+916523430554,INR,active,2,13,5,2027-02-26
CUST00811,Customer 00811,customer00811@example.com,+919215171383,INR,suspended,5,1,5,2027-02-03
CUST00812,Customer 00812,customer00812@example.com,+917920184625,INR,active,15,2,5,2027-03-24
CUST00813,Customer 00813,customer00813@example.com,+916442459891,INR,active,4,13,2,2027-01-12
CUST00814,Customer 00814,customer00814@example.com,+917194437191,INR,active,14,10,3,2026-12-25
CUST00815,Customer 00815,customer00815@example.com,+919393086692,INR,suspended,6,1,5,2026-10-01
CUST00816,Customer 00816,customer00816@example.com,+918286083043,INR,suspended,11,6,2,2026-12-02
CUST00817,Customer 00817,customer00817@example.com,+917436053553,INR,active,19,7,1,2026-11-28
CUST00818,Customer 00818,customer00818@example.com,+916864588528,INR,active,18,2,1,2027-01-03
CUST00819,Customer 00819,customer00819@example.com,+918043640390,INR,active,2,16,2,2026-11-11
CUST00820,Customer 00820,customer00820@example.com,+917642725245,INR,active,3,9,3,2026-12-24
CUST00821,Customer 00821,customer00821@example.com,+919102856721,INR,active,2,1,4,2027-02-26
CUST00822,Customer 00822,customer00822@example.com,+918960465727,INR,active,13,13,1,2026-12-18
CUST00823,Customer 00823,customer00823@example.com,+919970747071,INR,active,2,5,2,2027-01-04
CUST00824,Customer 00824,customer00824@example.com,+917364272975,INR,active,12,14,4,2026-11-16
CUST00825,Customer 00825,customer00825@example.com,+916617693089,INR,active,14,10,2,2027-02-09
CUST00826,Customer 00826,customer00826@example.com,+919272252226,INR,active,0,5,0,2027-01-04
CUST00827,Customer 00827,customer00827@example.com,+918374715403,INR,suspended,2,9,0,2027-02-03
CUST00828,Customer 00828,customer00828@example.com,+917937187565,INR,active,8,18,0,2026-12-29
CUST00829,Customer 00829,customer00829@example.com,+919773411483,INR,active,11,13,2,2027-01-05
CUST00830,Customer 00830,customer00830@example.com,+916465125536,INR,active,11,12,5,2027-03-11
CUST00831,Customer 00831,customer00831@example.com,+919054936938,INR,active,19,2,0,2026-10-10
CUST00832,Customer 00832,customer00832@example.com,+918800733424,INR,active,11,15,0,2026-12-20
CUST00833,Customer 00833,customer00833@example.com,+916004088009,INR,active,9,9,0,2026-11-01
CUST00834,Customer 00834,customer00834@example.com,+918145738435,INR,active,12,9,2,2026-10-01
CUST00835,Customer 00835,customer00835@example.com,+917786481747,INR,suspended,7,6,4,2027-01-10
CUST00836,Customer 00836,customer00836@example.com,+916301745345,INR,active,0,14,0,2026-11-27
CUST00837,Customer 00837,customer00837@example.com,+918311779050,INR,active,12,0,3,2027-02-03
CUST00838,Customer 00838,customer00838@example.com,+919981130455,INR,active,17,5,4,2026-12-12
CUST00839,Customer 00839,customer00839@example.com,+919870370065,INR,active,13,4,1,2027-02-14
CUST00840,Customer 00840,customer00840@example.com,+916002692511,INR,suspended,16,7,1,2026-12-13
CUST00841,Customer 00841,customer00841@example.com,+919852681856,INR,active,19,2,2,2027-03-23
CUST00842,Customer 00842,customer00842@example.com,+918830121390,INR,active,0,17,4,2026-12-29
CUST00843,Customer 00843,customer00843@example.com,+916240994999,INR,suspended,17,8,1,2027-03-10
CUST00844,Customer 00844,customer00844@example.com,+916764250937,INR,suspended,4,7,3,2027-02-09
CUST00845,Customer 00845,customer00845@example.com,+917237203569,INR,active,13,11,2,2027-01-09
CUST00846,Customer 00846,customer00846@example.com,+919542676300,INR,suspended,18,9,0,2026-11-12
CUST00847,Customer 00847,customer00847@example.com,+916737524681,INR,active,20,9,0,2026-10-26
CUST00848,Customer 00848,customer00848@example.com,+918923464271,INR,active,12,3,5,2026-11-23
CUST00849,Customer 00849,customer00849@example.com,+919268275021,INR,active,0,8,0,2026-10-16
CUST00850,Customer 00850,customer00850@example.com,+917395323599,INR,active,11,9,5,2027-03-03
CUST00851,Customer 00851,customer00851@example.com,+919096281702,INR,active,7,11,4,2027-01-14
CUST00852,Customer 00852,customer00852@example.com,+918975942551,INR,active,10,5,4,2026-11-19
CUST00853,Customer 00853,customer00853@example.com,+919279524240,INR,active,5,14,3,2026-10-03
CUST00854,Customer 00854,customer00854@example.com,+919256814947,INR,active,12,14,3,2027-02-12
CUST00855,Customer 00855,customer00855@example.com,+916332432523,INR,suspended,15,15,3,2026-10-21
CUST00856,Customer 00856,customer00856@example.com,+919470964741,INR,active,12,11,1,2026-10-27
CUST00857,Customer 00857,customer00857@example.com,+919694389990,INR,suspended,7,12,4,2026-12-21
CUST00858,Customer 00858,customer00858@example.com,+918489616673,INR,active,17,11,1,2027-01-30
CUST00859,Customer 00859,customer00859@example.com,+918939963523,INR,active,15,10,4,2026-11-05
CUST00860,Customer 00860,customer00860@example.com,+919521832038,INR,active,10,3,1,2027-01-13
CUST00861,Customer 00861,customer00861@example.com,+917269398401,INR,suspended,16,16,0,2026-10-19
CUST00862,Customer 00862,customer00862@example.com,+917098225473,INR,active,10,1,2,2027-02-13
CUST00863,Customer 00863,customer00863@example.com,+918702481875,INR,active,18,11,3,2026-10-16
CUST00864,Customer 00864,customer00864@example.com,+917444116103,INR,active,4,2,1,2026-10-26
CUST00865,Customer 00865,customer00865@example.com,+916472736445,INR,active,1,5,2,2026-10-14
CUST00866,Customer 00866,customer00866@example.com,+917074556162,INR,active,19,1,0,2027-01-29
CUST00867,Customer 00867,customer00867@example.com,+916578445730,INR,active,12,15,4,2027-01-06
CUST00868,Customer 00868,customer00868@example.com,+916673827228,INR,active,5,14,4,2026-11-23
CUST00869,Customer 00869,customer00869@example.com,+919012106466,INR,active,18,5,2,2026-11-21
CUST00870,Customer 00870,customer00870@example.com,+917535687775,INR,active,11,2,3,2027-03-01
CUST00871,Customer 00871,customer00871@example.com,+919369747909,INR,suspended,17,5,5,2027-01-18
CUST00872,Customer 00872,customer00872@example.com,+919292933495,INR,active,12,11,3,2026-11-26
CUST00873,Customer 00873,customer00873@example.com,+919957543174,INR,active,3,7,5,2027-02-14
CUST00874,Customer 00874,customer00874@example.com,+919595809636,INR,suspended,19,11,5,2026-12-29
CUST00875,Customer 00875,customer00875@example.com,+919593277936,INR,active,9,3,0,2027-03-15
CUST00876,Customer 00876,customer00876@example.com,+916962340477,INR,active,15,6,1,2027-02-22
CUST00877,Customer 00877,customer00877@example.com,+916627753049,INR,suspended,6,10,3,2027-03-06
CUST00878,Customer 00878,customer00878@example.com,+918849135279,INR,active,20,11,2,2027-03-16
CUST00879,Customer 00879,customer00879@example.com,+917089395645,INR,active,11,3,4,2026-11-11
CUST00880,Customer 00880,customer00880@example.com,+917830273721,INR,suspended,14,4,1,2027-02-02
CUST00881,Customer 00881,customer00881@example.com,+917845191198,INR,active,0,10,4,2027-01-24
CUST00882,Customer 00882,customer00882@example.com,+919559198412,INR,active,19,10,5,2026-11-16
CUST00883,Customer 00883,customer00883@example.com,+918435600079,INR,active,15,12,1,2026-10-28
CUST00884,Customer 00884,customer00884@example.com,+918883058800,INR,active,8,10,5,2026-10-29
CUST00885,Customer 00885,customer00885@example.com,+917007288410,INR,active,3,7,3,2026-12-06
CUST00886,Customer 00886,customer00886@example.com,+918670148954,INR,active,10,2,4,2026-10-04
CUST00887,Customer 00887,customer00887@example.com,+917212030116,INR,active,12,10,4,2026-10-03
CUST00888,Customer 00888,customer00888@example.com,+919607275418,INR,suspended,5,0,0,2026-10-31
CUST00889,Customer 00889,customer00889@example.com,+919159390870,INR,active,3,1,2,2026-10-01
CUST00890,Customer 00890,customer00890@example.com,+919594362106,INR,active,15,3,0,2026-11-07
CUST00891,Customer 00891,customer00891@example.com,+919760321523,INR,active,19,6,4,2026-10-02
CUST00892,Customer 00892,customer00892@example.com,+919619397171,INR,suspended,4,8,4,2027-01-14
CUST00893,Customer 00893,customer00893@example.com,+916971362071,INR,active,17,7,5,2027-01-30
CUST00894,Customer 00894,customer00894@example.com,+918277817246,INR,active,9,9,2,2027-02-21
CUST00895,Customer 00895,customer00895@example.com,+918090389903,INR,active,14,4,0,2026-10-30
CUST00896,Customer 00896,customer00896@example.com,+918978866305,INR,active,6,2,4,2027-03-08
CUST00897,Customer 00897,customer00897@example.com,+917615296739,INR,active,16,10,0,2026-11-10
CUST00898,Customer 00898,customer00898@example.com,+916148516818,INR,active,15,1,1,2027-01-01
CUST00899,Customer 00899,customer00899@example.com,+917492643365,INR,active,0,2,2,2027-01-02
CUST00900,Customer 00900,customer00900@example.com,+918634039895,INR,active,1,10,2,2027-03-13
CUST00901,Customer 00901,customer00901@example.com,+917616700576,INR,active,12,7,1,2027-01-01
CUST00902,Customer 00902,customer00902@example.com,+917897124959,INR,active,3,2,4,2026-10-30
CUST00903,Customer 00903,customer00903@example.com,+919090870305,INR,active,4,12,1,2026-12-07
CUST00904,Customer 00904,customer00904@example.com,+919464164017,INR,active,4,17,1,2027-01-12
CUST00905,Customer 00905,customer00905@example.com,+919946401720,INR,active,4,5,4,2026-12-15
CUST00906,Customer 00906,customer00906@example.com,+918480497140,INR,suspended,12,14,3,2026-11-01
CUST00907,Customer 00907,customer00907@example.com,+919349897361,INR,suspended,4,5,3,2026-11-03
CUST00908,Customer 00908,customer00908@example.com,+916835451687,INR,active,14,10,4,2027-01-29
CUST00909,Customer 00909,customer00909@example.com,+918760705553,INR,active,5,6,2,2026-10-11
CUST00910,Customer 00910,customer00910@example.com,+919472686386,INR,active,13,17,2,2026-12-26
CUST00911,Customer 00911,customer00911@example.com,+917606248248,INR,suspended,10,12,5,2027-03-22
CUST00912,Customer 00912,customer00912@example.com,+916460069401,INR,suspended,1,17,1,2027-03-30
CUST00913,Customer 00913,customer00913@example.com,+918260019738,INR,suspended,20,14,0,2027-02-14
CUST00914,Customer 00914,customer00914@example.com,+919551843595,INR,active,17,15,1,2027-03-12
CUST00915,Customer 00915,customer00915@example.com,+917488029276,INR,suspended,5,7,5,2026-12-20
CUST00916,Customer 00916,customer00916@example.com,+917724469158,INR,suspended,6,2,0,2026-10-11
CUST00917,Customer 00917,customer00917@example.com,+916122106488,INR,active,6,17,0,2027-01-26
CUST00918,Customer 00918,customer00918@example.com,+918716577199,INR,active,18,7,3,2026-11-25
CUST00919,Customer 00919,customer00919@example.com,+918225351035,INR,active,2,10,1,2027-01-08
CUST00920,Customer 00920,customer00920@example.com,+919514111500,INR,suspended,20,11,3,2026-11-09
CUST00921,Customer 00921,customer00921@example.com,+916744635171,INR,active,13,8,0,2027-01-16
CUST00922,Customer 00922,customer00922@example.com,+918969675891,INR,suspended,16,12,1,2027-03-11
CUST00923,Customer 00923,customer00923@example.com,+917642101660,INR,suspended,6,14,1,2026-10-03
CUST00924,Customer 00924,customer00924@example.com,+917807589063,INR,active,17,17,3,2026-10-05
CUST00925,Customer 00925,customer00925@example.com,+917230767998,INR,active,7,3,1,2026-11-16
CUST00926,Customer 00926,customer00926@example.com,+917926121641,INR,active,5,5,1,2027-03-17
CUST00927,Customer 00927,customer00927@example.com,+919562273994,INR,active,11,0,0,2027-03-29
CUST00928,Customer 00928,customer00928@example.com,+916858465897,INR,active,13,7,2,2026-11-08
CUST00929,Customer 00929,customer00929@example.com,+916048246979,INR,active,8,13,1,2027-03-26
CUST00930,Customer 00930,customer00930@example.com,+918612138691,INR,active,16,16,3,2026-11-04
CUST00931,Customer 00931,customer00931@example.com,+916316953803,INR,suspended,13,1,1,2026-11-04
CUST00932,Customer 00932,customer00932@example.com,+917862958532,INR,active,6,4,2,2027-01-30
CUST00933,Customer 00933,customer00933@example.com,+916585217902,INR,suspended,8,15,3,2026-12-25
CUST00934,Customer 00934,customer00934@example.com,+917266631407,INR,suspended,9,6,2,2027-02-11
CUST00935,Customer 00935,customer00935@example.com,+917127501781,INR,active,20,0,1,2026-10-19
CUST00936,Customer 00936,customer00936@example.com,+917579660698,INR,active,16,12,0,2027-01-02
CUST00937,Customer 00937,customer00937@example.com,+918827301670,INR,active,14,8,5,2027-03-11
CUST00938,Customer 00938,customer00938@example.com,+919113913210,INR,suspended,13,1,0,2026-11-25
CUST00939,Customer 00939,customer00939@example.com,+919324300736,INR,suspended,8,13,1,2026-11-12
CUST00940,Customer 00940,customer00940@example.com,+919773931532,INR,active,3,1,2,2026-12-21
CUST00941,Customer 00941,customer00941@example.com,+918737333028,INR,active,20,15,4,2027-01-26
CUST00942,Customer 00942,customer00942@example.com,+916168624981,INR,suspended,11,9,2,2027-02-02
CUST00943,Customer 00943,customer00943@example.com,+917069752843,INR,suspended,20,6,0,2026-12-31
CUST00944,Customer 00944,customer00944@example.com,+918748933063,INR,active,20,10,1,2026-11-23
CUST00945,Customer 00945,customer00945@example.com,+916887886017,INR,active,14,0,3,2027-01-27
CUST00946,Customer 00946,customer00946@example.com,+919730299942,INR,suspended,10,12,3,2027-01-08
CUST00947,Customer 00947,customer00947@example.com,+919380173209,INR,suspended,12,14,0,2027-03-09
CUST00948,Customer 00948,customer00948@example.com,+917785185738,INR,active,15,13,0,2027-01-31
CUST00949,Customer 00949,customer00949@example.com,+916676471329,INR,active,12,1,3,2026-12-10
CUST00950,Customer 00950,customer00950@example.com,+918346499938,INR,active,11,16,0,2026-11-01
CUST00951,Customer 00951,customer00951@example.com,+919620821131,INR,suspended,6,14,0,2026-10-15
CUST00952,Customer 00952,customer00952@example.com,+917840789832,INR,active,4,10,1,2026-11-23
CUST00953,Customer 00953,customer00953@example.com,+916523436808,INR,active,12,11,3,2027-02-10
CUST00954,Customer 00954,customer00954@example.com,+919894764448,INR,active,1,2,3,2026-11-24
CUST00955,Customer 00955,customer00955@example.com,+918449661270,INR,active,2,4,3,2026-11-04
CUST00956,Customer 00956,customer00956@example.com,+919926776480,INR,suspended,8,8,5,2026-11-08
CUST00957,Customer 00957,customer00957@example.com,+919829492085,INR,active,18,5,2,2027-01-22
CUST00958,Customer 00958,customer00958@example.com,+919989695519,INR,active,17,6,2,2026-11-24
CUST00959,Customer 00959,customer00959@example.com,+917662370701,INR,active,14,4,1,2026-12-07
CUST00960,Customer 00960,customer00960@example.com,+919830234500,INR,active,16,4,0,2026-10-14
CUST00961,Customer 00961,customer00961@example.com,+916156138579,INR,active,8,10,3,2027-02-10
CUST00962,Customer 00962,customer00962@example.com,+919733914744,INR,active,7,5,0,2027-02-28
CUST00963,Customer 00963,customer00963@example.com,+919917203965,INR,active,3,3,4,2027-02-21
CUST00964,Customer 00964,customer00964@example.com,+917408506489,INR,suspended,18,9,3,2027-01-16
CUST00965,Customer 00965,customer00965@example.com,+917507828072,INR,active,5,15,0,2027-01-06
CUST00966,Customer 00966,customer00966@example.com,+918062377631,INR,suspended,16,15,4,2027-03-15
CUST00967,Customer 00967,customer00967@example.com,+916371028915,INR,active,18,3,4,2026-11-10
CUST00968,Customer 00968,customer00968@example.com,+917009138203,INR,active,0,12,1,2027-01-31
CUST00969,Customer 00969,customer00969@example.com,+918197700987,INR,active,9,14,5,2027-02-12
CUST00970,Customer 00970,customer00970@example.com,+917731165043,INR,active,20,11,3,2026-12-30
CUST00971,Customer 00971,customer00971@example.com,+918726165137,INR,suspended,2,11,0,2027-03-01
CUST00972,Customer 00972,customer00972@example.com,+916719997229,INR,active,9,9,4,2027-03-30
CUST00973,Customer 00973,customer00973@example.com,+919156256045,INR,active,7,16,5,2026-11-16
CUST00974,Customer 00974,customer00974@example.com,+919130597890,INR,active,5,9,1,2026-12-30
CUST00975,Customer 00975,customer00975@example.com,+919555064552,INR,active,18,9,1,2026-12-20
CUST00976,Customer 00976,customer00976@example.com,+916233700732,INR,active,7,15,3,2026-11-22
CUST00977,Customer 00977,customer00977@example.com,+919702927658,INR,active,3,7,4,2027-01-02
CUST00978,Customer 00978,customer00978@example.com,+918301766001,INR,active,11,1,4,2026-11-15
CUST00979,Customer 00979,customer00979@example.com,+917946032239,INR,suspended,0,15,0,2026-11-15
CUST00980,Customer 00980,customer00980@example.com,+918203985286,INR,active,14,9,0,2027-01-09
CUST00981,Customer 00981,customer00981@example.com,+916064596269,INR,active,13,18,0,2026-11-07
CUST00982,Customer 00982,customer00982@example.com,+919705086221,INR,suspended,5,5,2,2027-03-04
CUST00983,Customer 00983,customer00983@example.com,+917749331521,INR,active,16,4,4,2027-02-12
CUST00984,Customer 00984,customer00984@example.com,+919977860292,INR,suspended,12,8,5,2027-03-15
CUST00985,Customer 00985,customer00985@example.com,+919217921043,INR,active,8,1,5,2027-03-21
CUST00986,Customer 00986,customer00986@example.com,+918173177204,INR,active,11,13,2,2026-10-21
CUST00987,Customer 00987,customer00987@example.com,+919045374050,INR,active,12,6,4,2027-02-24
CUST00988,Customer 00988,customer00988@example.com,+919588621287,INR,suspended,12,1,0,2027-03-25
CUST00989,Customer 00989,customer00989@example.com,+918258551612,INR,active,19,14,1,2026-10-27
CUST00990,Customer 00990,customer00990@example.com,+919711053904,INR,active,1,10,5,2026-11-04
CUST00991,Customer 00991,customer00991@example.com,+918477409747,INR,active,16,9,2,2026-11-06
CUST00992,Customer 00992,customer00992@example.com,+918428426078,INR,active,0,8,1,2027-03-29
CUST00993,Customer 00993,customer00993@example.com,+918629163703,INR,suspended,17,6,4,2027-02-22
CUST00994,Customer 00994,customer00994@example.com,+916700293913,INR,active,6,2,2,2027-02-10
CUST00995,Customer 00995,customer00995@example.com,+919554344145,INR,active,6,16,0,2027-02-15
CUST00996,Customer 00996,customer00996@example.com,+919821160598,INR,active,10,0,4,2026-11-23
CUST00997,Customer 00997,customer00997@example.com,+917538305202,INR,suspended,4,2,3,2027-03-27
CUST00998,Customer 00998,customer00998@example.com,+918748451667,INR,active,17,10,2,2027-01-21
CUST00999,Customer 00999,customer00999@example.com,+919275278446,INR,suspended,6,1,2,2026-11-03
CUST01000,Customer 01000,customer01000@example.com,+918199753650,INR,active,1,4,2,2026-12-24
