availability_check_id,customer_id,resource_type,resource_id,requested_quantity,available_quantity_at_check,availability_result,reservation_lock,check_duration_ms,status
CHK000001,CUST00595,transport,CAR00379,1,6,insufficient,temporary_lock,743,failed
CHK000002,CUST00825,activity_slot,FLT00316,3,18,available,none,1022,passed
CHK000003,CUST00482,hotel_room,AINV00338,1,3,unavailable,none,638,passed
CHK000004,CUST00189,activity_slot,CAR00089,6,2,available,none,938,passed
CHK000005,CUST00134,transport,AINV00117,3,3,insufficient,lock_expired,1392,timeout
CHK000006,CUST00276,activity_slot,AINV00066,2,14,available,lock_expired,486,failed
CHK000007,CUST00639,hotel_room,FLT00045,6,9,insufficient,lock_expired,935,failed
CHK000008,CUST00263,flight_seat,ROOM00065,2,1,unavailable,none,89,failed
CHK000009,CUST00061,hotel_room,ROOM00106,4,1,unavailable,lock_expired,592,timeout
CHK000010,CUST00497,activity_slot,AINV00031,1,4,available,none,1373,passed
CHK000011,CUST00680,activity_slot,FLT00475,2,6,unavailable,lock_expired,462,passed
CHK000012,CUST00046,transport,AINV00396,4,11,insufficient,none,1341,timeout
CHK000013,CUST00375,hotel_room,FLT00315,4,13,available,temporary_lock,269,timeout
CHK000014,CUST00823,transport,ROOM00405,2,20,insufficient,lock_expired,256,passed
CHK000015,CUST00716,transport,CAR00260,3,17,insufficient,none,810,timeout
CHK000016,CUST00912,hotel_room,AINV00060,1,13,available,temporary_lock,1290,passed
CHK000017,CUST00818,transport,AINV00429,3,4,available,none,261,passed
CHK000018,CUST00337,flight_seat,CAR00167,4,9,unavailable,temporary_lock,769,passed
CHK000019,CUST00870,flight_seat,AINV00488,1,4,insufficient,none,187,timeout
CHK000020,CUST00679,activity_slot,CAR00085,4,7,available,temporary_lock,475,passed
CHK000021,CUST00026,flight_seat,CAR00257,4,5,available,none,1251,passed
CHK000022,CUST00616,activity_slot,CAR00441,2,14,unavailable,lock_expired,1295,timeout
CHK000023,CUST00927,activity_slot,FLT00203,1,8,unavailable,none,1068,passed
CHK000024,CUST00832,activity_slot,AINV00252,6,11,available,temporary_lock,369,timeout
CHK000025,CUST00927,activity_slot,FLT00192,2,19,available,none,453,failed
CHK000026,CUST00520,hotel_room,ROOM00241,4,16,unavailable,lock_expired,174,passed
CHK000027,CUST00783,flight_seat,FLT00159,6,11,insufficient,lock_expired,1497,timeout
CHK000028,CUST00010,transport,FLT00455,3,1,insufficient,none,1156,passed
CHK000029,CUST00159,activity_slot,CAR00083,3,14,available,temporary_lock,417,passed
CHK000030,CUST00987,transport,FLT00001,4,13,insufficient,none,775,passed
CHK000031,CUST00984,activity_slot,CAR00345,6,7,available,temporary_lock,1050,timeout
CHK000032,CUST00177,transport,FLT00036,3,11,insufficient,lock_expired,390,failed
CHK000033,CUST00184,flight_seat,ROOM00338,2,19,insufficient,none,636,passed
CHK000034,CUST00752,hotel_room,FLT00315,6,1,available,none,1057,passed
CHK000035,CUST00459,transport,FLT00270,6,1,insufficient,lock_expired,144,failed
CHK000036,CUST00124,transport,ROOM00359,1,17,insufficient,lock_expired,578,timeout
CHK000037,CUST00333,transport,AINV00471,1,14,insufficient,none,1100,passed
CHK000038,CUST00263,transport,ROOM00156,6,2,unavailable,temporary_lock,272,passed
CHK000039,CUST00399,transport,AINV00340,4,3,insufficient,lock_expired,998,timeout
CHK000040,CUST00461,flight_seat,CAR00213,4,15,unavailable,temporary_lock,1319,passed
CHK000041,CUST00743,flight_seat,CAR00152,2,14,unavailable,lock_expired,515,passed
CHK000042,CUST00938,transport,CAR00136,5,15,available,temporary_lock,1191,failed
CHK000043,CUST00965,flight_seat,CAR00073,4,8,available,lock_expired,316,failed
CHK000044,CUST00303,flight_seat,AINV00130,1,13,available,lock_expired,417,failed
CHK000045,CUST00327,transport,ROOM00346,4,15,insufficient,lock_expired,390,failed
CHK000046,CUST00045,activity_slot,FLT00206,3,11,unavailable,temporary_lock,139,passed
CHK000047,CUST00257,flight_seat,FLT00348,2,12,insufficient,temporary_lock,1072,failed
CHK000048,CUST00576,flight_seat,AINV00258,4,9,unavailable,none,843,timeout
CHK000049,CUST00319,transport,AINV00160,5,1,insufficient,lock_expired,96,timeout
CHK000050,CUST00913,activity_slot,ROOM00045,6,13,available,lock_expired,232,timeout
CHK000051,CUST00216,flight_seat,CAR00166,3,1,insufficient,temporary_lock,476,timeout
CHK000052,CUST00076,hotel_room,CAR00204,5,3,insufficient,lock_expired,223,timeout
CHK000053,CUST00416,flight_seat,CAR00147,5,13,insufficient,none,337,passed
CHK000054,CUST00433,activity_slot,AINV00383,1,0,unavailable,temporary_lock,1350,timeout
CHK000055,CUST00683,activity_slot,CAR00137,4,18,unavailable,temporary_lock,1384,passed
CHK000056,CUST00104,activity_slot,CAR00014,4,10,unavailable,none,1097,failed
CHK000057,CUST00547,flight_seat,AINV00326,6,5,unavailable,temporary_lock,1015,timeout
CHK000058,CUST00401,hotel_room,AINV00056,5,6,available,lock_expired,1213,timeout
CHK000059,CUST00700,transport,ROOM00154,5,9,available,temporary_lock,132,timeout
CHK000060,CUST00330,activity_slot,FLT00479,4,10,unavailable,none,937,failed
CHK000061,CUST00557,transport,CAR00482,6,20,unavailable,temporary_lock,1169,failed
CHK000062,CUST00996,transport,FLT00249,4,11,unavailable,lock_expired,980,failed
CHK000063,CUST00255,flight_seat,ROOM00085,5,17,unavailable,temporary_lock,286,timeout
CHK000064,CUST00931,hotel_room,AINV00175,6,3,unavailable,lock_expired,289,failed
CHK000065,CUST00810,transport,ROOM00396,5,14,insufficient,temporary_lock,1279,failed
CHK000066,CUST00153,hotel_room,ROOM00202,2,17,insufficient,none,198,passed
CHK000067,CUST00006,hotel_room,ROOM00322,1,14,available,temporary_lock,806,passed
CHK000068,CUST00468,transport,CAR00197,3,10,available,temporary_lock,1318,failed
CHK000069,CUST00098,activity_slot,FLT00275,2,19,unavailable,lock_expired,561,timeout
CHK000070,CUST00639,flight_seat,CAR00280,6,15,insufficient,lock_expired,875,passed
CHK000071,CUST00693,transport,ROOM00463,1,18,unavailable,none,751,timeout
CHK000072,CUST00800,flight_seat,CAR00486,1,2,unavailable,none,1042,passed
CHK000073,CUST00075,flight_seat,CAR00263,5,19,available,temporary_lock,390,timeout
CHK000074,CUST00373,activity_slot,AINV00384,5,8,unavailable,none,1224,timeout
CHK000075,CUST00571,flight_seat,FLT00035,1,18,available,temporary_lock,499,timeout
CHK000076,CUST00092,activity_slot,ROOM00425,5,8,available,temporary_lock,1211,passed
CHK000077,CUST00180,activity_slot,AINV00162,4,17,insufficient,temporary_lock,1192,failed
CHK000078,CUST00398,hotel_room,CAR00377,4,6,available,temporary_lock,109,timeout
CHK000079,CUST00896,hotel_room,CAR00194,2,6,unavailable,none,327,timeout
CHK000080,CUST00655,flight_seat,FLT00196,6,5,available,temporary_lock,1203,passed
CHK000081,CUST00634,flight_seat,AINV00165,3,4,unavailable,none,1478,timeout
CHK000082,CUST00544,transport,ROOM00211,4,15,unavailable,lock_expired,748,timeout
CHK000083,CUST00287,activity_slot,FLT00401,2,6,available,none,1337,passed
CHK000084,CUST00256,transport,ROOM00347,5,14,unavailable,lock_expired,1434,failed
CHK000085,CUST00888,flight_seat,AINV00261,6,0,available,lock_expired,634,timeout
CHK000086,CUST00406,hotel_room,FLT00309,3,8,available,none,1220,passed
CHK000087,CUST00657,activity_slot,AINV00054,4,16,insufficient,lock_expired,202,failed
CHK000088,CUST00646,flight_seat,CAR00063,5,9,insufficient,temporary_lock,471,passed
CHK000089,CUST00274,flight_seat,AINV00480,2,1,unavailable,none,1356,timeout
CHK000090,CUST00809,hotel_room,ROOM00067,4,13,unavailable,lock_expired,997,failed
CHK000091,CUST00364,hotel_room,CAR00273,3,8,insufficient,temporary_lock,1356,timeout
CHK000092,CUST00931,flight_seat,FLT00079,1,17,insufficient,temporary_lock,811,passed
CHK000093,CUST00128,transport,CAR00085,6,13,available,temporary_lock,945,passed
CHK000094,CUST00085,transport,CAR00096,5,14,unavailable,lock_expired,1325,passed
CHK000095,CUST00827,flight_seat,FLT00312,5,3,insufficient,lock_expired,727,timeout
CHK000096,CUST00200,transport,AINV00363,6,17,insufficient,none,1298,passed
CHK000097,CUST00938,flight_seat,CAR00211,4,3,insufficient,lock_expired,1481,timeout
CHK000098,CUST00365,activity_slot,CAR00203,4,16,unavailable,lock_expired,444,passed
CHK000099,CUST00745,activity_slot,AINV00090,4,13,unavailable,temporary_lock,833,timeout
CHK000100,CUST00215,activity_slot,AINV00423,6,6,available,none,1345,timeout
CHK000101,CUST00703,hotel_room,FLT00185,5,2,insufficient,temporary_lock,964,failed
CHK000102,CUST00970,hotel_room,AINV00353,1,1,available,temporary_lock,925,timeout
CHK000103,CUST00716,flight_seat,ROOM00026,6,13,available,temporary_lock,1190,failed
CHK000104,CUST00302,flight_seat,ROOM00111,5,18,unavailable,none,896,passed
CHK000105,CUST00073,transport,FLT00058,1,0,insufficient,temporary_lock,589,passed
CHK000106,CUST00332,transport,CAR00145,4,15,unavailable,temporary_lock,1274,timeout
CHK000107,CUST00221,flight_seat,CAR00158,1,14,available,none,594,passed
CHK000108,CUST00606,flight_seat,AINV00238,3,14,unavailable,none,1296,passed
CHK000109,CUST00451,transport,AINV00338,4,11,available,none,1270,failed
CHK000110,CUST00078,transport,AINV00062,5,13,unavailable,none,1203,timeout
CHK000111,CUST00723,hotel_room,FLT00384,2,12,available,lock_expired,1428,timeout
CHK000112,CUST00718,flight_seat,CAR00035,5,0,insufficient,lock_expired,727,passed
CHK000113,CUST00534,hotel_room,FLT00093,2,17,unavailable,none,246,passed
CHK000114,CUST00242,flight_seat,CAR00136,5,16,unavailable,temporary_lock,827,failed
CHK000115,CUST00468,hotel_room,CAR00371,3,16,available,lock_expired,885,passed
CHK000116,CUST00878,flight_seat,AINV00209,2,10,unavailable,lock_expired,1402,timeout
CHK000117,CUST00294,transport,ROOM00058,2,7,available,temporary_lock,735,failed
CHK000118,CUST00031,transport,FLT00253,5,16,insufficient,temporary_lock,319,passed
CHK000119,CUST00199,transport,FLT00301,6,20,available,temporary_lock,416,timeout
CHK000120,CUST00410,hotel_room,ROOM00136,1,13,unavailable,lock_expired,648,failed
CHK000121,CUST00854,activity_slot,ROOM00153,4,20,available,lock_expired,293,failed
CHK000122,CUST00232,transport,ROOM00348,2,1,available,none,568,failed
CHK000123,CUST00806,transport,AINV00220,1,1,unavailable,none,883,timeout
CHK000124,CUST00306,activity_slot,FLT00069,4,18,unavailable,none,772,passed
CHK000125,CUST00299,flight_seat,AINV00390,5,12,insufficient,lock_expired,1432,passed
CHK000126,CUST00598,hotel_room,CAR00331,1,16,insufficient,lock_expired,84,timeout
CHK000127,CUST00908,flight_seat,CAR00383,6,4,insufficient,lock_expired,569,passed
CHK000128,CUST00679,flight_seat,FLT00191,3,6,unavailable,temporary_lock,811,failed
CHK000129,CUST00756,activity_slot,CAR00230,1,18,unavailable,lock_expired,1293,failed
CHK000130,CUST00187,hotel_room,AINV00417,2,14,insufficient,none,1466,timeout
CHK000131,CUST00643,flight_seat,AINV00466,6,2,available,lock_expired,1133,failed
CHK000132,CUST00609,activity_slot,FLT00102,1,9,unavailable,temporary_lock,469,timeout
CHK000133,CUST00173,transport,ROOM00200,1,0,available,lock_expired,1448,timeout
CHK000134,CUST00091,activity_slot,FLT00109,6,17,unavailable,none,1283,timeout
CHK000135,CUST00322,flight_seat,ROOM00111,4,19,available,none,1332,passed
CHK000136,CUST00066,flight_seat,ROOM00044,6,7,available,lock_expired,173,failed
CHK000137,CUST00315,hotel_room,ROOM00027,6,12,available,lock_expired,972,timeout
CHK000138,CUST00938,flight_seat,FLT00011,2,20,available,temporary_lock,752,passed
CHK000139,CUST00471,hotel_room,CAR00137,5,11,insufficient,none,60,failed
CHK000140,CUST00585,activity_slot,AINV00070,6,11,insufficient,temporary_lock,1125,timeout
CHK000141,CUST00487,flight_seat,FLT00407,2,20,unavailable,temporary_lock,56,passed
CHK000142,CUST00703,transport,ROOM00207,6,0,available,temporary_lock,164,timeout
CHK000143,CUST00575,activity_slot,CAR00110,4,18,available,lock_expired,801,timeout
CHK000144,CUST00181,flight_seat,FLT00407,4,20,available,lock_expired,1199,failed
CHK000145,CUST00391,transport,CAR00310,4,1,unavailable,none,1013,passed
CHK000146,CUST00559,transport,ROOM00380,2,4,insufficient,lock_expired,1478,failed
CHK000147,CUST00919,transport,ROOM00261,5,17,insufficient,lock_expired,465,timeout
CHK000148,CUST00881,transport,FLT00301,5,1,insufficient,temporary_lock,295,failed
CHK000149,CUST00914,flight_seat,ROOM00496,4,2,unavailable,none,976,passed
CHK000150,CUST00643,activity_slot,ROOM00362,4,2,unavailable,none,1264,passed
CHK000151,CUST00226,flight_seat,ROOM00087,3,16,available,temporary_lock,1132,passed
CHK000152,CUST00413,flight_seat,AINV00499,5,15,unavailable,none,1459,failed
CHK000153,CUST00252,flight_seat,FLT00461,1,17,insufficient,none,1318,failed
CHK000154,CUST00371,transport,ROOM00194,1,6,unavailable,none,1087,timeout
CHK000155,CUST00917,transport,FLT00232,2,10,available,temporary_lock,379,failed
CHK000156,CUST00190,flight_seat,FLT00369,1,0,unavailable,temporary_lock,882,failed
CHK000157,CUST00163,activity_slot,FLT00212,6,12,available,lock_expired,958,failed
CHK000158,CUST00377,hotel_room,CAR00046,3,19,insufficient,none,651,failed
CHK000159,CUST00649,hotel_room,FLT00433,6,5,insufficient,none,1092,passed
CHK000160,CUST00874,transport,CAR00180,2,20,insufficient,temporary_lock,1353,failed
CHK000161,CUST00577,activity_slot,ROOM00408,6,8,available,temporary_lock,23,timeout
CHK000162,CUST00910,transport,AINV00125,3,6,insufficient,temporary_lock,546,passed
CHK000163,CUST00677,flight_seat,FLT00419,5,16,insufficient,none,1012,failed
CHK000164,CUST00978,flight_seat,AINV00209,3,4,available,none,1180,failed
CHK000165,CUST00535,hotel_room,ROOM00049,1,11,insufficient,lock_expired,239,timeout
CHK000166,CUST00726,activity_slot,CAR00345,5,12,insufficient,lock_expired,885,timeout
CHK000167,CUST00305,hotel_room,FLT00088,6,20,insufficient,temporary_lock,1121,passed
CHK000168,CUST00919,flight_seat,FLT00395,6,0,available,temporary_lock,681,timeout
CHK000169,CUST00488,flight_seat,AINV00332,2,3,unavailable,lock_expired,1230,failed
CHK000170,CUST00992,transport,FLT00202,6,12,insufficient,temporary_lock,847,failed
CHK000171,CUST00935,transport,ROOM00117,1,7,unavailable,temporary_lock,483,timeout
CHK000172,CUST00305,hotel_room,AINV00357,2,12,unavailable,none,1014,passed
CHK000173,CUST00644,transport,ROOM00107,2,0,unavailable,temporary_lock,787,failed
CHK000174,CUST00535,transport,CAR00247,2,0,available,none,107,failed
CHK000175,CUST00511,flight_seat,ROOM00328,3,12,insufficient,lock_expired,806,timeout
CHK000176,CUST00226,activity_slot,CAR00495,2,11,unavailable,temporary_lock,1228,timeout
CHK000177,CUST00478,flight_seat,FLT00081,1,3,insufficient,temporary_lock,103,passed
CHK000178,CUST00054,hotel_room,CAR00466,5,9,available,lock_expired,490,failed
CHK000179,CUST00886,hotel_room,ROOM00384,2,1,insufficient,lock_expired,564,failed
CHK000180,CUST00074,activity_slot,ROOM00256,6,18,unavailable,lock_expired,723,failed
CHK000181,CUST00031,flight_seat,FLT00162,4,15,unavailable,none,368,timeout
CHK000182,CUST00844,activity_slot,ROOM00037,5,1,available,none,1443,timeout
CHK000183,CUST00817,flight_seat,CAR00320,1,16,available,temporary_lock,625,passed
CHK000184,CUST00734,transport,FLT00133,4,7,available,temporary_lock,1473,timeout
CHK000185,CUST00675,transport,CAR00466,6,16,available,temporary_lock,821,timeout
CHK000186,CUST00855,activity_slot,AINV00073,5,8,insufficient,lock_expired,1480,passed
CHK000187,CUST00832,activity_slot,CAR00346,1,3,unavailable,none,694,timeout
CHK000188,CUST00199,activity_slot,AINV00187,5,4,insufficient,lock_expired,232,failed
CHK000189,CUST00962,transport,CAR00326,3,20,available,none,1321,failed
CHK000190,CUST00650,transport,AINV00491,4,7,available,temporary_lock,54,passed
CHK000191,CUST00238,hotel_room,CAR00044,3,10,insufficient,none,1013,failed
CHK000192,CUST00675,activity_slot,ROOM00395,4,2,available,lock_expired,467,failed
CHK000193,CUST00036,activity_slot,FLT00109,6,3,available,lock_expired,131,passed
CHK000194,CUST00919,flight_seat,ROOM00414,5,1,insufficient,lock_expired,1135,timeout
CHK000195,CUST00771,activity_slot,ROOM00194,6,1,insufficient,lock_expired,176,timeout
CHK000196,CUST00424,hotel_room,ROOM00220,3,15,unavailable,temporary_lock,935,failed
CHK000197,CUST00453,transport,CAR00159,5,14,insufficient,temporary_lock,1256,timeout
CHK000198,CUST00422,activity_slot,FLT00453,5,20,unavailable,lock_expired,574,passed
CHK000199,CUST00230,activity_slot,FLT00096,6,16,unavailable,temporary_lock,332,passed
CHK000200,CUST00007,hotel_room,FLT00029,5,11,insufficient,temporary_lock,947,failed
CHK000201,CUST00564,hotel_room,ROOM00372,4,19,available,lock_expired,1368,timeout
CHK000202,CUST00109,hotel_room,FLT00011,6,6,available,temporary_lock,549,timeout
CHK000203,CUST00800,hotel_room,AINV00040,2,13,available,none,666,passed
CHK000204,CUST00197,flight_seat,AINV00005,4,8,available,none,1466,failed
CHK000205,CUST00591,hotel_room,FLT00130,2,13,available,lock_expired,50,failed
CHK000206,CUST00219,flight_seat,AINV00422,4,0,insufficient,none,1012,failed
CHK000207,CUST00530,activity_slot,FLT00172,4,3,available,none,1351,failed
CHK000208,CUST00055,transport,FLT00364,4,8,unavailable,temporary_lock,1349,failed
CHK000209,CUST00853,activity_slot,ROOM00457,5,6,available,lock_expired,522,passed
CHK000210,CUST00343,flight_seat,CAR00399,4,19,unavailable,none,481,passed
CHK000211,CUST00297,transport,ROOM00286,3,5,insufficient,lock_expired,1053,passed
CHK000212,CUST00918,flight_seat,CAR00238,1,20,unavailable,temporary_lock,1050,timeout
CHK000213,CUST00054,activity_slot,AINV00426,2,2,insufficient,none,632,timeout
CHK000214,CUST00664,activity_slot,FLT00312,3,4,available,lock_expired,1298,timeout
CHK000215,CUST00185,hotel_room,AINV00245,1,15,unavailable,none,484,failed
CHK000216,CUST00897,hotel_room,AINV00489,3,15,available,temporary_lock,1267,passed
CHK000217,CUST00784,activity_slot,AINV00387,2,20,unavailable,none,986,timeout
CHK000218,CUST00637,hotel_room,ROOM00215,1,4,insufficient,none,61,passed
CHK000219,CUST00096,flight_seat,CAR00002,1,6,unavailable,temporary_lock,919,passed
CHK000220,CUST00159,activity_slot,AINV00347,3,12,insufficient,lock_expired,1174,passed
CHK000221,CUST00121,hotel_room,CAR00341,4,12,insufficient,temporary_lock,178,failed
CHK000222,CUST00694,transport,AINV00195,3,7,insufficient,temporary_lock,488,failed
CHK000223,CUST00261,hotel_room,CAR00163,2,1,available,lock_expired,1137,timeout
CHK000224,CUST00959,activity_slot,AINV00294,6,20,available,temporary_lock,1444,failed
CHK000225,CUST00930,flight_seat,FLT00333,2,2,available,temporary_lock,1421,passed
CHK000226,CUST00276,hotel_room,FLT00232,4,19,insufficient,temporary_lock,901,timeout
CHK000227,CUST00366,flight_seat,CAR00239,4,19,insufficient,none,554,failed
CHK000228,CUST00318,activity_slot,AINV00238,4,13,insufficient,none,816,passed
CHK000229,CUST00212,flight_seat,ROOM00230,5,1,available,none,1472,passed
CHK000230,CUST00804,activity_slot,CAR00469,2,3,unavailable,none,784,passed
CHK000231,CUST00347,flight_seat,AINV00272,4,10,unavailable,lock_expired,492,timeout
CHK000232,CUST00273,flight_seat,AINV00305,2,1,unavailable,temporary_lock,974,timeout
CHK000233,CUST00261,flight_seat,AINV00414,4,12,available,lock_expired,526,passed
CHK000234,CUST00869,flight_seat,ROOM00289,5,18,available,lock_expired,1060,timeout
CHK000235,CUST00054,flight_seat,AINV00433,3,17,unavailable,temporary_lock,1192,timeout
CHK000236,CUST00639,flight_seat,AINV00308,6,13,available,none,1399,passed
CHK000237,CUST00934,activity_slot,FLT00332,3,13,unavailable,lock_expired,1133,timeout
CHK000238,CUST00700,hotel_room,CAR00185,3,20,insufficient,lock_expired,1090,failed
CHK000239,CUST00185,hotel_room,FLT00405,6,19,unavailable,temporary_lock,1178,timeout
CHK000240,CUST00157,flight_seat,CAR00340,3,0,available,temporary_lock,976,timeout
CHK000241,CUST00621,flight_seat,ROOM00450,1,13,insufficient,none,354,passed
CHK000242,CUST00699,hotel_room,CAR00353,1,13,unavailable,temporary_lock,966,timeout
CHK000243,CUST00260,hotel_room,ROOM00499,1,8,unavailable,lock_expired,639,passed
CHK000244,CUST00291,hotel_room,AINV00496,3,14,unavailable,lock_expired,1234,failed
CHK000245,CUST00541,activity_slot,AINV00204,5,1,insufficient,lock_expired,911,timeout
CHK000246,CUST00978,activity_slot,ROOM00468,1,3,unavailable,lock_expired,422,passed
CHK000247,CUST00925,transport,FLT00323,2,8,available,none,1287,timeout
CHK000248,CUST00226,transport,ROOM00435,5,8,available,lock_expired,937,timeout
CHK000249,CUST00222,activity_slot,AINV00225,4,15,insufficient,none,403,passed
CHK000250,CUST00726,flight_seat,ROOM00055,6,9,insufficient,none,618,passed
CHK000251,CUST00289,activity_slot,CAR00101,6,19,unavailable,lock_expired,910,passed
CHK000252,CUST00575,transport,FLT00336,4,12,insufficient,lock_expired,398,passed
CHK000253,CUST00739,transport,ROOM00309,4,9,unavailable,temporary_lock,339,failed
CHK000254,CUST00717,flight_seat,AINV00269,2,18,unavailable,lock_expired,335,failed
CHK000255,CUST00136,flight_seat,AINV00402,5,9,available,none,591,timeout
CHK000256,CUST00427,transport,AINV00490,5,5,insufficient,lock_expired,958,timeout
CHK000257,CUST00017,hotel_room,CAR00127,5,7,available,temporary_lock,542,failed
CHK000258,CUST00288,flight_seat,AINV00009,6,19,insufficient,temporary_lock,1228,timeout
CHK000259,CUST00218,activity_slot,FLT00281,6,8,insufficient,none,1201,failed
CHK000260,CUST00521,transport,CAR00148,5,0,available,temporary_lock,769,failed
CHK000261,CUST00057,hotel_room,AINV00492,1,10,unavailable,temporary_lock,1339,failed
CHK000262,CUST00926,transport,FLT00169,5,17,unavailable,lock_expired,1268,timeout
CHK000263,CUST00786,activity_slot,CAR00420,1,16,unavailable,lock_expired,727,passed
CHK000264,CUST00132,transport,AINV00093,5,9,unavailable,lock_expired,44,failed
CHK000265,CUST00195,transport,AINV00429,6,0,unavailable,temporary_lock,1243,timeout
CHK000266,CUST00702,transport,ROOM00321,3,16,unavailable,none,835,failed
CHK000267,CUST00869,transport,CAR00386,2,17,unavailable,none,69,passed
CHK000268,CUST00486,transport,FLT00450,1,13,unavailable,lock_expired,151,timeout
CHK000269,CUST00398,activity_slot,FLT00240,2,19,unavailable,temporary_lock,461,timeout
CHK000270,CUST00037,hotel_room,AINV00222,3,2,unavailable,lock_expired,436,failed
CHK000271,CUST00553,transport,AINV00359,4,14,available,lock_expired,1443,timeout
CHK000272,CUST00034,hotel_room,AINV00378,6,5,insufficient,temporary_lock,765,failed
CHK000273,CUST00086,transport,ROOM00073,6,4,available,none,1106,passed
CHK000274,CUST00619,activity_slot,AINV00285,4,0,available,lock_expired,664,failed
CHK000275,CUST00540,activity_slot,AINV00078,2,5,unavailable,lock_expired,212,passed
CHK000276,CUST00573,flight_seat,CAR00071,1,5,insufficient,none,754,passed
CHK000277,CUST00988,activity_slot,ROOM00162,3,16,insufficient,none,615,passed
CHK000278,CUST00316,hotel_room,AINV00054,5,20,insufficient,temporary_lock,702,passed
CHK000279,CUST00435,hotel_room,AINV00089,6,16,available,none,1209,passed
CHK000280,CUST00194,activity_slot,CAR00398,2,20,available,temporary_lock,403,passed
CHK000281,CUST00851,activity_slot,CAR00362,5,5,available,temporary_lock,586,passed
CHK000282,CUST00651,activity_slot,ROOM00036,1,9,insufficient,temporary_lock,1355,timeout
CHK000283,CUST00422,transport,ROOM00126,3,5,available,lock_expired,1029,passed
CHK000284,CUST00516,flight_seat,CAR00200,4,15,available,lock_expired,578,passed
CHK000285,CUST00321,flight_seat,CAR00305,6,11,insufficient,lock_expired,120,failed
CHK000286,CUST00893,hotel_room,CAR00482,3,10,unavailable,none,264,failed
CHK000287,CUST00146,transport,AINV00307,2,3,insufficient,temporary_lock,637,failed
CHK000288,CUST00591,transport,ROOM00299,2,18,insufficient,temporary_lock,1124,failed
CHK000289,CUST00761,hotel_room,CAR00100,1,12,unavailable,none,553,timeout
CHK000290,CUST00910,activity_slot,AINV00200,4,12,available,temporary_lock,320,failed
CHK000291,CUST00180,hotel_room,ROOM00443,5,9,available,temporary_lock,1187,failed
CHK000292,CUST00033,hotel_room,ROOM00149,1,8,insufficient,lock_expired,1271,timeout
CHK000293,CUST00250,transport,AINV00276,4,19,unavailable,lock_expired,819,failed
CHK000294,CUST00547,transport,ROOM00403,6,10,insufficient,temporary_lock,884,timeout
CHK000295,CUST00856,transport,CAR00078,1,5,available,lock_expired,418,failed
CHK000296,CUST00414,transport,ROOM00480,5,18,insufficient,temporary_lock,1425,passed
CHK000297,CUST00285,transport,CAR00394,1,2,available,lock_expired,866,failed
CHK000298,CUST00310,activity_slot,AINV00461,5,1,unavailable,none,972,timeout
CHK000299,CUST00996,flight_seat,ROOM00329,6,17,insufficient,lock_expired,1061,timeout
CHK000300,CUST00487,hotel_room,CAR00089,4,14,insufficient,temporary_lock,890,timeout
CHK000301,CUST00976,hotel_room,CAR00467,4,1,available,temporary_lock,1377,failed
CHK000302,CUST00408,transport,FLT00077,1,16,available,none,1067,passed
CHK000303,CUST00877,flight_seat,AINV00322,5,9,unavailable,temporary_lock,1207,timeout
CHK000304,CUST00924,activity_slot,CAR00161,5,15,unavailable,lock_expired,171,passed
CHK000305,CUST00912,transport,FLT00147,2,1,unavailable,temporary_lock,578,failed
CHK000306,CUST01000,hotel_room,CAR00123,1,0,unavailable,none,678,passed
CHK000307,CUST00104,flight_seat,AINV00096,6,7,unavailable,lock_expired,931,timeout
CHK000308,CUST00133,flight_seat,CAR00264,4,14,available,lock_expired,1315,passed
CHK000309,CUST00107,transport,CAR00387,3,14,unavailable,none,793,failed
CHK000310,CUST00466,flight_seat,ROOM00167,6,17,available,temporary_lock,812,failed
CHK000311,CUST00459,transport,CAR00114,2,8,available,temporary_lock,54,failed
CHK000312,CUST00021,transport,CAR00234,5,16,available,none,292,failed
CHK000313,CUST00065,activity_slot,FLT00377,4,18,unavailable,lock_expired,836,timeout
CHK000314,CUST00639,hotel_room,AINV00276,4,16,insufficient,temporary_lock,150,passed
CHK000315,CUST00164,hotel_room,AINV00345,1,2,insufficient,temporary_lock,576,timeout
CHK000316,CUST00719,flight_seat,CAR00152,1,10,insufficient,lock_expired,1306,failed
CHK000317,CUST00993,activity_slot,CAR00075,1,1,insufficient,temporary_lock,656,passed
CHK000318,CUST00010,activity_slot,CAR00430,5,8,insufficient,none,219,passed
CHK000319,CUST00276,transport,AINV00490,5,0,unavailable,temporary_lock,131,passed
CHK000320,CUST00201,flight_seat,FLT00078,3,20,available,lock_expired,1354,failed
CHK000321,CUST00954,activity_slot,ROOM00150,2,6,insufficient,none,141,passed
CHK000322,CUST00455,hotel_room,CAR00344,1,19,available,none,1433,timeout
CHK000323,CUST00633,hotel_room,CAR00453,3,13,unavailable,lock_expired,258,timeout
CHK000324,CUST00115,hotel_room,AINV00128,4,1,insufficient,temporary_lock,536,passed
CHK000325,CUST00320,flight_seat,ROOM00466,1,10,available,lock_expired,1333,failed
CHK000326,CUST00261,transport,FLT00302,1,17,available,temporary_lock,485,failed
CHK000327,CUST00256,hotel_room,ROOM00375,4,8,insufficient,lock_expired,151,failed
CHK000328,CUST00403,hotel_room,FLT00443,2,5,available,lock_expired,608,passed
CHK000329,CUST00077,hotel_room,CAR00217,2,14,unavailable,none,902,failed
CHK000330,CUST00705,transport,CAR00112,5,15,insufficient,lock_expired,531,failed
CHK000331,CUST00168,hotel_room,ROOM00307,1,9,unavailable,lock_expired,1243,failed
CHK000332,CUST00928,activity_slot,CAR00278,3,17,insufficient,none,166,passed
CHK000333,CUST00245,activity_slot,FLT00411,4,14,available,none,458,passed
CHK000334,CUST00676,hotel_room,CAR00479,3,2,insufficient,temporary_lock,1080,timeout
CHK000335,CUST00090,transport,ROOM00022,2,18,available,none,1073,passed
CHK000336,CUST00573,flight_seat,AINV00417,4,20,available,lock_expired,1191,passed
CHK000337,CUST00008,activity_slot,CAR00352,3,2,available,none,88,timeout
CHK000338,CUST00904,transport,CAR00138,6,5,insufficient,temporary_lock,1382,failed
CHK000339,CUST00772,activity_slot,CAR00465,5,5,available,lock_expired,312,failed
CHK000340,CUST00329,activity_slot,AINV00444,6,18,insufficient,none,1283,timeout
CHK000341,CUST00691,flight_seat,AINV00383,1,7,insufficient,lock_expired,940,timeout
CHK000342,CUST00807,hotel_room,FLT00414,2,9,available,temporary_lock,737,failed
CHK000343,CUST00348,transport,FLT00181,3,7,unavailable,none,138,passed
CHK000344,CUST00661,transport,CAR00418,1,3,insufficient,lock_expired,202,failed
CHK000345,CUST00776,flight_seat,CAR00267,3,3,unavailable,temporary_lock,503,timeout
CHK000346,CUST00132,flight_seat,AINV00174,3,15,insufficient,temporary_lock,984,failed
CHK000347,CUST00891,hotel_room,AINV00392,1,0,available,lock_expired,559,failed
CHK000348,CUST00640,transport,CAR00358,1,5,available,temporary_lock,1191,passed
CHK000349,CUST00364,activity_slot,ROOM00335,4,10,insufficient,temporary_lock,1136,failed
CHK000350,CUST00126,transport,CAR00349,2,18,available,temporary_lock,998,timeout
CHK000351,CUST00336,activity_slot,AINV00398,6,15,available,none,394,passed
CHK000352,CUST00699,hotel_room,ROOM00369,3,19,insufficient,lock_expired,648,failed
CHK000353,CUST00188,activity_slot,AINV00237,5,12,insufficient,lock_expired,992,timeout
CHK000354,CUST00729,flight_seat,FLT00086,3,4,insufficient,lock_expired,232,failed
CHK000355,CUST00488,hotel_room,AINV00212,4,6,unavailable,lock_expired,1371,passed
CHK000356,CUST00390,transport,CAR00031,5,13,insufficient,none,1403,timeout
CHK000357,CUST00809,flight_seat,FLT00498,5,16,unavailable,none,1175,passed
CHK000358,CUST00303,hotel_room,FLT00413,2,7,unavailable,temporary_lock,895,timeout
CHK000359,CUST00640,transport,FLT00262,2,0,unavailable,none,386,failed
CHK000360,CUST00766,activity_slot,FLT00438,3,14,insufficient,lock_expired,912,passed
CHK000361,CUST00503,hotel_room,ROOM00291,2,19,insufficient,none,1489,failed
CHK000362,CUST00769,hotel_room,AINV00418,4,7,unavailable,none,637,timeout
CHK000363,CUST00778,transport,ROOM00001,5,11,available,lock_expired,1372,timeout
CHK000364,CUST00712,hotel_room,AINV00039,4,10,insufficient,temporary_lock,1080,passed
CHK000365,CUST00964,activity_slot,FLT00108,2,2,unavailable,lock_expired,499,timeout
CHK000366,CUST00412,transport,CAR00417,5,6,unavailable,lock_expired,1329,failed
CHK000367,CUST00917,transport,FLT00044,5,2,insufficient,temporary_lock,1237,passed
CHK000368,CUST00335,flight_seat,AINV00486,1,11,unavailable,none,1111,failed
CHK000369,CUST00880,activity_slot,ROOM00198,5,10,available,temporary_lock,650,failed
CHK000370,CUST00433,activity_slot,CAR00035,6,11,unavailable,none,673,timeout
CHK000371,CUST00461,flight_seat,AINV00195,4,14,available,lock_expired,379,failed
CHK000372,CUST00876,activity_slot,CAR00118,4,8,available,temporary_lock,1033,failed
CHK000373,CUST00835,activity_slot,ROOM00248,6,3,available,temporary_lock,132,failed
CHK000374,CUST00253,transport,CAR00291,1,16,unavailable,temporary_lock,732,timeout
CHK000375,CUST00732,flight_seat,CAR00018,4,18,insufficient,none,555,passed
CHK000376,CUST00842,activity_slot,AINV00447,2,18,available,none,210,timeout
CHK000377,CUST00382,hotel_room,FLT00242,4,19,unavailable,none,634,passed
CHK000378,CUST00775,transport,AINV00487,6,2,insufficient,none,1106,passed
CHK000379,CUST00174,activity_slot,CAR00221,4,16,unavailable,lock_expired,1023,failed
CHK000380,CUST00819,activity_slot,FLT00046,4,15,unavailable,temporary_lock,1092,timeout
CHK000381,CUST00604,activity_slot,FLT00191,5,11,available,lock_expired,121,passed
CHK000382,CUST00691,activity_slot,CAR00127,4,15,available,lock_expired,1409,timeout
CHK000383,CUST00904,hotel_room,FLT00362,4,6,insufficient,temporary_lock,723,passed
CHK000384,CUST00151,activity_slot,ROOM00420,4,14,insufficient,temporary_lock,182,passed
CHK000385,CUST00877,activity_slot,AINV00301,4,15,unavailable,none,692,timeout
CHK000386,CUST00989,activity_slot,ROOM00202,1,13,available,temporary_lock,397,timeout
CHK000387,CUST00437,flight_seat,CAR00244,6,3,unavailable,temporary_lock,987,failed
CHK000388,CUST00343,hotel_room,FLT00020,3,9,insufficient,lock_expired,401,passed
CHK000389,CUST00225,activity_slot,FLT00404,4,13,available,temporary_lock,1267,timeout
CHK000390,CUST00709,hotel_room,CAR00449,3,4,insufficient,none,478,passed
CHK000391,CUST00201,flight_seat,FLT00216,3,20,insufficient,none,1236,passed
CHK000392,CUST00818,activity_slot,AINV00105,4,0,insufficient,none,1489,failed
CHK000393,CUST00315,transport,CAR00061,4,11,unavailable,temporary_lock,955,timeout
CHK000394,CUST00832,hotel_room,CAR00005,1,14,available,lock_expired,1375,failed
CHK000395,CUST00446,activity_slot,CAR00252,2,20,unavailable,none,453,passed
CHK000396,CUST00750,hotel_room,AINV00390,2,18,insufficient,temporary_lock,278,timeout
CHK000397,CUST00675,flight_seat,FLT00058,2,12,available,temporary_lock,78,timeout
CHK000398,CUST00247,activity_slot,AINV00392,6,11,available,none,1366,failed
CHK000399,CUST00564,flight_seat,ROOM00298,5,7,available,temporary_lock,327,timeout
CHK000400,CUST00452,activity_slot,ROOM00091,2,4,insufficient,none,535,failed
CHK000401,CUST00102,activity_slot,ROOM00216,5,16,available,lock_expired,344,failed
CHK000402,CUST00921,transport,ROOM00477,3,9,insufficient,temporary_lock,179,timeout
CHK000403,CUST00614,hotel_room,FLT00257,1,10,insufficient,temporary_lock,775,failed
CHK000404,CUST00231,transport,CAR00371,5,10,insufficient,none,257,passed
CHK000405,CUST00166,hotel_room,ROOM00301,2,14,insufficient,lock_expired,683,failed
CHK000406,CUST00494,hotel_room,FLT00320,6,14,unavailable,temporary_lock,409,passed
CHK000407,CUST00254,hotel_room,FLT00269,2,10,available,temporary_lock,1039,passed
CHK000408,CUST00253,transport,AINV00170,3,8,unavailable,none,1102,failed
CHK000409,CUST00665,transport,ROOM00124,6,19,available,lock_expired,1388,failed
CHK000410,CUST00746,flight_seat,FLT00427,1,1,insufficient,temporary_lock,1479,failed
CHK000411,CUST00594,hotel_room,ROOM00394,4,15,unavailable,none,457,passed
CHK000412,CUST00593,activity_slot,AINV00370,6,1,available,none,61,failed
CHK000413,CUST00499,transport,CAR00473,4,0,available,none,384,passed
CHK000414,CUST00323,flight_seat,CAR00201,6,13,insufficient,none,1285,failed
CHK000415,CUST00580,flight_seat,ROOM00142,1,18,available,none,1376,timeout
CHK000416,CUST00190,activity_slot,ROOM00123,3,8,available,lock_expired,1425,passed
CHK000417,CUST00924,hotel_room,ROOM00301,3,12,unavailable,none,1219,timeout
CHK000418,CUST00499,flight_seat,CAR00286,1,18,available,none,346,failed
CHK000419,CUST00406,hotel_room,CAR00264,2,14,insufficient,none,1318,passed
CHK000420,CUST00342,transport,ROOM00226,2,13,available,temporary_lock,1389,failed
CHK000421,CUST00343,activity_slot,AINV00460,6,5,available,none,1135,timeout
CHK000422,CUST00984,activity_slot,FLT00447,5,12,unavailable,none,540,failed
CHK000423,CUST00983,transport,AINV00359,6,4,available,lock_expired,1355,failed
CHK000424,CUST00136,hotel_room,ROOM00131,2,16,unavailable,lock_expired,1494,failed
CHK000425,CUST00137,activity_slot,CAR00045,2,15,unavailable,none,464,timeout
CHK000426,CUST00687,flight_seat,FLT00187,4,12,available,temporary_lock,860,failed
CHK000427,CUST00961,transport,AINV00092,5,11,unavailable,none,1386,passed
CHK000428,CUST00890,activity_slot,AINV00307,1,10,insufficient,lock_expired,1438,failed
CHK000429,CUST00952,transport,FLT00150,2,13,unavailable,none,539,failed
CHK000430,CUST00127,activity_slot,AINV00044,4,15,available,none,1237,timeout
CHK000431,CUST00806,hotel_room,ROOM00452,5,8,insufficient,lock_expired,457,timeout
CHK000432,CUST00969,activity_slot,ROOM00202,4,4,unavailable,lock_expired,965,failed
CHK000433,CUST00578,activity_slot,CAR00361,2,14,unavailable,lock_expired,124,passed
CHK000434,CUST00454,activity_slot,AINV00342,5,16,insufficient,lock_expired,1019,failed
CHK000435,CUST00842,transport,FLT00306,5,6,insufficient,none,153,passed
CHK000436,CUST00166,transport,ROOM00049,4,20,insufficient,lock_expired,464,failed
CHK000437,CUST00719,flight_seat,CAR00327,6,3,unavailable,none,1253,timeout
CHK000438,CUST00105,hotel_room,CAR00265,5,5,available,lock_expired,309,timeout
CHK000439,CUST00075,hotel_room,ROOM00082,3,3,insufficient,none,594,failed
CHK000440,CUST00669,activity_slot,ROOM00085,4,6,insufficient,temporary_lock,1170,timeout
CHK000441,CUST00372,transport,FLT00332,5,7,available,temporary_lock,744,failed
CHK000442,CUST00992,activity_slot,AINV00416,3,15,available,none,59,timeout
CHK000443,CUST00946,transport,AINV00366,4,19,unavailable,temporary_lock,1155,timeout
CHK000444,CUST00777,hotel_room,ROOM00479,3,16,unavailable,none,1203,failed
CHK000445,CUST00951,flight_seat,AINV00047,5,15,unavailable,lock_expired,1064,timeout
CHK000446,CUST00520,hotel_room,CAR00429,5,8,unavailable,lock_expired,137,passed
CHK000447,CUST00611,transport,AINV00405,3,18,insufficient,lock_expired,1192,timeout
CHK000448,CUST00727,activity_slot,CAR00428,4,4,available,lock_expired,92,timeout
CHK000449,CUST00043,activity_slot,FLT00167,6,8,unavailable,temporary_lock,957,timeout
CHK000450,CUST00155,hotel_room,ROOM00054,5,14,insufficient,none,667,timeout
CHK000451,CUST00235,activity_slot,FLT00073,4,0,insufficient,temporary_lock,159,timeout
CHK000452,CUST00220,activity_slot,CAR00142,3,16,available,none,1065,passed
CHK000453,CUST00719,transport,FLT00485,2,17,insufficient,none,828,passed
CHK000454,CUST00087,flight_seat,AINV00240,2,5,insufficient,none,394,passed
CHK000455,CUST00944,transport,CAR00021,4,10,unavailable,temporary_lock,489,failed
CHK000456,CUST00125,transport,ROOM00079,6,15,available,temporary_lock,1125,failed
CHK000457,CUST00481,hotel_room,ROOM00090,4,4,insufficient,temporary_lock,94,passed
CHK000458,CUST00915,transport,CAR00256,6,7,unavailable,temporary_lock,432,failed
CHK000459,CUST00827,activity_slot,CAR00396,2,4,insufficient,lock_expired,1068,timeout
CHK000460,CUST00339,activity_slot,ROOM00480,1,19,insufficient,lock_expired,1173,timeout
CHK000461,CUST00102,transport,CAR00175,6,19,insufficient,none,440,timeout
CHK000462,CUST00189,flight_seat,AINV00207,4,19,available,none,1337,passed
CHK000463,CUST00545,hotel_room,ROOM00202,5,18,insufficient,temporary_lock,55,timeout
CHK000464,CUST00868,transport,FLT00380,2,18,insufficient,temporary_lock,260,timeout
CHK000465,CUST00825,hotel_room,FLT00301,3,16,insufficient,temporary_lock,1112,failed
CHK000466,CUST00783,transport,FLT00032,3,20,available,none,1080,timeout
CHK000467,CUST00664,hotel_room,CAR00348,1,19,unavailable,lock_expired,1352,timeout
CHK000468,CUST00638,hotel_room,AINV00415,1,9,available,lock_expired,1307,failed
CHK000469,CUST00919,flight_seat,CAR00186,1,1,unavailable,none,1102,passed
CHK000470,CUST00148,flight_seat,AINV00120,3,17,insufficient,temporary_lock,291,passed
CHK000471,CUST00890,transport,CAR00217,3,15,unavailable,lock_expired,471,failed
CHK000472,CUST00989,hotel_room,AINV00313,5,4,unavailable,temporary_lock,700,timeout
CHK000473,CUST00525,flight_seat,AINV00495,2,19,insufficient,none,783,passed
CHK000474,CUST00287,flight_seat,ROOM00005,5,11,unavailable,temporary_lock,918,failed
CHK000475,CUST00634,transport,FLT00373,3,9,unavailable,lock_expired,574,passed
CHK000476,CUST00518,flight_seat,ROOM00221,3,11,available,temporary_lock,930,passed
CHK000477,CUST00905,hotel_room,ROOM00289,3,16,available,lock_expired,927,failed
CHK000478,CUST00204,activity_slot,AINV00249,6,16,available,lock_expired,1051,passed
CHK000479,CUST00193,transport,CAR00210,6,17,unavailable,temporary_lock,294,passed
CHK000480,CUST00708,hotel_room,ROOM00235,6,2,insufficient,temporary_lock,591,timeout
CHK000481,CUST00942,activity_slot,ROOM00376,6,6,insufficient,none,879,timeout
CHK000482,CUST00714,transport,FLT00151,3,8,available,temporary_lock,1192,failed
CHK000483,CUST00033,flight_seat,ROOM00388,3,13,insufficient,temporary_lock,1056,passed
CHK000484,CUST00378,transport,ROOM00452,5,14,insufficient,temporary_lock,328,passed
CHK000485,CUST00889,transport,AINV00143,4,18,unavailable,lock_expired,724,timeout
CHK000486,CUST00620,hotel_room,CAR00321,4,19,insufficient,lock_expired,701,timeout
CHK000487,CUST00710,hotel_room,CAR00371,2,17,available,none,903,failed
CHK000488,CUST00309,flight_seat,CAR00092,3,17,available,temporary_lock,514,passed
CHK000489,CUST00278,transport,AINV00298,3,16,unavailable,temporary_lock,975,passed
CHK000490,CUST00516,hotel_room,AINV00297,5,18,available,none,1189,passed
CHK000491,CUST00907,activity_slot,ROOM00265,2,8,insufficient,none,208,passed
CHK000492,CUST00795,transport,FLT00305,3,17,available,temporary_lock,1269,timeout
CHK000493,CUST00333,hotel_room,CAR00368,1,3,insufficient,lock_expired,1110,timeout
CHK000494,CUST00513,activity_slot,CAR00195,2,3,insufficient,temporary_lock,649,failed
CHK000495,CUST00496,activity_slot,FLT00405,4,0,available,none,154,failed
CHK000496,CUST00618,transport,FLT00295,1,17,insufficient,lock_expired,1261,timeout
CHK000497,CUST00918,activity_slot,FLT00148,3,16,available,none,193,passed
CHK000498,CUST00822,hotel_room,AINV00115,6,7,available,none,1052,timeout
CHK000499,CUST00643,hotel_room,ROOM00499,6,18,available,temporary_lock,1190,passed
CHK000500,CUST00054,flight_seat,ROOM00315,2,19,unavailable,temporary_lock,1218,passed
CHK000501,CUST00022,hotel_room,CAR00162,3,17,insufficient,lock_expired,1465,passed
CHK000502,CUST00879,flight_seat,ROOM00450,2,11,available,none,620,timeout
CHK000503,CUST00721,transport,ROOM00310,3,13,insufficient,temporary_lock,503,passed
CHK000504,CUST00819,flight_seat,FLT00298,5,0,insufficient,temporary_lock,202,timeout
CHK000505,CUST00177,transport,ROOM00174,3,4,available,lock_expired,1118,timeout
CHK000506,CUST00605,transport,FLT00220,2,6,available,temporary_lock,703,failed
CHK000507,CUST00903,transport,FLT00004,4,17,insufficient,lock_expired,219,failed
CHK000508,CUST00530,transport,FLT00457,3,8,available,lock_expired,489,failed
CHK000509,CUST00715,hotel_room,AINV00345,4,17,insufficient,none,1034,failed
CHK000510,CUST00543,activity_slot,FLT00489,5,10,insufficient,temporary_lock,473,failed
CHK000511,CUST00535,hotel_room,CAR00421,3,2,unavailable,none,1101,failed
CHK000512,CUST00692,activity_slot,CAR00359,4,2,unavailable,temporary_lock,1030,passed
CHK000513,CUST00906,activity_slot,CAR00323,6,4,insufficient,none,382,timeout
CHK000514,CUST00789,hotel_room,AINV00373,6,0,insufficient,none,935,timeout
CHK000515,CUST00377,transport,ROOM00040,3,9,available,none,724,timeout
CHK000516,CUST00028,transport,FLT00465,6,2,unavailable,none,373,passed
CHK000517,CUST00451,hotel_room,ROOM00263,5,14,insufficient,temporary_lock,763,timeout
CHK000518,CUST00948,hotel_room,FLT00103,1,18,available,none,37,passed
CHK000519,CUST00381,flight_seat,AINV00101,6,8,available,none,34,timeout
CHK000520,CUST00392,activity_slot,FLT00259,6,8,available,lock_expired,681,timeout
CHK000521,CUST00860,activity_slot,FLT00428,5,6,unavailable,lock_expired,1117,passed
CHK000522,CUST00389,transport,AINV00438,1,7,available,lock_expired,410,failed
CHK000523,CUST00457,hotel_room,FLT00498,6,3,available,none,150,timeout
CHK000524,CUST00906,activity_slot,ROOM00487,2,16,unavailable,none,1003,failed
CHK000525,CUST00521,flight_seat,AINV00288,1,6,unavailable,none,100,failed
CHK000526,CUST00785,flight_seat,CAR00439,3,2,unavailable,none,562,timeout
CHK000527,CUST00997,flight_seat,FLT00366,5,18,available,lock_expired,827,timeout
CHK000528,CUST00474,hotel_room,ROOM00324,4,14,available,none,1290,failed
CHK000529,CUST00281,transport,AINV00106,1,10,available,temporary_lock,1156,passed
CHK000530,CUST00733,flight_seat,ROOM00339,3,9,unavailable,none,436,passed
CHK000531,CUST00698,hotel_room,AINV00411,5,7,insufficient,lock_expired,79,failed
CHK000532,CUST00860,activity_slot,ROOM00016,1,11,insufficient,temporary_lock,67,passed
CHK000533,CUST00659,hotel_room,CAR00025,5,6,insufficient,temporary_lock,822,passed
CHK000534,CUST00432,activity_slot,ROOM00242,1,20,available,none,1281,failed
CHK000535,CUST00640,transport,AINV00367,5,11,available,lock_expired,59,failed
CHK000536,CUST00309,hotel_room,AINV00433,2,9,available,lock_expired,1044,failed
CHK000537,CUST00479,flight_seat,FLT00003,2,12,insufficient,none,830,failed
CHK000538,CUST00659,transport,FLT00411,4,3,available,temporary_lock,878,failed
CHK000539,CUST00439,transport,ROOM00263,5,13,insufficient,none,885,timeout
CHK000540,CUST00329,hotel_room,FLT00040,5,0,available,none,30,passed
CHK000541,CUST00535,activity_slot,ROOM00333,3,19,unavailable,none,103,failed
CHK000542,CUST00517,activity_slot,AINV00237,6,0,unavailable,lock_expired,381,failed
CHK000543,CUST00313,transport,ROOM00420,1,19,available,none,451,failed
CHK000544,CUST00902,flight_seat,AINV00205,2,10,insufficient,none,295,passed
CHK000545,CUST00165,flight_seat,AINV00094,4,11,insufficient,lock_expired,149,passed
CHK000546,CUST00467,activity_slot,FLT00237,6,3,unavailable,none,202,failed
CHK000547,CUST00962,hotel_room,FLT00042,2,0,insufficient,temporary_lock,848,passed
CHK000548,CUST00974,flight_seat,AINV00371,4,16,available,lock_expired,820,failed
CHK000549,CUST00704,activity_slot,ROOM00297,6,12,unavailable,temporary_lock,1007,failed
CHK000550,CUST00081,transport,FLT00274,2,9,insufficient,temporary_lock,531,passed
CHK000551,CUST00772,activity_slot,AINV00411,1,9,available,none,784,passed
CHK000552,CUST00384,activity_slot,CAR00232,5,7,available,none,306,failed
CHK000553,CUST00377,flight_seat,CAR00147,2,15,available,temporary_lock,632,timeout
CHK000554,CUST00477,hotel_room,ROOM00275,3,8,unavailable,lock_expired,183,failed
CHK000555,CUST00435,activity_slot,CAR00084,6,5,available,lock_expired,996,timeout
CHK000556,CUST00200,hotel_room,CAR00466,6,16,unavailable,lock_expired,372,timeout
CHK000557,CUST00470,flight_seat,AINV00073,4,2,unavailable,temporary_lock,138,failed
CHK000558,CUST00728,transport,CAR00207,6,18,insufficient,temporary_lock,1121,timeout
CHK000559,CUST00022,hotel_room,AINV00022,2,17,unavailable,lock_expired,744,passed
CHK000560,CUST00096,hotel_room,ROOM00215,2,11,unavailable,temporary_lock,1348,timeout
CHK000561,CUST00596,activity_slot,AINV00308,4,18,unavailable,none,666,failed
CHK000562,CUST00837,activity_slot,AINV00041,3,1,available,temporary_lock,302,timeout
CHK000563,CUST00193,activity_slot,AINV00188,4,1,available,none,337,passed
CHK000564,CUST00969,transport,ROOM00391,3,12,unavailable,lock_expired,26,failed
CHK000565,CUST00950,activity_slot,CAR00111,4,0,insufficient,none,1143,passed
CHK000566,CUST00840,flight_seat,CAR00015,2,7,insufficient,none,178,timeout
CHK000567,CUST00119,hotel_room,FLT00087,3,4,unavailable,none,1084,passed
CHK000568,CUST00766,transport,AINV00341,6,13,insufficient,none,1061,failed
CHK000569,CUST00397,transport,ROOM00070,5,10,insufficient,temporary_lock,276,timeout
CHK000570,CUST00144,transport,CAR00339,4,8,available,none,264,passed
CHK000571,CUST00122,transport,CAR00155,2,0,insufficient,none,1035,failed
CHK000572,CUST00187,hotel_room,AINV00047,4,7,insufficient,none,992,passed
CHK000573,CUST00999,activity_slot,FLT00461,3,18,available,temporary_lock,968,timeout
CHK000574,CUST00791,flight_seat,ROOM00203,3,1,available,temporary_lock,1492,passed
CHK000575,CUST00280,hotel_room,ROOM00384,3,16,insufficient,none,280,passed
CHK000576,CUST00975,flight_seat,ROOM00252,5,20,insufficient,none,550,failed
CHK000577,CUST00978,activity_slot,FLT00057,3,11,available,lock_expired,1226,passed
CHK000578,CUST00735,hotel_room,ROOM00149,2,16,unavailable,lock_expired,355,passed
CHK000579,CUST00892,activity_slot,CAR00304,6,18,unavailable,temporary_lock,619,timeout
CHK000580,CUST00262,hotel_room,CAR00099,2,19,unavailable,temporary_lock,841,timeout
CHK000581,CUST00744,hotel_room,CAR00106,2,18,unavailable,none,88,passed
CHK000582,CUST00846,flight_seat,ROOM00241,1,15,available,temporary_lock,131,failed
CHK000583,CUST00866,hotel_room,FLT00262,6,18,available,none,738,passed
CHK000584,CUST00456,activity_slot,AINV00450,5,4,available,temporary_lock,477,failed
CHK000585,CUST00538,hotel_room,AINV00419,3,7,available,lock_expired,373,failed
CHK000586,CUST00346,transport,FLT00275,1,14,insufficient,none,1185,passed
CHK000587,CUST00187,flight_seat,AINV00273,6,12,available,lock_expired,402,passed
CHK000588,CUST00995,activity_slot,FLT00450,4,9,available,none,1383,failed
CHK000589,CUST00178,activity_slot,AINV00410,1,11,unavailable,none,1112,failed
CHK000590,CUST00221,activity_slot,AINV00011,1,8,insufficient,none,348,passed
CHK000591,CUST00798,transport,CAR00344,4,13,available,lock_expired,365,timeout
CHK000592,CUST00200,flight_seat,CAR00085,2,16,unavailable,lock_expired,1100,failed
CHK000593,CUST00651,activity_slot,FLT00107,4,13,insufficient,none,1103,passed
CHK000594,CUST00948,transport,AINV00132,6,15,unavailable,temporary_lock,324,timeout
CHK000595,CUST00021,hotel_room,AINV00012,1,19,unavailable,none,461,failed
CHK000596,CUST00344,hotel_room,AINV00079,4,17,insufficient,temporary_lock,91,timeout
CHK000597,CUST00922,transport,ROOM00042,5,19,available,lock_expired,784,passed
CHK000598,CUST00590,hotel_room,FLT00258,6,17,unavailable,none,1245,passed
CHK000599,CUST00724,flight_seat,AINV00231,2,14,insufficient,lock_expired,672,failed
CHK000600,CUST00575,transport,ROOM00075,1,9,insufficient,none,286,passed
CHK000601,CUST00195,hotel_room,CAR00348,2,12,unavailable,lock_expired,1496,failed
CHK000602,CUST00149,transport,CAR00261,4,20,available,none,720,timeout
CHK000603,CUST00301,hotel_room,AINV00061,1,10,unavailable,lock_expired,140,passed
CHK000604,CUST00987,hotel_room,CAR00262,2,11,unavailable,temporary_lock,382,passed
CHK000605,CUST00879,hotel_room,FLT00344,4,4,insufficient,lock_expired,909,failed
CHK000606,CUST00118,transport,AINV00230,6,1,unavailable,temporary_lock,412,failed
CHK000607,CUST00661,transport,CAR00491,2,9,unavailable,none,266,timeout
CHK000608,CUST00651,transport,ROOM00331,6,9,unavailable,lock_expired,260,passed
CHK000609,CUST00553,hotel_room,CAR00349,2,5,available,none,118,passed
CHK000610,CUST00957,activity_slot,AINV00258,4,9,available,lock_expired,1142,failed
CHK000611,CUST00556,flight_seat,CAR00344,4,0,unavailable,temporary_lock,599,timeout
CHK000612,CUST00423,flight_seat,CAR00265,2,10,insufficient,lock_expired,1418,timeout
CHK000613,CUST00476,hotel_room,FLT00334,5,3,insufficient,lock_expired,803,failed
CHK000614,CUST00436,transport,CAR00157,3,11,available,none,94,timeout
CHK000615,CUST00459,activity_slot,FLT00159,1,9,insufficient,lock_expired,656,timeout
CHK000616,CUST00954,activity_slot,FLT00445,5,1,available,none,351,timeout
CHK000617,CUST00203,transport,FLT00240,2,20,insufficient,none,1228,timeout
CHK000618,CUST00707,flight_seat,ROOM00418,5,4,unavailable,lock_expired,437,passed
CHK000619,CUST00004,flight_seat,FLT00476,6,18,available,none,887,failed
CHK000620,CUST00248,flight_seat,AINV00111,6,1,insufficient,none,555,failed
CHK000621,CUST00373,activity_slot,CAR00478,4,10,available,lock_expired,703,failed
CHK000622,CUST00706,activity_slot,CAR00246,6,9,available,temporary_lock,152,passed
CHK000623,CUST00009,activity_slot,CAR00422,5,19,insufficient,temporary_lock,1292,timeout
CHK000624,CUST00999,hotel_room,ROOM00426,6,6,available,lock_expired,828,passed
CHK000625,CUST00228,transport,ROOM00040,3,8,insufficient,none,924,timeout
CHK000626,CUST00409,transport,CAR00273,6,12,unavailable,temporary_lock,939,timeout
CHK000627,CUST00994,flight_seat,CAR00153,5,1,insufficient,temporary_lock,1036,passed
CHK000628,CUST00496,hotel_room,FLT00499,6,10,unavailable,none,187,timeout
CHK000629,CUST00244,flight_seat,FLT00069,6,10,available,none,1069,timeout
CHK000630,CUST00282,transport,CAR00056,2,2,insufficient,none,1066,timeout
CHK000631,CUST00228,flight_seat,AINV00110,5,20,available,lock_expired,536,failed
CHK000632,CUST00642,transport,FLT00283,2,0,available,none,272,timeout
CHK000633,CUST00026,flight_seat,ROOM00186,2,10,unavailable,lock_expired,560,failed
CHK000634,CUST00919,hotel_room,AINV00305,1,14,unavailable,lock_expired,395,failed
CHK000635,CUST00019,hotel_room,CAR00487,3,13,available,temporary_lock,1455,timeout
CHK000636,CUST00045,hotel_room,ROOM00030,3,2,insufficient,temporary_lock,569,timeout
CHK000637,CUST00688,flight_seat,AINV00197,1,4,available,none,258,passed
CHK000638,CUST00421,activity_slot,ROOM00307,1,9,available,none,1261,timeout
CHK000639,CUST00936,flight_seat,FLT00162,4,2,insufficient,lock_expired,59,timeout
CHK000640,CUST00190,transport,ROOM00487,3,9,available,lock_expired,1033,failed
CHK000641,CUST00144,hotel_room,FLT00340,6,4,unavailable,lock_expired,282,failed
CHK000642,CUST00327,transport,FLT00140,5,2,available,none,1179,timeout
CHK000643,CUST00775,transport,FLT00151,5,19,unavailable,none,1133,timeout
CHK000644,CUST00048,flight_seat,ROOM00372,3,9,unavailable,temporary_lock,598,passed
CHK000645,CUST00550,transport,CAR00422,5,13,insufficient,lock_expired,115,failed
CHK000646,CUST00895,hotel_room,AINV00306,3,13,available,none,365,failed
CHK000647,CUST00281,transport,FLT00119,1,6,insufficient,lock_expired,156,timeout
CHK000648,CUST00877,hotel_room,ROOM00105,6,9,insufficient,none,1101,failed
CHK000649,CUST00379,transport,AINV00129,2,7,available,none,758,timeout
CHK000650,CUST00902,hotel_room,FLT00307,6,6,available,temporary_lock,1158,passed
CHK000651,CUST00282,transport,FLT00490,2,4,insufficient,none,1222,failed
CHK000652,CUST00616,transport,FLT00272,1,17,insufficient,lock_expired,893,failed
CHK000653,CUST00184,activity_slot,FLT00332,1,3,unavailable,none,98,passed
CHK000654,CUST00406,activity_slot,ROOM00351,2,10,available,lock_expired,329,passed
CHK000655,CUST00682,activity_slot,ROOM00302,5,13,insufficient,temporary_lock,402,passed
CHK000656,CUST00327,flight_seat,AINV00413,5,5,unavailable,none,1407,timeout
CHK000657,CUST00444,transport,ROOM00498,6,16,unavailable,none,367,timeout
CHK000658,CUST00492,flight_seat,AINV00103,5,11,unavailable,temporary_lock,1267,failed
CHK000659,CUST00341,hotel_room,FLT00320,6,20,available,temporary_lock,700,failed
CHK000660,CUST00369,flight_seat,FLT00028,6,20,insufficient,lock_expired,1049,failed
CHK000661,CUST00235,hotel_room,AINV00059,1,8,unavailable,none,25,timeout
CHK000662,CUST00809,activity_slot,FLT00122,6,5,insufficient,none,406,timeout
CHK000663,CUST00662,transport,CAR00057,6,1,available,temporary_lock,597,timeout
CHK000664,CUST00258,flight_seat,FLT00486,4,7,insufficient,temporary_lock,724,timeout
CHK000665,CUST00554,hotel_room,FLT00427,1,13,available,lock_expired,1208,failed
CHK000666,CUST00231,transport,FLT00417,1,15,available,none,639,passed
CHK000667,CUST00443,transport,CAR00286,3,11,unavailable,temporary_lock,1302,timeout
CHK000668,CUST00702,activity_slot,CAR00284,4,9,available,none,1315,timeout
CHK000669,CUST00755,flight_seat,ROOM00164,1,15,unavailable,temporary_lock,641,passed
CHK000670,CUST00412,activity_slot,CAR00374,3,20,unavailable,temporary_lock,1119,timeout
CHK000671,CUST00923,activity_slot,CAR00048,5,12,unavailable,none,934,timeout
CHK000672,CUST00631,transport,FLT00344,1,5,unavailable,lock_expired,1174,failed
CHK000673,CUST00304,hotel_room,CAR00093,5,6,unavailable,none,789,failed
CHK000674,CUST00966,hotel_room,AINV00258,1,0,insufficient,none,1249,timeout
CHK000675,CUST00705,transport,AINV00484,1,0,insufficient,lock_expired,1483,passed
CHK000676,CUST00885,transport,CAR00237,2,15,available,lock_expired,91,timeout
CHK000677,CUST00310,activity_slot,AINV00287,4,6,unavailable,temporary_lock,1215,passed
CHK000678,CUST00127,hotel_room,FLT00319,1,19,unavailable,lock_expired,1332,timeout
CHK000679,CUST00358,flight_seat,ROOM00403,5,16,unavailable,none,1425,passed
CHK000680,CUST00951,hotel_room,ROOM00135,6,6,insufficient,none,1076,failed
CHK000681,CUST00188,activity_slot,CAR00165,1,8,unavailable,lock_expired,1118,timeout
CHK000682,CUST00839,flight_seat,FLT00424,3,19,available,lock_expired,773,timeout
CHK000683,CUST00951,transport,ROOM00460,6,20,available,lock_expired,181,timeout
CHK000684,CUST00810,transport,FLT00307,5,17,unavailable,temporary_lock,792,timeout
CHK000685,CUST00784,flight_seat,ROOM00188,2,1,available,none,608,passed
CHK000686,CUST00367,transport,AINV00317,5,8,available,none,455,timeout
CHK000687,CUST00408,flight_seat,ROOM00153,4,0,unavailable,temporary_lock,856,failed
CHK000688,CUST00433,hotel_room,FLT00413,6,8,unavailable,lock_expired,1284,timeout
CHK000689,CUST00964,hotel_room,ROOM00072,3,0,available,none,427,passed
CHK000690,CUST00591,hotel_room,AINV00141,3,1,available,lock_expired,429,timeout
CHK000691,CUST00521,flight_seat,FLT00252,3,16,insufficient,none,715,failed
CHK000692,CUST00986,transport,AINV00198,3,15,unavailable,temporary_lock,757,timeout
CHK000693,CUST00914,activity_slot,AINV00047,3,11,insufficient,none,582,passed
CHK000694,CUST00029,transport,CAR00247,3,5,available,lock_expired,1061,timeout
CHK000695,CUST00094,transport,AINV00080,6,10,insufficient,none,1481,passed
CHK000696,CUST00243,hotel_room,FLT00419,3,2,insufficient,lock_expired,895,failed
CHK000697,CUST00771,hotel_room,CAR00180,3,1,available,none,1469,passed
CHK000698,CUST00401,transport,FLT00047,4,17,insufficient,temporary_lock,294,passed
CHK000699,CUST00373,flight_seat,FLT00433,5,7,insufficient,none,720,passed
CHK000700,CUST00861,flight_seat,ROOM00142,6,19,unavailable,lock_expired,1162,timeout
CHK000701,CUST00887,transport,FLT00185,1,5,available,none,622,timeout
CHK000702,CUST00091,hotel_room,FLT00104,2,18,insufficient,none,1361,timeout
CHK000703,CUST00543,transport,FLT00023,4,19,unavailable,temporary_lock,933,passed
CHK000704,CUST00764,activity_slot,CAR00266,1,4,available,lock_expired,361,timeout
CHK000705,CUST00079,hotel_room,ROOM00097,1,4,insufficient,none,1133,passed
CHK000706,CUST00151,activity_slot,FLT00415,5,17,insufficient,none,611,passed
CHK000707,CUST00905,hotel_room,FLT00029,3,12,unavailable,lock_expired,274,passed
CHK000708,CUST00607,transport,FLT00478,4,16,unavailable,temporary_lock,1078,passed
CHK000709,CUST00261,transport,ROOM00450,6,13,available,none,544,timeout
CHK000710,CUST00132,activity_slot,FLT00335,3,15,available,temporary_lock,827,failed
CHK000711,CUST00217,transport,AINV00094,3,8,insufficient,none,274,passed
CHK000712,CUST00660,hotel_room,FLT00059,3,12,available,lock_expired,1211,timeout
CHK000713,CUST00679,activity_slot,FLT00241,2,5,unavailable,none,1274,passed
CHK000714,CUST00470,activity_slot,ROOM00478,6,12,available,lock_expired,808,failed
CHK000715,CUST00468,flight_seat,ROOM00265,6,10,insufficient,temporary_lock,1118,timeout
CHK000716,CUST00941,flight_seat,AINV00198,1,1,available,none,66,failed
CHK000717,CUST00218,activity_slot,FLT00174,5,16,available,lock_expired,1144,failed
CHK000718,CUST00439,activity_slot,FLT00141,6,19,unavailable,lock_expired,980,timeout
CHK000719,CUST00334,transport,ROOM00449,6,5,available,lock_expired,436,passed
CHK000720,CUST00109,transport,ROOM00003,5,12,available,temporary_lock,592,failed
CHK000721,CUST00751,transport,ROOM00337,1,7,insufficient,none,235,passed
CHK000722,CUST00270,hotel_room,ROOM00392,1,7,unavailable,lock_expired,1373,passed
CHK000723,CUST00206,transport,CAR00202,2,12,insufficient,none,986,failed
CHK000724,CUST00182,hotel_room,FLT00183,2,20,available,none,726,passed
CHK000725,CUST00017,flight_seat,CAR00030,1,0,available,temporary_lock,930,timeout
CHK000726,CUST00229,transport,CAR00416,3,3,insufficient,lock_expired,351,timeout
CHK000727,CUST00417,activity_slot,AINV00320,3,6,available,none,1425,timeout
CHK000728,CUST00487,transport,CAR00009,2,12,insufficient,lock_expired,1496,timeout
CHK000729,CUST00652,hotel_room,FLT00210,4,13,available,lock_expired,738,failed
CHK000730,CUST00444,transport,ROOM00431,1,16,available,lock_expired,914,timeout
CHK000731,CUST00011,transport,CAR00134,4,3,available,lock_expired,26,timeout
CHK000732,CUST00088,hotel_room,CAR00020,1,8,insufficient,lock_expired,569,failed
CHK000733,CUST00353,transport,AINV00445,1,14,unavailable,none,212,passed
CHK000734,CUST00048,activity_slot,FLT00080,2,16,insufficient,temporary_lock,1366,timeout
CHK000735,CUST00031,activity_slot,ROOM00058,4,14,unavailable,lock_expired,670,passed
CHK000736,CUST00412,activity_slot,AINV00494,2,7,unavailable,temporary_lock,1221,failed
CHK000737,CUST00981,activity_slot,CAR00303,1,2,insufficient,lock_expired,1262,passed
CHK000738,CUST00904,flight_seat,AINV00469,6,19,insufficient,temporary_lock,1256,failed
CHK000739,CUST00629,flight_seat,AINV00335,1,2,insufficient,lock_expired,986,timeout
CHK000740,CUST00657,hotel_room,AINV00474,5,14,unavailable,temporary_lock,341,failed
CHK000741,CUST00305,hotel_room,CAR00025,4,2,available,lock_expired,748,passed
CHK000742,CUST00345,transport,CAR00405,2,5,insufficient,none,783,failed
CHK000743,CUST00929,activity_slot,CAR00011,1,11,insufficient,lock_expired,1086,passed
CHK000744,CUST00038,flight_seat,CAR00138,1,13,unavailable,temporary_lock,1199,failed
CHK000745,CUST00622,activity_slot,CAR00339,5,1,insufficient,temporary_lock,399,passed
CHK000746,CUST00174,hotel_room,FLT00415,6,14,available,temporary_lock,476,passed
CHK000747,CUST00414,transport,AINV00113,6,7,unavailable,lock_expired,1374,failed
CHK000748,CUST00885,transport,ROOM00087,4,1,available,temporary_lock,1252,failed
CHK000749,CUST00291,hotel_room,AINV00150,4,12,available,none,1492,passed
CHK000750,CUST00836,activity_slot,AINV00064,4,7,insufficient,lock_expired,536,timeout
CHK000751,CUST00771,flight_seat,CAR00347,6,9,available,temporary_lock,1243,timeout
CHK000752,CUST00210,activity_slot,AINV00279,4,17,insufficient,none,493,passed
CHK000753,CUST00542,flight_seat,FLT00499,2,7,unavailable,temporary_lock,1312,timeout
CHK000754,CUST00055,transport,AINV00369,1,0,unavailable,lock_expired,1333,passed
CHK000755,CUST00543,flight_seat,AINV00032,6,20,insufficient,lock_expired,1360,passed
CHK000756,CUST00005,hotel_room,AINV00163,3,13,available,temporary_lock,1179,passed
CHK000757,CUST00668,hotel_room,AINV00340,3,5,insufficient,temporary_lock,342,timeout
CHK000758,CUST00936,flight_seat,CAR00418,2,7,available,temporary_lock,403,failed
CHK000759,CUST00990,hotel_room,CAR00096,4,7,available,lock_expired,1267,failed
CHK000760,CUST00149,activity_slot,ROOM00143,2,5,insufficient,none,164,failed
CHK000761,CUST00142,activity_slot,ROOM00086,2,5,available,lock_expired,123,failed
CHK000762,CUST00972,transport,ROOM00252,6,19,unavailable,lock_expired,617,timeout
CHK000763,CUST00316,transport,FLT00071,1,14,insufficient,lock_expired,979,passed
CHK000764,CUST00305,transport,ROOM00420,3,16,unavailable,none,764,timeout
CHK000765,CUST00897,hotel_room,AINV00347,2,0,unavailable,none,100,passed
CHK000766,CUST00793,transport,CAR00232,4,16,insufficient,temporary_lock,204,timeout
CHK000767,CUST00370,flight_seat,CAR00420,6,1,available,lock_expired,1416,failed
CHK000768,CUST00364,flight_seat,AINV00295,2,7,insufficient,lock_expired,728,timeout
CHK000769,CUST00765,activity_slot,ROOM00104,4,9,available,lock_expired,359,timeout
CHK000770,CUST00619,hotel_room,ROOM00078,4,8,available,none,148,timeout
CHK000771,CUST00481,transport,AINV00154,1,5,insufficient,lock_expired,214,passed
CHK000772,CUST00580,activity_slot,FLT00495,2,0,available,none,1275,timeout
CHK000773,CUST00205,activity_slot,FLT00271,6,6,insufficient,none,50,passed
CHK000774,CUST00659,hotel_room,CAR00363,4,8,unavailable,none,23,timeout
CHK000775,CUST00160,hotel_room,AINV00328,6,6,insufficient,lock_expired,459,timeout
CHK000776,CUST00053,flight_seat,AINV00191,5,7,unavailable,lock_expired,390,failed
CHK000777,CUST00073,transport,AINV00046,4,6,insufficient,temporary_lock,1333,passed
CHK000778,CUST00119,hotel_room,AINV00041,6,13,unavailable,none,673,failed
CHK000779,CUST00012,hotel_room,ROOM00484,1,7,insufficient,temporary_lock,1469,timeout
CHK000780,CUST00592,hotel_room,FLT00406,1,14,available,temporary_lock,147,timeout
CHK000781,CUST00205,activity_slot,ROOM00453,5,14,unavailable,temporary_lock,279,passed
CHK000782,CUST00690,flight_seat,AINV00458,6,19,available,lock_expired,1282,timeout
CHK000783,CUST00594,hotel_room,FLT00494,2,2,insufficient,none,918,timeout
CHK000784,CUST00702,transport,ROOM00443,4,20,unavailable,lock_expired,376,timeout
CHK000785,CUST00200,hotel_room,AINV00204,3,18,available,temporary_lock,1154,failed
CHK000786,CUST00337,activity_slot,ROOM00473,2,7,unavailable,lock_expired,721,failed
CHK000787,CUST00651,flight_seat,AINV00411,2,0,unavailable,none,529,timeout
CHK000788,CUST00798,hotel_room,AINV00126,5,5,insufficient,none,1222,passed
CHK000789,CUST00407,transport,AINV00272,4,16,available,lock_expired,225,failed
CHK000790,CUST00098,flight_seat,AINV00068,1,19,unavailable,none,977,passed
CHK000791,CUST00712,flight_seat,ROOM00095,1,0,available,lock_expired,425,passed
CHK000792,CUST00478,hotel_room,CAR00211,5,2,available,lock_expired,721,passed
CHK000793,CUST00442,flight_seat,AINV00367,4,4,available,temporary_lock,25,timeout
CHK000794,CUST00515,hotel_room,FLT00290,4,12,insufficient,lock_expired,1175,timeout
CHK000795,CUST00660,flight_seat,CAR00233,4,14,insufficient,temporary_lock,549,timeout
CHK000796,CUST00806,activity_slot,ROOM00060,1,13,available,lock_expired,552,failed
CHK000797,CUST00368,hotel_room,AINV00324,6,12,insufficient,lock_expired,31,passed
CHK000798,CUST00237,hotel_room,ROOM00233,1,3,insufficient,temporary_lock,1310,timeout
CHK000799,CUST00820,hotel_room,CAR00014,4,4,insufficient,none,100,passed
CHK000800,CUST00384,transport,FLT00403,4,5,unavailable,none,380,timeout
CHK000801,CUST00201,transport,CAR00309,6,16,available,temporary_lock,1179,timeout
CHK000802,CUST00554,flight_seat,FLT00368,1,19,available,lock_expired,534,failed
CHK000803,CUST00046,hotel_room,ROOM00075,5,19,available,lock_expired,416,timeout
CHK000804,CUST00203,transport,CAR00322,5,3,unavailable,none,749,passed
CHK000805,CUST00374,hotel_room,CAR00229,2,17,available,lock_expired,674,timeout
CHK000806,CUST00230,transport,ROOM00422,6,11,available,lock_expired,707,failed
CHK000807,CUST00769,transport,AINV00001,6,0,insufficient,temporary_lock,155,timeout
CHK000808,CUST00080,hotel_room,CAR00360,4,3,insufficient,lock_expired,491,passed
CHK000809,CUST00730,transport,AINV00463,2,17,insufficient,none,756,failed
CHK000810,CUST00160,transport,AINV00268,6,10,insufficient,none,432,timeout
CHK000811,CUST00478,activity_slot,ROOM00117,5,15,available,lock_expired,1489,timeout
CHK000812,CUST00524,activity_slot,ROOM00316,1,20,insufficient,lock_expired,1151,timeout
CHK000813,CUST00353,flight_seat,FLT00279,3,17,insufficient,temporary_lock,334,failed
CHK000814,CUST00168,activity_slot,AINV00327,2,19,unavailable,temporary_lock,915,failed
CHK000815,CUST00966,activity_slot,FLT00061,6,2,unavailable,none,762,failed
CHK000816,CUST00798,hotel_room,FLT00292,6,16,insufficient,temporary_lock,57,passed
CHK000817,CUST00192,flight_seat,FLT00027,2,10,insufficient,temporary_lock,835,failed
CHK000818,CUST00227,flight_seat,FLT00253,5,12,insufficient,lock_expired,186,passed
CHK000819,CUST00252,hotel_room,FLT00449,1,10,available,lock_expired,801,timeout
CHK000820,CUST00138,hotel_room,AINV00270,1,7,unavailable,temporary_lock,1414,passed
CHK000821,CUST00366,activity_slot,FLT00497,4,6,available,none,265,passed
CHK000822,CUST00614,flight_seat,AINV00342,3,5,insufficient,lock_expired,1056,timeout
CHK000823,CUST00429,transport,FLT00319,6,3,insufficient,temporary_lock,1010,passed
CHK000824,CUST00908,hotel_room,FLT00327,2,11,available,lock_expired,1441,timeout
CHK000825,CUST00876,transport,CAR00500,6,6,insufficient,none,449,timeout
CHK000826,CUST00883,transport,ROOM00222,4,4,insufficient,none,1350,passed
CHK000827,CUST00168,activity_slot,AINV00327,3,9,unavailable,lock_expired,823,timeout
CHK000828,CUST00543,hotel_room,CAR00373,1,7,insufficient,none,1027,failed
CHK000829,CUST00674,hotel_room,ROOM00285,5,5,insufficient,temporary_lock,981,timeout
CHK000830,CUST00468,activity_slot,FLT00128,3,1,unavailable,none,1356,passed
CHK000831,CUST00585,flight_seat,FLT00374,4,15,available,temporary_lock,917,timeout
CHK000832,CUST00807,activity_slot,ROOM00342,3,18,unavailable,lock_expired,1098,passed
CHK000833,CUST00873,hotel_room,ROOM00461,5,19,unavailable,temporary_lock,1009,timeout
CHK000834,CUST00974,hotel_room,CAR00333,2,17,insufficient,temporary_lock,465,passed
CHK000835,CUST00411,flight_seat,CAR00392,4,19,unavailable,none,367,passed
CHK000836,CUST00025,hotel_room,FLT00327,1,0,unavailable,lock_expired,551,failed
CHK000837,CUST00667,transport,ROOM00214,3,4,insufficient,temporary_lock,361,passed
CHK000838,CUST00281,hotel_room,FLT00090,4,13,unavailable,none,1399,failed
CHK000839,CUST00789,flight_seat,FLT00098,1,4,available,lock_expired,324,failed
CHK000840,CUST00042,hotel_room,AINV00193,6,5,unavailable,lock_expired,135,failed
CHK000841,CUST00044,transport,ROOM00083,5,4,unavailable,lock_expired,1101,timeout
CHK000842,CUST00825,hotel_room,AINV00130,2,1,available,none,277,passed
CHK000843,CUST00797,flight_seat,ROOM00383,6,10,available,lock_expired,788,passed
CHK000844,CUST00582,transport,FLT00266,4,15,unavailable,none,118,failed
CHK000845,CUST00149,hotel_room,CAR00173,6,12,insufficient,lock_expired,32,failed
CHK000846,CUST00146,flight_seat,AINV00498,3,12,available,temporary_lock,1434,failed
CHK000847,CUST00394,flight_seat,AINV00233,1,3,unavailable,lock_expired,1438,passed
CHK000848,CUST00540,transport,FLT00063,4,4,unavailable,lock_expired,340,failed
CHK000849,CUST00461,activity_slot,FLT00493,5,2,unavailable,lock_expired,1377,failed
CHK000850,CUST00126,flight_seat,ROOM00433,6,16,insufficient,temporary_lock,241,timeout
CHK000851,CUST00043,flight_seat,AINV00101,4,19,unavailable,none,1112,passed
CHK000852,CUST00097,flight_seat,ROOM00491,5,3,available,temporary_lock,363,passed
CHK000853,CUST00615,flight_seat,CAR00497,5,20,unavailable,temporary_lock,834,failed
CHK000854,CUST00373,transport,ROOM00098,3,13,available,lock_expired,206,failed
CHK000855,CUST00911,flight_seat,ROOM00075,2,18,unavailable,temporary_lock,42,failed
CHK000856,CUST00725,activity_slot,AINV00319,6,3,insufficient,lock_expired,91,timeout
CHK000857,CUST00711,transport,CAR00230,5,17,available,lock_expired,530,failed
CHK000858,CUST00568,hotel_room,FLT00343,5,10,insufficient,lock_expired,449,failed
CHK000859,CUST00750,hotel_room,ROOM00420,3,18,available,temporary_lock,835,failed
CHK000860,CUST00477,hotel_room,CAR00185,5,5,unavailable,temporary_lock,1379,failed
CHK000861,CUST00580,transport,ROOM00152,3,1,insufficient,none,491,failed
CHK000862,CUST00018,flight_seat,FLT00178,4,10,insufficient,lock_expired,386,passed
CHK000863,CUST00173,hotel_room,CAR00388,4,17,insufficient,temporary_lock,967,timeout
CHK000864,CUST00911,transport,ROOM00459,5,14,insufficient,none,177,timeout
CHK000865,CUST00038,hotel_room,CAR00463,5,2,unavailable,none,169,failed
CHK000866,CUST00356,activity_slot,AINV00442,1,13,insufficient,none,456,failed
CHK000867,CUST00838,flight_seat,ROOM00180,3,3,insufficient,none,650,timeout
CHK000868,CUST00011,hotel_room,AINV00222,3,1,insufficient,none,122,timeout
CHK000869,CUST00485,activity_slot,FLT00053,4,7,available,none,733,failed
CHK000870,CUST00507,activity_slot,FLT00064,3,12,unavailable,temporary_lock,700,timeout
CHK000871,CUST00397,transport,CAR00159,3,0,insufficient,none,155,timeout
CHK000872,CUST00102,flight_seat,ROOM00383,4,17,insufficient,lock_expired,713,passed
CHK000873,CUST00993,activity_slot,ROOM00090,1,16,unavailable,lock_expired,483,failed
CHK000874,CUST00835,flight_seat,CAR00332,3,20,available,none,752,failed
CHK000875,CUST00609,transport,FLT00152,3,15,insufficient,lock_expired,127,failed
CHK000876,CUST00358,transport,CAR00441,3,1,unavailable,lock_expired,82,passed
CHK000877,CUST00087,flight_seat,CAR00488,6,3,available,none,1402,timeout
CHK000878,CUST00306,activity_slot,CAR00297,2,18,available,none,1256,passed
CHK000879,CUST00411,flight_seat,FLT00108,5,2,insufficient,none,926,timeout
CHK000880,CUST00053,transport,AINV00401,5,1,unavailable,temporary_lock,764,passed
CHK000881,CUST00983,transport,ROOM00382,6,16,unavailable,none,30,passed
CHK000882,CUST00081,activity_slot,CAR00425,2,7,unavailable,temporary_lock,647,passed
CHK000883,CUST00886,activity_slot,AINV00459,5,10,available,none,600,timeout
CHK000884,CUST00017,hotel_room,CAR00482,1,8,available,none,459,failed
CHK000885,CUST00403,activity_slot,FLT00297,6,19,insufficient,none,1413,timeout
CHK000886,CUST00501,hotel_room,AINV00394,3,13,unavailable,temporary_lock,1410,timeout
CHK000887,CUST00047,activity_slot,ROOM00453,5,16,unavailable,none,1344,failed
CHK000888,CUST00111,flight_seat,CAR00155,3,3,unavailable,lock_expired,816,timeout
CHK000889,CUST00522,activity_slot,FLT00100,6,11,available,none,125,timeout
CHK000890,CUST00642,transport,AINV00033,1,1,insufficient,lock_expired,874,failed
CHK000891,CUST00308,flight_seat,CAR00396,5,5,available,temporary_lock,1317,failed
CHK000892,CUST00950,flight_seat,FLT00420,5,13,available,none,1378,passed
CHK000893,CUST00478,activity_slot,CAR00499,3,11,insufficient,lock_expired,1187,failed
CHK000894,CUST00256,hotel_room,AINV00207,3,13,unavailable,temporary_lock,316,timeout
CHK000895,CUST00534,transport,FLT00147,3,5,insufficient,temporary_lock,1432,failed
CHK000896,CUST00144,flight_seat,CAR00180,4,10,available,none,1090,timeout
CHK000897,CUST00992,hotel_room,ROOM00322,3,19,insufficient,lock_expired,80,passed
CHK000898,CUST00778,flight_seat,FLT00086,3,6,unavailable,lock_expired,1378,timeout
CHK000899,CUST00163,activity_slot,FLT00053,3,4,available,temporary_lock,904,passed
CHK000900,CUST00281,flight_seat,CAR00354,5,5,insufficient,lock_expired,45,failed
CHK000901,CUST00681,activity_slot,CAR00331,1,13,insufficient,temporary_lock,1134,failed
CHK000902,CUST00117,flight_seat,ROOM00392,5,3,unavailable,temporary_lock,575,timeout
CHK000903,CUST00234,hotel_room,FLT00409,2,13,insufficient,lock_expired,1406,failed
CHK000904,CUST00303,hotel_room,ROOM00417,3,16,unavailable,lock_expired,411,failed
CHK000905,CUST00721,transport,CAR00009,1,10,unavailable,lock_expired,430,failed
CHK000906,CUST00222,flight_seat,ROOM00203,1,13,insufficient,temporary_lock,1138,failed
CHK000907,CUST00436,hotel_room,FLT00422,5,1,insufficient,none,1348,passed
CHK000908,CUST00613,flight_seat,AINV00408,3,13,unavailable,temporary_lock,1045,failed
CHK000909,CUST00315,flight_seat,AINV00178,6,15,insufficient,temporary_lock,497,timeout
CHK000910,CUST00086,transport,CAR00144,3,8,unavailable,none,1274,passed
CHK000911,CUST00796,flight_seat,ROOM00269,2,19,insufficient,temporary_lock,915,passed
CHK000912,CUST00717,flight_seat,FLT00318,4,17,insufficient,temporary_lock,1091,passed
CHK000913,CUST00816,flight_seat,FLT00098,4,6,unavailable,none,1306,passed
CHK000914,CUST00957,transport,FLT00030,1,0,available,temporary_lock,859,failed
CHK000915,CUST00302,activity_slot,FLT00139,3,13,unavailable,temporary_lock,1356,failed
CHK000916,CUST00398,flight_seat,AINV00226,6,0,unavailable,none,754,passed
CHK000917,CUST00903,activity_slot,FLT00008,4,11,unavailable,lock_expired,838,passed
CHK000918,CUST00260,transport,AINV00361,1,0,available,none,1159,timeout
CHK000919,CUST00480,flight_seat,FLT00460,2,9,available,none,182,timeout
CHK000920,CUST00021,activity_slot,AINV00024,2,18,insufficient,lock_expired,232,failed
CHK000921,CUST00750,hotel_room,FLT00231,2,16,unavailable,lock_expired,400,passed
CHK000922,CUST00033,flight_seat,ROOM00158,5,6,insufficient,none,1354,passed
CHK000923,CUST00898,transport,CAR00089,4,8,available,lock_expired,1421,timeout
CHK000924,CUST00044,activity_slot,ROOM00015,1,16,insufficient,lock_expired,1279,failed
CHK000925,CUST00988,hotel_room,AINV00410,5,15,insufficient,lock_expired,350,failed
CHK000926,CUST00727,activity_slot,CAR00049,6,13,insufficient,none,136,timeout
CHK000927,CUST00179,hotel_room,ROOM00154,6,18,insufficient,lock_expired,1015,failed
CHK000928,CUST00535,activity_slot,AINV00103,6,13,available,temporary_lock,914,timeout
CHK000929,CUST00755,flight_seat,FLT00304,6,20,insufficient,none,636,passed
CHK000930,CUST00970,flight_seat,ROOM00425,1,5,insufficient,lock_expired,955,timeout
CHK000931,CUST00870,activity_slot,CAR00350,2,3,insufficient,temporary_lock,1206,timeout
CHK000932,CUST00032,transport,ROOM00276,4,7,unavailable,lock_expired,523,passed
CHK000933,CUST00611,flight_seat,ROOM00387,6,8,insufficient,none,1110,passed
CHK000934,CUST00006,flight_seat,AINV00089,3,2,available,none,1030,passed
CHK000935,CUST00446,hotel_room,FLT00048,3,11,insufficient,lock_expired,818,timeout
CHK000936,CUST00371,hotel_room,AINV00009,1,4,insufficient,lock_expired,119,passed
CHK000937,CUST00026,flight_seat,FLT00021,3,10,unavailable,lock_expired,367,timeout
CHK000938,CUST00428,hotel_room,AINV00173,2,6,insufficient,lock_expired,761,timeout
CHK000939,CUST00388,activity_slot,ROOM00256,5,7,insufficient,none,740,passed
CHK000940,CUST00032,hotel_room,FLT00198,5,12,unavailable,temporary_lock,466,failed
CHK000941,CUST00986,transport,FLT00443,1,14,available,none,1303,failed
CHK000942,CUST00462,hotel_room,FLT00381,5,1,available,temporary_lock,1003,timeout
CHK000943,CUST00081,flight_seat,CAR00053,1,17,available,lock_expired,1397,failed
CHK000944,CUST00671,hotel_room,FLT00184,4,2,unavailable,lock_expired,736,timeout
CHK000945,CUST00494,activity_slot,CAR00402,6,7,insufficient,lock_expired,309,failed
CHK000946,CUST00620,flight_seat,CAR00204,2,12,unavailable,none,1351,timeout
CHK000947,CUST00814,activity_slot,FLT00205,2,7,insufficient,lock_expired,1159,failed
CHK000948,CUST00851,flight_seat,CAR00016,2,4,insufficient,temporary_lock,909,passed
CHK000949,CUST00689,flight_seat,ROOM00298,5,5,available,none,438,failed
CHK000950,CUST00953,hotel_room,CAR00474,3,1,unavailable,lock_expired,1226,passed
CHK000951,CUST00172,transport,FLT00251,6,10,insufficient,temporary_lock,1026,passed
CHK000952,CUST00102,hotel_room,ROOM00159,4,16,available,none,166,passed
CHK000953,CUST00632,activity_slot,AINV00138,6,0,available,none,948,timeout
CHK000954,CUST00834,hotel_room,CAR00298,6,15,available,lock_expired,321,passed
CHK000955,CUST00540,transport,AINV00219,3,1,unavailable,temporary_lock,404,timeout
CHK000956,CUST00201,hotel_room,ROOM00157,5,17,unavailable,none,404,timeout
CHK000957,CUST00226,hotel_room,FLT00300,2,5,available,temporary_lock,942,timeout
CHK000958,CUST00390,flight_seat,CAR00448,1,14,unavailable,lock_expired,807,passed
CHK000959,CUST00331,transport,AINV00490,3,0,insufficient,lock_expired,1405,passed
CHK000960,CUST00448,activity_slot,FLT00291,3,10,insufficient,none,1300,failed
CHK000961,CUST00239,transport,FLT00314,3,15,insufficient,lock_expired,773,failed
CHK000962,CUST00776,flight_seat,FLT00129,2,14,available,none,502,failed
CHK000963,CUST00857,transport,AINV00195,4,9,unavailable,lock_expired,748,failed
CHK000964,CUST00637,activity_slot,CAR00325,6,10,insufficient,temporary_lock,1100,failed
CHK000965,CUST00988,flight_seat,ROOM00292,3,20,unavailable,none,986,passed
CHK000966,CUST00822,activity_slot,ROOM00481,1,19,unavailable,lock_expired,1266,timeout
CHK000967,CUST00931,transport,AINV00206,6,10,available,temporary_lock,177,timeout
CHK000968,CUST00850,transport,ROOM00034,1,9,available,none,647,failed
CHK000969,CUST00734,flight_seat,ROOM00098,3,2,insufficient,lock_expired,1287,failed
CHK000970,CUST00491,hotel_room,AINV00286,5,5,available,lock_expired,223,failed
CHK000971,CUST00292,transport,FLT00377,6,16,unavailable,none,308,timeout
CHK000972,CUST00104,activity_slot,ROOM00043,1,10,unavailable,none,1038,passed
CHK000973,CUST00118,activity_slot,FLT00320,3,5,insufficient,none,926,failed
CHK000974,CUST00210,activity_slot,AINV00275,1,7,unavailable,none,1373,timeout
CHK000975,CUST00989,hotel_room,AINV00479,2,7,available,lock_expired,1299,timeout
CHK000976,CUST00771,hotel_room,FLT00288,1,7,available,lock_expired,1371,passed
CHK000977,CUST00699,activity_slot,FLT00389,6,14,unavailable,lock_expired,381,failed
CHK000978,CUST00261,transport,CAR00247,4,0,insufficient,none,856,passed
CHK000979,CUST00330,transport,FLT00337,6,18,insufficient,lock_expired,452,passed
CHK000980,CUST00936,hotel_room,CAR00102,3,12,insufficient,temporary_lock,336,timeout
CHK000981,CUST00871,flight_seat,AINV00174,1,19,available,lock_expired,701,timeout
CHK000982,CUST00444,transport,FLT00015,3,18,unavailable,temporary_lock,1218,failed
CHK000983,CUST00457,flight_seat,ROOM00300,4,17,insufficient,lock_expired,924,passed
CHK000984,CUST00809,flight_seat,CAR00221,2,8,available,lock_expired,1007,failed
CHK000985,CUST00704,hotel_room,ROOM00191,3,1,insufficient,lock_expired,1164,passed
CHK000986,CUST00929,flight_seat,ROOM00497,3,9,available,lock_expired,1118,failed
CHK000987,CUST00897,hotel_room,FLT00355,1,2,available,none,904,failed
CHK000988,CUST00831,activity_slot,AINV00099,5,19,unavailable,lock_expired,1032,timeout
CHK000989,CUST00285,hotel_room,CAR00130,3,11,available,temporary_lock,619,failed
CHK000990,CUST00060,transport,ROOM00103,2,19,available,none,1305,passed
CHK000991,CUST00279,activity_slot,CAR00417,5,13,insufficient,lock_expired,410,timeout
CHK000992,CUST00083,flight_seat,AINV00403,4,0,available,temporary_lock,703,passed
CHK000993,CUST00174,activity_slot,CAR00378,6,2,insufficient,temporary_lock,1109,failed
CHK000994,CUST00930,flight_seat,CAR00445,4,2,unavailable,lock_expired,1283,passed
CHK000995,CUST00091,transport,AINV00349,2,17,available,none,765,passed
CHK000996,CUST00511,transport,CAR00485,6,2,unavailable,lock_expired,1157,passed
CHK000997,CUST00379,transport,CAR00077,6,16,available,none,201,failed
CHK000998,CUST00270,flight_seat,CAR00003,6,6,insufficient,temporary_lock,1437,passed
CHK000999,CUST00967,activity_slot,AINV00128,4,17,unavailable,none,419,passed
CHK001000,CUST00251,transport,FLT00067,6,17,available,temporary_lock,1009,passed
