room_inventory_id,hotel_id,room_type,check_in,check_out,total_rooms,available_rooms,price_per_night,currency,status
ROOM00001,HOT00041,Executive Room,2026-10-20,2026-10-24,80,27,8688,INR,sold_out
ROOM00002,HOT00551,Standard,2027-02-10,2027-02-12,8,2,11688,INR,sold_out
ROOM00003,HOT00032,Deluxe,2026-10-14,2026-10-21,75,29,10877,INR,sold_out
ROOM00004,HOT00096,Family Room,2026-12-24,2026-12-30,66,11,6315,INR,limited
ROOM00005,HOT00077,Family Room,2027-01-28,2027-02-04,74,19,4784,INR,limited
ROOM00006,HOT00519,Family Room,2026-11-27,2026-11-30,40,4,4695,INR,sold_out
ROOM00007,HOT00344,Family Room,2026-12-30,2026-12-31,56,5,13778,INR,limited
ROOM00008,HOT00209,Standard,2026-12-31,2027-01-07,79,7,21197,INR,sold_out
ROOM00009,HOT00322,Standard,2027-03-30,2027-04-05,41,25,4994,INR,limited
ROOM00010,HOT00375,Executive Room,2027-02-21,2027-02-23,77,20,20280,INR,available
ROOM00011,HOT00068,Family Room,2027-02-16,2027-02-18,17,23,12249,INR,available
ROOM00012,HOT00190,Suite,2027-02-24,2027-02-25,56,18,22862,INR,available
ROOM00013,HOT00036,Deluxe,2027-02-10,2027-02-16,35,11,4011,INR,available
ROOM00014,HOT00183,Deluxe,2027-01-09,2027-01-13,53,17,10366,INR,sold_out
ROOM00015,HOT00387,Deluxe,2027-03-19,2027-03-23,54,21,11411,INR,limited
ROOM00016,HOT00042,Standard,2026-11-03,2026-11-07,11,6,5165,INR,limited
ROOM00017,HOT00523,Suite,2026-12-21,2026-12-24,12,12,9304,INR,limited
ROOM00018,HOT00314,Suite,2027-01-08,2027-01-12,76,1,9105,INR,available
ROOM00019,HOT00401,Suite,2027-03-07,2027-03-10,12,19,18405,INR,limited
ROOM00020,HOT00340,Suite,2026-10-16,2026-10-22,60,17,1646,INR,available
ROOM00021,HOT00212,Standard,2026-11-07,2026-11-13,52,29,10881,INR,available
ROOM00022,HOT00019,Executive Room,2027-03-22,2027-03-23,55,2,21125,INR,available
ROOM00023,HOT00377,Standard,2027-02-17,2027-02-18,57,20,6024,INR,available
ROOM00024,HOT00160,Family Room,2026-10-15,2026-10-18,37,12,21721,INR,available
ROOM00025,HOT00188,Suite,2026-12-13,2026-12-14,34,9,10878,INR,limited
ROOM00026,HOT00086,Family Room,2026-12-31,2027-01-05,65,17,10079,INR,sold_out
ROOM00027,HOT00426,Family Room,2026-12-01,2026-12-06,59,29,18573,INR,limited
ROOM00028,HOT00092,Deluxe,2026-11-16,2026-11-23,60,4,5316,INR,sold_out
ROOM00029,HOT00436,Standard,2026-10-17,2026-10-24,46,25,20824,INR,sold_out
ROOM00030,HOT00335,Standard,2026-10-18,2026-10-20,71,1,5468,INR,sold_out
ROOM00031,HOT00377,Family Room,2026-11-22,2026-11-25,41,19,15298,INR,limited
ROOM00032,HOT00339,Suite,2026-11-07,2026-11-09,58,10,12378,INR,limited
ROOM00033,HOT00358,Standard,2026-11-22,2026-11-24,36,21,24849,INR,limited
ROOM00034,HOT00159,Suite,2027-03-11,2027-03-12,16,4,10451,INR,available
ROOM00035,HOT00242,Standard,2027-02-20,2027-02-24,24,29,8402,INR,available
ROOM00036,HOT00213,Suite,2026-11-15,2026-11-22,20,0,8979,INR,limited
ROOM00037,HOT00193,Executive Room,2027-01-30,2027-02-02,54,16,22278,INR,limited
ROOM00038,HOT00377,Suite,2027-01-10,2027-01-15,18,27,11928,INR,sold_out
ROOM00039,HOT00247,Family Room,2027-01-02,2027-01-03,26,3,3854,INR,sold_out
ROOM00040,HOT00034,Suite,2026-11-16,2026-11-18,49,12,12916,INR,sold_out
ROOM00041,HOT00061,Deluxe,2026-12-12,2026-12-13,48,8,13794,INR,available
ROOM00042,HOT00393,Executive Room,2026-10-10,2026-10-16,29,8,17977,INR,limited
ROOM00043,HOT00525,Executive Room,2027-03-29,2027-04-02,58,9,17003,INR,sold_out
ROOM00044,HOT00041,Family Room,2026-12-13,2026-12-16,38,1,4628,INR,available
ROOM00045,HOT00058,Deluxe,2026-12-22,2026-12-29,44,9,2706,INR,sold_out
ROOM00046,HOT00444,Deluxe,2026-10-09,2026-10-12,9,10,23413,INR,limited
ROOM00047,HOT00144,Family Room,2027-01-01,2027-01-06,51,12,6969,INR,sold_out
ROOM00048,HOT00557,Executive Room,2027-02-20,2027-02-23,26,26,23709,INR,available
ROOM00049,HOT00110,Suite,2027-03-21,2027-03-27,47,16,24754,INR,available
ROOM00050,HOT00417,Executive Room,2026-12-22,2026-12-28,27,4,11749,INR,available
ROOM00051,HOT00551,Executive Room,2026-12-29,2027-01-01,65,24,17927,INR,limited
ROOM00052,HOT00513,Deluxe,2026-11-19,2026-11-24,36,18,2889,INR,sold_out
ROOM00053,HOT00369,Family Room,2027-01-18,2027-01-22,76,8,4980,INR,limited
ROOM00054,HOT00093,Executive Room,2027-02-22,2027-02-26,62,11,21118,INR,limited
ROOM00055,HOT00427,Family Room,2026-10-28,2026-11-02,20,18,5785,INR,available
ROOM00056,HOT00441,Family Room,2027-03-23,2027-03-30,77,16,15004,INR,available
ROOM00057,HOT00535,Family Room,2026-11-27,2026-12-03,27,27,8464,INR,available
ROOM00058,HOT00223,Family Room,2027-02-26,2027-03-01,30,24,10802,INR,available
ROOM00059,HOT00574,Executive Room,2027-01-23,2027-01-24,68,22,12179,INR,limited
ROOM00060,HOT00442,Suite,2026-11-15,2026-11-20,30,22,23092,INR,limited
ROOM00061,HOT00100,Deluxe,2026-12-22,2026-12-29,41,27,17912,INR,available
ROOM00062,HOT00158,Family Room,2026-11-04,2026-11-11,67,28,7832,INR,limited
ROOM00063,HOT00479,Suite,2026-10-07,2026-10-12,8,21,14813,INR,limited
ROOM00064,HOT00203,Standard,2026-10-07,2026-10-10,21,25,6986,INR,limited
ROOM00065,HOT00040,Deluxe,2027-01-29,2027-02-03,65,13,11061,INR,available
ROOM00066,HOT00509,Deluxe,2027-03-13,2027-03-16,29,28,2069,INR,limited
ROOM00067,HOT00099,Suite,2026-10-28,2026-11-01,40,25,5202,INR,sold_out
ROOM00068,HOT00298,Suite,2027-01-02,2027-01-08,74,8,14672,INR,available
ROOM00069,HOT00476,Deluxe,2026-11-03,2026-11-07,33,15,19209,INR,available
ROOM00070,HOT00539,Family Room,2027-01-10,2027-01-16,52,16,1995,INR,sold_out
ROOM00071,HOT00319,Deluxe,2026-10-30,2026-11-04,35,25,24035,INR,limited
ROOM00072,HOT00077,Deluxe,2026-10-29,2026-10-30,9,19,2538,INR,sold_out
ROOM00073,HOT00109,Executive Room,2027-01-20,2027-01-25,61,20,17718,INR,limited
ROOM00074,HOT00217,Standard,2027-02-09,2027-02-15,45,7,14439,INR,available
ROOM00075,HOT00091,Family Room,2027-03-15,2027-03-16,7,7,2944,INR,available
ROOM00076,HOT00408,Executive Room,2026-10-18,2026-10-23,65,6,12936,INR,sold_out
ROOM00077,HOT00372,Deluxe,2026-10-15,2026-10-21,8,30,5501,INR,limited
ROOM00078,HOT00091,Standard,2026-11-02,2026-11-09,42,22,2525,INR,limited
ROOM00079,HOT00538,Deluxe,2026-11-09,2026-11-13,53,16,9711,INR,available
ROOM00080,HOT00418,Deluxe,2026-12-24,2026-12-30,67,20,13478,INR,sold_out
ROOM00081,HOT00363,Deluxe,2027-01-06,2027-01-10,55,29,22766,INR,limited
ROOM00082,HOT00100,Executive Room,2027-03-17,2027-03-19,58,25,6671,INR,available
ROOM00083,HOT00307,Deluxe,2026-10-29,2026-11-02,71,2,10391,INR,sold_out
ROOM00084,HOT00350,Executive Room,2027-03-18,2027-03-22,22,1,7621,INR,sold_out
ROOM00085,HOT00101,Family Room,2026-10-01,2026-10-03,46,21,12750,INR,available
ROOM00086,HOT00276,Standard,2026-11-23,2026-11-25,61,1,12571,INR,sold_out
ROOM00087,HOT00522,Suite,2026-10-10,2026-10-14,45,21,19703,INR,limited
ROOM00088,HOT00219,Deluxe,2026-10-13,2026-10-19,46,30,23540,INR,limited
ROOM00089,HOT00394,Suite,2026-12-22,2026-12-23,18,15,15152,INR,available
ROOM00090,HOT00254,Family Room,2026-12-21,2026-12-25,37,15,22291,INR,sold_out
ROOM00091,HOT00204,Suite,2026-11-02,2026-11-08,66,3,2349,INR,sold_out
ROOM00092,HOT00319,Standard,2027-02-02,2027-02-08,53,24,3873,INR,sold_out
ROOM00093,HOT00518,Suite,2026-11-02,2026-11-04,54,11,5458,INR,sold_out
ROOM00094,HOT00373,Deluxe,2027-02-12,2027-02-17,37,4,20158,INR,limited
ROOM00095,HOT00301,Executive Room,2026-12-08,2026-12-10,54,7,11939,INR,available
ROOM00096,HOT00187,Suite,2027-03-19,2027-03-26,10,12,19037,INR,available
ROOM00097,HOT00011,Deluxe,2026-12-19,2026-12-24,34,16,9378,INR,sold_out
ROOM00098,HOT00062,Suite,2027-01-05,2027-01-08,73,10,8881,INR,limited
ROOM00099,HOT00095,Deluxe,2026-10-25,2026-10-29,45,23,4295,INR,available
ROOM00100,HOT00384,Family Room,2026-12-19,2026-12-21,74,4,23471,INR,available
ROOM00101,HOT00186,Deluxe,2027-01-31,2027-02-07,51,0,13900,INR,available
ROOM00102,HOT00249,Executive Room,2026-12-25,2026-12-29,10,10,5985,INR,available
ROOM00103,HOT00456,Deluxe,2027-01-21,2027-01-28,31,30,13860,INR,sold_out
ROOM00104,HOT00136,Executive Room,2026-11-04,2026-11-07,18,2,14078,INR,available
ROOM00105,HOT00204,Family Room,2026-11-05,2026-11-12,63,26,12189,INR,limited
ROOM00106,HOT00154,Standard,2026-12-07,2026-12-11,23,2,4766,INR,sold_out
ROOM00107,HOT00223,Family Room,2027-03-13,2027-03-19,34,8,5701,INR,available
ROOM00108,HOT00552,Executive Room,2026-12-21,2026-12-28,66,11,22323,INR,available
ROOM00109,HOT00032,Standard,2026-10-25,2026-10-27,30,1,16435,INR,limited
ROOM00110,HOT00076,Family Room,2027-03-25,2027-04-01,5,9,21565,INR,limited
ROOM00111,HOT00268,Executive Room,2026-10-11,2026-10-17,8,22,22917,INR,available
ROOM00112,HOT00520,Executive Room,2027-03-08,2027-03-11,58,12,16685,INR,limited
ROOM00113,HOT00481,Deluxe,2027-03-18,2027-03-24,38,13,1946,INR,available
ROOM00114,HOT00080,Family Room,2027-01-09,2027-01-13,63,12,17189,INR,limited
ROOM00115,HOT00403,Family Room,2027-02-08,2027-02-15,59,22,21213,INR,sold_out
ROOM00116,HOT00574,Suite,2027-01-28,2027-01-31,48,12,2810,INR,available
ROOM00117,HOT00345,Family Room,2027-02-22,2027-03-01,65,7,22357,INR,limited
ROOM00118,HOT00105,Standard,2026-11-03,2026-11-09,56,24,8685,INR,available
ROOM00119,HOT00400,Deluxe,2026-11-09,2026-11-15,57,29,6671,INR,limited
ROOM00120,HOT00240,Standard,2026-10-20,2026-10-24,38,11,7609,INR,sold_out
ROOM00121,HOT00051,Executive Room,2027-01-30,2027-02-03,66,21,14832,INR,available
ROOM00122,HOT00237,Executive Room,2026-11-21,2026-11-22,71,5,9852,INR,sold_out
ROOM00123,HOT00374,Deluxe,2026-11-11,2026-11-12,14,4,4677,INR,limited
ROOM00124,HOT00359,Deluxe,2027-01-13,2027-01-17,33,29,19825,INR,limited
ROOM00125,HOT00247,Suite,2026-12-23,2026-12-24,37,20,17617,INR,available
ROOM00126,HOT00348,Executive Room,2026-10-02,2026-10-09,76,19,16470,INR,limited
ROOM00127,HOT00010,Family Room,2027-03-28,2027-04-04,25,30,22062,INR,limited
ROOM00128,HOT00169,Executive Room,2027-02-17,2027-02-19,70,29,11759,INR,available
ROOM00129,HOT00377,Standard,2026-11-29,2026-12-06,54,13,21354,INR,limited
ROOM00130,HOT00360,Deluxe,2027-01-03,2027-01-10,69,29,13601,INR,available
ROOM00131,HOT00006,Executive Room,2027-03-08,2027-03-09,57,30,17489,INR,limited
ROOM00132,HOT00040,Standard,2026-11-09,2026-11-11,28,1,6068,INR,sold_out
ROOM00133,HOT00157,Suite,2027-03-28,2027-04-03,17,6,12248,INR,limited
ROOM00134,HOT00255,Deluxe,2027-03-06,2027-03-13,42,16,20858,INR,limited
ROOM00135,HOT00512,Standard,2026-11-28,2026-12-01,62,12,13859,INR,sold_out
ROOM00136,HOT00045,Standard,2026-12-02,2026-12-06,23,7,23781,INR,sold_out
ROOM00137,HOT00499,Suite,2026-10-08,2026-10-09,34,14,14275,INR,available
ROOM00138,HOT00506,Executive Room,2026-12-06,2026-12-10,69,12,9552,INR,available
ROOM00139,HOT00257,Suite,2026-11-18,2026-11-25,21,23,12408,INR,available
ROOM00140,HOT00205,Deluxe,2027-02-21,2027-02-22,37,24,19017,INR,available
ROOM00141,HOT00228,Standard,2027-01-31,2027-02-04,33,26,15791,INR,limited
ROOM00142,HOT00318,Deluxe,2026-10-09,2026-10-10,19,10,8142,INR,limited
ROOM00143,HOT00560,Suite,2026-12-05,2026-12-07,20,9,16800,INR,sold_out
ROOM00144,HOT00278,Family Room,2027-02-18,2027-02-22,54,4,23834,INR,limited
ROOM00145,HOT00512,Family Room,2027-02-04,2027-02-10,55,3,17114,INR,available
ROOM00146,HOT00305,Suite,2026-12-15,2026-12-18,39,5,5899,INR,limited
ROOM00147,HOT00349,Standard,2027-02-03,2027-02-09,69,7,6688,INR,sold_out
ROOM00148,HOT00565,Family Room,2026-11-27,2026-11-29,12,0,14682,INR,sold_out
ROOM00149,HOT00444,Suite,2026-11-24,2026-11-27,64,2,5432,INR,available
ROOM00150,HOT00010,Family Room,2027-02-23,2027-02-24,47,16,21161,INR,available
ROOM00151,HOT00079,Executive Room,2027-02-12,2027-02-19,38,7,24215,INR,sold_out
ROOM00152,HOT00561,Deluxe,2026-12-21,2026-12-23,42,11,23731,INR,sold_out
ROOM00153,HOT00150,Deluxe,2027-01-25,2027-02-01,62,24,23495,INR,available
ROOM00154,HOT00041,Deluxe,2026-12-26,2027-01-01,76,5,23131,INR,available
ROOM00155,HOT00455,Family Room,2026-11-23,2026-11-28,57,19,6415,INR,available
ROOM00156,HOT00338,Executive Room,2026-12-03,2026-12-10,9,12,11111,INR,available
ROOM00157,HOT00088,Standard,2027-03-13,2027-03-15,19,1,3080,INR,available
ROOM00158,HOT00431,Standard,2026-11-23,2026-11-25,53,9,12396,INR,limited
ROOM00159,HOT00545,Executive Room,2027-01-14,2027-01-16,5,15,8627,INR,available
ROOM00160,HOT00439,Standard,2026-12-07,2026-12-10,35,6,10543,INR,limited
ROOM00161,HOT00192,Deluxe,2027-01-01,2027-01-04,42,6,12706,INR,sold_out
ROOM00162,HOT00290,Executive Room,2026-11-20,2026-11-24,12,17,7742,INR,sold_out
ROOM00163,HOT00321,Family Room,2026-10-12,2026-10-16,19,16,3853,INR,limited
ROOM00164,HOT00305,Executive Room,2027-02-26,2027-03-05,21,25,5672,INR,limited
ROOM00165,HOT00510,Deluxe,2026-12-18,2026-12-25,65,6,24196,INR,available
ROOM00166,HOT00119,Standard,2027-03-29,2027-03-31,61,25,5786,INR,sold_out
ROOM00167,HOT00138,Family Room,2027-02-16,2027-02-19,50,20,7654,INR,limited
ROOM00168,HOT00194,Executive Room,2026-10-24,2026-10-26,72,24,5480,INR,limited
ROOM00169,HOT00555,Deluxe,2026-12-01,2026-12-06,53,19,7981,INR,limited
ROOM00170,HOT00533,Family Room,2026-10-04,2026-10-06,76,9,9266,INR,available
ROOM00171,HOT00141,Suite,2026-12-10,2026-12-14,45,14,8769,INR,available
ROOM00172,HOT00541,Suite,2026-11-13,2026-11-15,60,11,22248,INR,available
ROOM00173,HOT00087,Standard,2026-11-19,2026-11-24,34,0,14208,INR,limited
ROOM00174,HOT00080,Family Room,2026-12-26,2027-01-02,37,16,8836,INR,sold_out
ROOM00175,HOT00337,Deluxe,2026-12-15,2026-12-16,34,7,3965,INR,sold_out
ROOM00176,HOT00264,Standard,2027-01-22,2027-01-29,80,12,5610,INR,sold_out
ROOM00177,HOT00072,Executive Room,2027-02-02,2027-02-07,33,12,11657,INR,sold_out
ROOM00178,HOT00054,Family Room,2027-01-24,2027-01-27,77,29,17372,INR,available
ROOM00179,HOT00022,Deluxe,2026-12-09,2026-12-13,30,12,2513,INR,limited
ROOM00180,HOT00196,Executive Room,2027-02-20,2027-02-22,79,5,17616,INR,available
ROOM00181,HOT00047,Deluxe,2026-10-02,2026-10-03,80,17,9377,INR,limited
ROOM00182,HOT00006,Executive Room,2027-02-13,2027-02-15,67,28,1652,INR,sold_out
ROOM00183,HOT00559,Family Room,2026-11-03,2026-11-07,56,28,22254,INR,available
ROOM00184,HOT00120,Executive Room,2026-12-30,2027-01-03,74,22,13228,INR,limited
ROOM00185,HOT00508,Executive Room,2026-10-20,2026-10-24,39,23,24638,INR,sold_out
ROOM00186,HOT00022,Suite,2027-02-07,2027-02-13,63,27,24836,INR,sold_out
ROOM00187,HOT00095,Standard,2027-03-17,2027-03-24,42,7,24706,INR,available
ROOM00188,HOT00142,Executive Room,2026-11-18,2026-11-21,72,17,23631,INR,available
ROOM00189,HOT00140,Executive Room,2026-10-16,2026-10-20,9,24,10503,INR,limited
ROOM00190,HOT00295,Family Room,2027-03-11,2027-03-17,28,5,12604,INR,limited
ROOM00191,HOT00273,Standard,2027-03-14,2027-03-19,54,24,3851,INR,available
ROOM00192,HOT00389,Deluxe,2026-12-02,2026-12-04,60,14,20832,INR,sold_out
ROOM00193,HOT00356,Family Room,2026-11-02,2026-11-04,16,30,20499,INR,available
ROOM00194,HOT00443,Standard,2027-02-02,2027-02-09,23,15,15420,INR,limited
ROOM00195,HOT00126,Deluxe,2026-10-06,2026-10-11,46,27,12361,INR,available
ROOM00196,HOT00093,Standard,2027-01-20,2027-01-27,31,4,18866,INR,limited
ROOM00197,HOT00284,Suite,2027-03-12,2027-03-19,39,21,9103,INR,sold_out
ROOM00198,HOT00005,Suite,2026-12-22,2026-12-23,75,23,1922,INR,sold_out
ROOM00199,HOT00376,Suite,2027-03-26,2027-03-30,20,6,17325,INR,available
ROOM00200,HOT00181,Suite,2026-10-23,2026-10-30,71,6,10726,INR,sold_out
ROOM00201,HOT00280,Executive Room,2027-02-03,2027-02-05,45,2,4749,INR,available
ROOM00202,HOT00019,Standard,2027-03-23,2027-03-27,17,2,16716,INR,limited
ROOM00203,HOT00536,Family Room,2026-12-30,2026-12-31,31,0,8821,INR,sold_out
ROOM00204,HOT00419,Family Room,2026-10-04,2026-10-07,22,7,12901,INR,available
ROOM00205,HOT00058,Standard,2026-11-05,2026-11-06,54,28,6541,INR,limited
ROOM00206,HOT00263,Family Room,2026-10-06,2026-10-13,37,7,3812,INR,available
ROOM00207,HOT00496,Suite,2027-01-22,2027-01-29,73,1,18434,INR,sold_out
ROOM00208,HOT00488,Family Room,2026-12-03,2026-12-10,58,10,1827,INR,sold_out
ROOM00209,HOT00574,Deluxe,2027-02-17,2027-02-23,80,10,2709,INR,available
ROOM00210,HOT00292,Deluxe,2026-10-07,2026-10-08,57,23,12477,INR,limited
ROOM00211,HOT00575,Suite,2026-11-11,2026-11-17,74,9,6071,INR,limited
ROOM00212,HOT00483,Family Room,2027-01-10,2027-01-13,73,10,10774,INR,limited
ROOM00213,HOT00022,Standard,2027-03-06,2027-03-13,62,30,14753,INR,sold_out
ROOM00214,HOT00249,Executive Room,2027-02-07,2027-02-11,31,7,22740,INR,sold_out
ROOM00215,HOT00248,Suite,2026-11-03,2026-11-05,19,30,22876,INR,available
ROOM00216,HOT00075,Standard,2026-10-16,2026-10-18,79,23,12132,INR,sold_out
ROOM00217,HOT00405,Standard,2027-02-18,2027-02-24,46,30,16890,INR,available
ROOM00218,HOT00515,Deluxe,2027-02-19,2027-02-26,12,9,21010,INR,limited
ROOM00219,HOT00046,Suite,2027-02-10,2027-02-11,74,30,22370,INR,limited
ROOM00220,HOT00028,Suite,2026-11-16,2026-11-18,20,0,5714,INR,available
ROOM00221,HOT00476,Suite,2026-12-28,2027-01-04,54,5,1516,INR,available
ROOM00222,HOT00501,Suite,2026-10-06,2026-10-12,65,2,23095,INR,available
ROOM00223,HOT00270,Standard,2027-01-26,2027-01-31,41,3,23055,INR,limited
ROOM00224,HOT00065,Deluxe,2026-11-28,2026-12-05,68,23,5228,INR,limited
ROOM00225,HOT00343,Family Room,2027-02-15,2027-02-17,40,19,12633,INR,available
ROOM00226,HOT00237,Family Room,2027-01-03,2027-01-07,41,16,6361,INR,available
ROOM00227,HOT00069,Deluxe,2027-02-01,2027-02-06,47,2,7954,INR,available
ROOM00228,HOT00354,Suite,2027-03-10,2027-03-14,29,23,21139,INR,available
ROOM00229,HOT00033,Suite,2027-01-02,2027-01-06,25,6,18392,INR,available
ROOM00230,HOT00535,Standard,2027-03-21,2027-03-25,16,17,2893,INR,limited
ROOM00231,HOT00367,Standard,2027-01-12,2027-01-18,50,24,16402,INR,sold_out
ROOM00232,HOT00345,Suite,2026-10-25,2026-10-27,46,19,2769,INR,available
ROOM00233,HOT00536,Suite,2027-01-19,2027-01-26,26,25,3123,INR,available
ROOM00234,HOT00289,Suite,2027-02-27,2027-03-06,33,6,22038,INR,available
ROOM00235,HOT00008,Executive Room,2026-11-06,2026-11-10,18,26,3788,INR,sold_out
ROOM00236,HOT00122,Standard,2027-01-29,2027-02-02,55,15,23399,INR,available
ROOM00237,HOT00436,Deluxe,2026-12-02,2026-12-04,69,27,22681,INR,limited
ROOM00238,HOT00478,Standard,2027-02-18,2027-02-19,51,11,1624,INR,sold_out
ROOM00239,HOT00435,Suite,2027-02-28,2027-03-02,67,11,19556,INR,limited
ROOM00240,HOT00188,Suite,2026-11-05,2026-11-06,72,9,1436,INR,available
ROOM00241,HOT00438,Executive Room,2026-11-18,2026-11-20,34,7,8471,INR,limited
ROOM00242,HOT00253,Deluxe,2027-02-12,2027-02-15,56,29,14363,INR,available
ROOM00243,HOT00478,Standard,2026-11-29,2026-12-06,18,7,6176,INR,sold_out
ROOM00244,HOT00502,Standard,2026-10-01,2026-10-07,68,20,6489,INR,sold_out
ROOM00245,HOT00116,Deluxe,2026-10-03,2026-10-10,19,9,12119,INR,available
ROOM00246,HOT00268,Deluxe,2027-02-08,2027-02-14,5,3,5012,INR,limited
ROOM00247,HOT00024,Standard,2026-12-23,2026-12-24,16,19,14069,INR,sold_out
ROOM00248,HOT00078,Suite,2026-12-20,2026-12-26,53,25,7893,INR,sold_out
ROOM00249,HOT00052,Standard,2027-03-15,2027-03-18,54,9,4181,INR,available
ROOM00250,HOT00284,Executive Room,2027-02-28,2027-03-03,72,29,5710,INR,available
ROOM00251,HOT00361,Suite,2027-03-01,2027-03-07,45,22,20027,INR,sold_out
ROOM00252,HOT00259,Suite,2026-10-18,2026-10-22,47,9,1802,INR,sold_out
ROOM00253,HOT00046,Standard,2026-12-28,2026-12-31,46,17,18936,INR,sold_out
ROOM00254,HOT00542,Deluxe,2026-11-06,2026-11-13,9,30,15670,INR,sold_out
ROOM00255,HOT00132,Executive Room,2026-12-20,2026-12-23,77,8,9410,INR,available
ROOM00256,HOT00152,Deluxe,2027-03-05,2027-03-10,65,5,6740,INR,available
ROOM00257,HOT00532,Executive Room,2027-03-30,2027-04-01,79,11,14900,INR,sold_out
ROOM00258,HOT00071,Family Room,2027-01-07,2027-01-10,20,24,10111,INR,limited
ROOM00259,HOT00419,Standard,2026-10-07,2026-10-08,61,1,19207,INR,sold_out
ROOM00260,HOT00284,Family Room,2026-10-12,2026-10-17,9,14,1868,INR,available
ROOM00261,HOT00153,Deluxe,2027-01-29,2027-02-04,74,30,6530,INR,limited
ROOM00262,HOT00330,Family Room,2026-11-03,2026-11-07,60,25,23757,INR,sold_out
ROOM00263,HOT00205,Suite,2027-03-29,2027-04-02,54,27,4256,INR,sold_out
ROOM00264,HOT00275,Suite,2026-10-25,2026-10-30,72,14,9325,INR,limited
ROOM00265,HOT00264,Standard,2026-10-03,2026-10-08,57,6,11056,INR,sold_out
ROOM00266,HOT00195,Family Room,2026-10-15,2026-10-20,51,0,14492,INR,limited
ROOM00267,HOT00347,Suite,2027-01-17,2027-01-19,34,28,14926,INR,sold_out
ROOM00268,HOT00428,Suite,2027-01-17,2027-01-23,6,4,9556,INR,sold_out
ROOM00269,HOT00247,Standard,2027-03-07,2027-03-13,6,17,21291,INR,sold_out
ROOM00270,HOT00568,Standard,2026-10-29,2026-11-05,19,11,12947,INR,sold_out
ROOM00271,HOT00360,Suite,2026-12-11,2026-12-13,70,22,6115,INR,limited
ROOM00272,HOT00406,Executive Room,2026-10-04,2026-10-10,51,10,18232,INR,limited
ROOM00273,HOT00038,Deluxe,2027-03-22,2027-03-27,48,0,14747,INR,available
ROOM00274,HOT00526,Standard,2027-01-02,2027-01-09,14,9,24323,INR,sold_out
ROOM00275,HOT00402,Standard,2026-12-15,2026-12-21,48,27,5312,INR,sold_out
ROOM00276,HOT00436,Standard,2026-12-13,2026-12-18,56,23,15934,INR,available
ROOM00277,HOT00128,Deluxe,2026-11-27,2026-11-29,58,12,13218,INR,available
ROOM00278,HOT00168,Standard,2026-10-08,2026-10-15,8,24,21406,INR,sold_out
ROOM00279,HOT00295,Standard,2026-10-24,2026-10-30,32,5,8004,INR,available
ROOM00280,HOT00426,Standard,2027-02-09,2027-02-14,9,6,7964,INR,available
ROOM00281,HOT00231,Executive Room,2026-12-25,2026-12-29,25,20,11858,INR,available
ROOM00282,HOT00294,Deluxe,2027-01-25,2027-01-30,32,29,21574,INR,available
ROOM00283,HOT00565,Deluxe,2027-01-26,2027-01-29,10,20,6979,INR,available
ROOM00284,HOT00304,Deluxe,2026-12-20,2026-12-26,70,20,22944,INR,available
ROOM00285,HOT00307,Deluxe,2026-11-23,2026-11-25,45,11,4706,INR,limited
ROOM00286,HOT00320,Family Room,2026-12-20,2026-12-26,46,26,23467,INR,available
ROOM00287,HOT00559,Family Room,2027-02-14,2027-02-16,33,4,4587,INR,available
ROOM00288,HOT00162,Family Room,2026-10-07,2026-10-10,24,20,6647,INR,sold_out
ROOM00289,HOT00377,Deluxe,2027-03-02,2027-03-09,29,24,17005,INR,available
ROOM00290,HOT00439,Family Room,2027-02-23,2027-03-01,55,28,7307,INR,available
ROOM00291,HOT00360,Family Room,2027-03-30,2027-04-05,56,29,20332,INR,sold_out
ROOM00292,HOT00186,Standard,2027-03-06,2027-03-10,69,14,17149,INR,available
ROOM00293,HOT00124,Standard,2026-12-17,2026-12-24,35,4,1500,INR,limited
ROOM00294,HOT00197,Family Room,2026-12-07,2026-12-12,67,24,24138,INR,sold_out
ROOM00295,HOT00117,Suite,2026-12-28,2026-12-29,66,25,23197,INR,sold_out
ROOM00296,HOT00377,Executive Room,2027-03-03,2027-03-04,47,1,6609,INR,sold_out
ROOM00297,HOT00133,Suite,2027-03-24,2027-03-26,24,24,14713,INR,available
ROOM00298,HOT00295,Deluxe,2026-11-10,2026-11-14,22,30,13868,INR,available
ROOM00299,HOT00259,Standard,2026-11-14,2026-11-18,11,6,9743,INR,limited
ROOM00300,HOT00491,Executive Room,2026-10-02,2026-10-06,44,28,17854,INR,available
ROOM00301,HOT00378,Family Room,2027-01-15,2027-01-16,41,24,19299,INR,limited
ROOM00302,HOT00069,Family Room,2026-10-05,2026-10-11,33,6,4435,INR,sold_out
ROOM00303,HOT00401,Family Room,2027-02-18,2027-02-23,9,3,6563,INR,sold_out
ROOM00304,HOT00125,Suite,2027-02-14,2027-02-21,13,22,19958,INR,available
ROOM00305,HOT00462,Executive Room,2026-10-20,2026-10-24,15,15,24787,INR,limited
ROOM00306,HOT00288,Executive Room,2026-10-20,2026-10-23,33,1,16864,INR,sold_out
ROOM00307,HOT00270,Standard,2027-02-24,2027-03-01,24,26,2556,INR,sold_out
ROOM00308,HOT00001,Family Room,2027-03-28,2027-04-01,71,4,8855,INR,sold_out
ROOM00309,HOT00272,Suite,2027-01-03,2027-01-04,15,29,15959,INR,limited
ROOM00310,HOT00511,Standard,2027-03-23,2027-03-27,24,19,11578,INR,sold_out
ROOM00311,HOT00471,Suite,2026-10-05,2026-10-10,59,9,19918,INR,available
ROOM00312,HOT00250,Suite,2026-12-09,2026-12-16,52,0,19840,INR,limited
ROOM00313,HOT00097,Suite,2026-10-26,2026-11-02,77,14,12343,INR,sold_out
ROOM00314,HOT00185,Deluxe,2027-03-04,2027-03-05,43,28,8992,INR,available
ROOM00315,HOT00066,Family Room,2027-03-26,2027-03-29,78,1,14925,INR,available
ROOM00316,HOT00150,Executive Room,2027-03-12,2027-03-16,49,25,15805,INR,sold_out
ROOM00317,HOT00015,Family Room,2027-03-09,2027-03-10,80,17,4223,INR,limited
ROOM00318,HOT00413,Deluxe,2027-02-14,2027-02-16,14,24,10584,INR,limited
ROOM00319,HOT00541,Family Room,2026-11-17,2026-11-18,9,5,24812,INR,limited
ROOM00320,HOT00559,Executive Room,2027-02-16,2027-02-17,31,26,21643,INR,sold_out
ROOM00321,HOT00333,Executive Room,2027-01-12,2027-01-15,50,20,12407,INR,limited
ROOM00322,HOT00532,Standard,2027-01-07,2027-01-12,51,15,9905,INR,sold_out
ROOM00323,HOT00310,Deluxe,2027-03-14,2027-03-15,22,29,21520,INR,available
ROOM00324,HOT00517,Family Room,2026-11-11,2026-11-16,13,20,17803,INR,limited
ROOM00325,HOT00533,Family Room,2027-03-23,2027-03-26,16,23,5340,INR,available
ROOM00326,HOT00002,Standard,2026-10-07,2026-10-11,18,24,17868,INR,available
ROOM00327,HOT00125,Family Room,2027-01-12,2027-01-17,46,24,17219,INR,available
ROOM00328,HOT00018,Executive Room,2027-02-26,2027-03-02,45,15,9117,INR,sold_out
ROOM00329,HOT00149,Deluxe,2027-02-25,2027-02-26,22,4,24975,INR,sold_out
ROOM00330,HOT00490,Family Room,2027-03-11,2027-03-15,75,25,12047,INR,sold_out
ROOM00331,HOT00177,Family Room,2027-03-22,2027-03-29,65,30,2283,INR,sold_out
ROOM00332,HOT00443,Deluxe,2026-10-19,2026-10-24,75,1,1865,INR,limited
ROOM00333,HOT00230,Deluxe,2027-01-14,2027-01-19,8,6,23364,INR,available
ROOM00334,HOT00064,Executive Room,2026-11-28,2026-12-03,12,11,9530,INR,sold_out
ROOM00335,HOT00319,Standard,2026-12-14,2026-12-18,8,12,24369,INR,available
ROOM00336,HOT00118,Deluxe,2026-10-11,2026-10-13,6,8,11759,INR,sold_out
ROOM00337,HOT00073,Executive Room,2026-11-23,2026-11-27,16,7,19347,INR,sold_out
ROOM00338,HOT00360,Executive Room,2026-11-06,2026-11-07,78,23,6002,INR,limited
ROOM00339,HOT00562,Executive Room,2027-02-06,2027-02-08,24,14,19751,INR,available
ROOM00340,HOT00524,Family Room,2026-11-13,2026-11-15,75,6,22805,INR,available
ROOM00341,HOT00227,Executive Room,2026-10-25,2026-10-28,63,10,15081,INR,sold_out
ROOM00342,HOT00564,Executive Room,2026-12-02,2026-12-06,17,14,12187,INR,limited
ROOM00343,HOT00543,Family Room,2027-01-10,2027-01-13,17,13,24099,INR,sold_out
ROOM00344,HOT00540,Deluxe,2027-03-14,2027-03-18,77,20,18332,INR,limited
ROOM00345,HOT00525,Suite,2026-12-04,2026-12-10,79,17,10435,INR,available
ROOM00346,HOT00360,Standard,2027-02-07,2027-02-08,15,22,8499,INR,available
ROOM00347,HOT00562,Standard,2027-02-22,2027-02-26,12,0,16089,INR,limited
ROOM00348,HOT00217,Executive Room,2027-03-29,2027-04-01,75,13,18963,INR,limited
ROOM00349,HOT00313,Executive Room,2027-02-01,2027-02-04,37,2,18696,INR,limited
ROOM00350,HOT00286,Suite,2026-11-06,2026-11-08,42,8,3510,INR,limited
ROOM00351,HOT00354,Deluxe,2027-02-16,2027-02-18,15,10,18061,INR,limited
ROOM00352,HOT00563,Suite,2026-10-22,2026-10-23,26,2,21262,INR,available
ROOM00353,HOT00029,Executive Room,2026-10-12,2026-10-16,59,19,7099,INR,limited
ROOM00354,HOT00476,Suite,2027-03-26,2027-04-02,20,24,9198,INR,sold_out
ROOM00355,HOT00266,Suite,2026-12-25,2026-12-27,13,29,14825,INR,available
ROOM00356,HOT00388,Standard,2027-01-27,2027-01-30,62,7,5618,INR,limited
ROOM00357,HOT00201,Suite,2027-03-08,2027-03-13,65,6,3922,INR,sold_out
ROOM00358,HOT00184,Deluxe,2026-10-03,2026-10-04,69,12,9864,INR,available
ROOM00359,HOT00325,Deluxe,2027-03-18,2027-03-20,46,6,8344,INR,sold_out
ROOM00360,HOT00026,Standard,2027-02-01,2027-02-06,53,21,20228,INR,sold_out
ROOM00361,HOT00320,Suite,2026-12-06,2026-12-09,78,26,10040,INR,limited
ROOM00362,HOT00512,Suite,2027-03-08,2027-03-10,21,28,7344,INR,available
ROOM00363,HOT00444,Deluxe,2027-01-08,2027-01-13,55,23,11015,INR,available
ROOM00364,HOT00062,Executive Room,2026-12-21,2026-12-22,37,30,20931,INR,available
ROOM00365,HOT00283,Suite,2026-12-04,2026-12-06,64,19,18723,INR,sold_out
ROOM00366,HOT00276,Standard,2027-03-15,2027-03-21,41,21,4491,INR,sold_out
ROOM00367,HOT00217,Deluxe,2026-10-24,2026-10-26,60,0,14883,INR,available
ROOM00368,HOT00253,Deluxe,2026-11-24,2026-11-27,80,16,24605,INR,available
ROOM00369,HOT00426,Executive Room,2026-11-21,2026-11-22,46,19,13692,INR,available
ROOM00370,HOT00153,Standard,2026-10-31,2026-11-05,40,20,24212,INR,available
ROOM00371,HOT00454,Standard,2026-10-08,2026-10-11,56,9,8709,INR,available
ROOM00372,HOT00087,Standard,2026-10-03,2026-10-06,54,5,8943,INR,available
ROOM00373,HOT00286,Suite,2027-03-09,2027-03-16,37,10,22843,INR,available
ROOM00374,HOT00203,Standard,2027-03-23,2027-03-24,76,8,22829,INR,sold_out
ROOM00375,HOT00314,Standard,2026-12-05,2026-12-12,30,19,4687,INR,sold_out
ROOM00376,HOT00188,Deluxe,2027-03-07,2027-03-10,54,28,1580,INR,available
ROOM00377,HOT00079,Standard,2026-10-02,2026-10-04,70,29,20004,INR,available
ROOM00378,HOT00353,Family Room,2027-03-02,2027-03-07,58,7,21258,INR,sold_out
ROOM00379,HOT00335,Deluxe,2027-03-21,2027-03-28,62,20,23698,INR,sold_out
ROOM00380,HOT00145,Family Room,2026-12-30,2027-01-02,48,21,20221,INR,sold_out
ROOM00381,HOT00031,Standard,2027-02-12,2027-02-13,56,9,21535,INR,available
ROOM00382,HOT00114,Suite,2026-11-04,2026-11-08,5,27,5617,INR,limited
ROOM00383,HOT00137,Suite,2026-11-26,2026-11-30,31,9,24588,INR,available
ROOM00384,HOT00461,Deluxe,2026-12-20,2026-12-26,11,18,16145,INR,sold_out
ROOM00385,HOT00347,Family Room,2027-03-23,2027-03-30,12,23,21221,INR,available
ROOM00386,HOT00136,Deluxe,2026-10-23,2026-10-24,13,17,17056,INR,available
ROOM00387,HOT00578,Suite,2027-02-04,2027-02-09,54,28,17342,INR,limited
ROOM00388,HOT00480,Family Room,2026-10-30,2026-11-04,58,28,16129,INR,limited
ROOM00389,HOT00439,Standard,2026-11-12,2026-11-18,54,26,6704,INR,available
ROOM00390,HOT00102,Standard,2026-11-16,2026-11-17,22,6,6795,INR,limited
ROOM00391,HOT00269,Deluxe,2027-02-09,2027-02-10,8,28,20271,INR,limited
ROOM00392,HOT00549,Deluxe,2027-01-13,2027-01-15,63,27,22048,INR,limited
ROOM00393,HOT00081,Family Room,2027-02-26,2027-03-03,45,3,20622,INR,available
ROOM00394,HOT00259,Suite,2027-02-07,2027-02-12,61,29,7242,INR,limited
ROOM00395,HOT00514,Standard,2027-01-15,2027-01-22,52,20,1728,INR,limited
ROOM00396,HOT00483,Suite,2027-01-30,2027-02-02,7,19,7785,INR,available
ROOM00397,HOT00158,Standard,2027-01-07,2027-01-08,7,17,19701,INR,limited
ROOM00398,HOT00537,Executive Room,2026-11-14,2026-11-19,54,5,6432,INR,available
ROOM00399,HOT00379,Executive Room,2027-02-19,2027-02-23,79,26,15600,INR,available
ROOM00400,HOT00334,Suite,2027-03-22,2027-03-25,53,17,18909,INR,available
ROOM00401,HOT00316,Standard,2027-03-02,2027-03-07,10,20,4551,INR,sold_out
ROOM00402,HOT00545,Deluxe,2026-11-12,2026-11-18,79,27,3644,INR,available
ROOM00403,HOT00130,Suite,2026-11-12,2026-11-15,17,9,15596,INR,available
ROOM00404,HOT00282,Executive Room,2026-12-23,2026-12-30,57,23,9060,INR,available
ROOM00405,HOT00242,Standard,2026-12-03,2026-12-04,34,28,20824,INR,available
ROOM00406,HOT00354,Family Room,2027-01-12,2027-01-18,48,4,14007,INR,available
ROOM00407,HOT00468,Family Room,2026-11-13,2026-11-18,21,24,19604,INR,available
ROOM00408,HOT00049,Standard,2026-12-29,2026-12-31,16,26,18110,INR,sold_out
ROOM00409,HOT00411,Standard,2026-12-29,2027-01-02,44,15,2912,INR,sold_out
ROOM00410,HOT00513,Standard,2026-10-27,2026-11-02,56,9,9408,INR,sold_out
ROOM00411,HOT00414,Family Room,2026-11-01,2026-11-07,79,25,13093,INR,available
ROOM00412,HOT00060,Family Room,2027-03-07,2027-03-11,31,14,12977,INR,sold_out
ROOM00413,HOT00081,Executive Room,2026-12-24,2026-12-30,49,9,16961,INR,sold_out
ROOM00414,HOT00296,Suite,2027-01-08,2027-01-10,9,6,5658,INR,limited
ROOM00415,HOT00542,Executive Room,2026-11-11,2026-11-18,26,2,11419,INR,limited
ROOM00416,HOT00226,Suite,2026-10-19,2026-10-24,13,23,15434,INR,limited
ROOM00417,HOT00438,Executive Room,2027-03-13,2027-03-18,5,1,22336,INR,available
ROOM00418,HOT00152,Standard,2026-11-06,2026-11-13,38,7,19093,INR,available
ROOM00419,HOT00322,Family Room,2026-10-28,2026-11-04,37,2,17115,INR,limited
ROOM00420,HOT00458,Executive Room,2026-12-30,2027-01-01,68,28,24754,INR,sold_out
ROOM00421,HOT00285,Deluxe,2026-12-26,2027-01-01,11,5,8527,INR,limited
ROOM00422,HOT00550,Deluxe,2026-12-27,2026-12-30,55,17,21279,INR,limited
ROOM00423,HOT00121,Executive Room,2026-12-01,2026-12-03,6,8,8039,INR,sold_out
ROOM00424,HOT00350,Standard,2026-10-10,2026-10-14,78,4,3103,INR,limited
ROOM00425,HOT00341,Deluxe,2026-11-09,2026-11-10,73,20,23150,INR,sold_out
ROOM00426,HOT00262,Suite,2027-03-24,2027-03-31,48,27,6576,INR,available
ROOM00427,HOT00328,Standard,2027-03-27,2027-03-30,20,25,22243,INR,sold_out
ROOM00428,HOT00251,Standard,2026-11-06,2026-11-08,18,4,23382,INR,limited
ROOM00429,HOT00116,Executive Room,2026-12-14,2026-12-16,61,25,24590,INR,sold_out
ROOM00430,HOT00066,Suite,2027-01-10,2027-01-16,13,3,7067,INR,available
ROOM00431,HOT00481,Suite,2027-03-24,2027-03-27,13,12,21307,INR,limited
ROOM00432,HOT00352,Executive Room,2027-01-17,2027-01-21,25,4,15721,INR,available
ROOM00433,HOT00538,Standard,2026-10-23,2026-10-25,80,11,16564,INR,limited
ROOM00434,HOT00048,Deluxe,2027-01-02,2027-01-09,67,3,23964,INR,limited
ROOM00435,HOT00267,Executive Room,2026-10-31,2026-11-01,11,21,20096,INR,available
ROOM00436,HOT00045,Standard,2027-03-20,2027-03-22,71,7,17388,INR,available
ROOM00437,HOT00195,Deluxe,2027-02-20,2027-02-23,62,6,8461,INR,limited
ROOM00438,HOT00186,Deluxe,2026-11-03,2026-11-08,24,17,24841,INR,available
ROOM00439,HOT00132,Deluxe,2026-12-24,2026-12-30,70,10,6077,INR,available
ROOM00440,HOT00364,Family Room,2027-01-30,2027-02-03,45,0,1309,INR,available
ROOM00441,HOT00574,Executive Room,2026-11-24,2026-11-30,16,21,15486,INR,sold_out
ROOM00442,HOT00408,Standard,2027-01-05,2027-01-10,65,4,19516,INR,limited
ROOM00443,HOT00516,Suite,2027-02-07,2027-02-12,61,11,11834,INR,sold_out
ROOM00444,HOT00506,Executive Room,2027-02-20,2027-02-24,15,2,11753,INR,limited
ROOM00445,HOT00312,Standard,2026-10-11,2026-10-17,40,24,5453,INR,available
ROOM00446,HOT00450,Deluxe,2027-01-04,2027-01-06,25,26,19884,INR,available
ROOM00447,HOT00108,Standard,2027-03-13,2027-03-15,37,11,3030,INR,available
ROOM00448,HOT00340,Deluxe,2026-11-27,2026-12-04,22,5,22030,INR,sold_out
ROOM00449,HOT00085,Family Room,2027-01-27,2027-01-31,16,5,18994,INR,available
ROOM00450,HOT00031,Family Room,2026-10-16,2026-10-18,57,2,10732,INR,limited
ROOM00451,HOT00122,Standard,2026-10-23,2026-10-30,22,11,10737,INR,limited
ROOM00452,HOT00570,Executive Room,2027-03-10,2027-03-13,69,13,18359,INR,sold_out
ROOM00453,HOT00242,Standard,2027-01-20,2027-01-27,54,4,11145,INR,limited
ROOM00454,HOT00545,Family Room,2027-01-19,2027-01-24,71,3,9506,INR,sold_out
ROOM00455,HOT00095,Standard,2027-03-04,2027-03-10,11,15,8817,INR,sold_out
ROOM00456,HOT00381,Executive Room,2026-12-10,2026-12-15,20,16,2933,INR,sold_out
ROOM00457,HOT00519,Suite,2027-03-13,2027-03-19,9,0,24800,INR,available
ROOM00458,HOT00177,Family Room,2026-12-10,2026-12-13,42,12,22782,INR,sold_out
ROOM00459,HOT00448,Family Room,2027-02-28,2027-03-06,15,9,15052,INR,sold_out
ROOM00460,HOT00528,Executive Room,2027-01-25,2027-01-31,7,15,10166,INR,sold_out
ROOM00461,HOT00139,Standard,2026-10-04,2026-10-11,54,1,2330,INR,sold_out
ROOM00462,HOT00026,Deluxe,2026-12-06,2026-12-09,12,14,22058,INR,available
ROOM00463,HOT00344,Family Room,2026-10-08,2026-10-10,67,1,7879,INR,limited
ROOM00464,HOT00017,Standard,2026-12-15,2026-12-17,16,20,2751,INR,sold_out
ROOM00465,HOT00517,Deluxe,2026-10-30,2026-11-02,51,9,12423,INR,limited
ROOM00466,HOT00309,Deluxe,2027-03-03,2027-03-09,75,25,24934,INR,available
ROOM00467,HOT00514,Family Room,2027-01-16,2027-01-23,61,16,19779,INR,available
ROOM00468,HOT00417,Family Room,2026-12-04,2026-12-07,38,28,17636,INR,available
ROOM00469,HOT00389,Family Room,2027-03-23,2027-03-24,19,9,16528,INR,sold_out
ROOM00470,HOT00415,Deluxe,2026-10-26,2026-10-28,73,6,12735,INR,available
ROOM00471,HOT00179,Standard,2026-12-01,2026-12-03,8,12,11096,INR,limited
ROOM00472,HOT00383,Executive Room,2026-10-17,2026-10-19,5,29,19797,INR,limited
ROOM00473,HOT00222,Deluxe,2027-01-29,2027-01-30,47,9,5685,INR,available
ROOM00474,HOT00542,Family Room,2026-12-02,2026-12-05,21,2,20726,INR,available
ROOM00475,HOT00207,Family Room,2026-10-16,2026-10-17,64,13,2410,INR,sold_out
ROOM00476,HOT00396,Deluxe,2026-10-18,2026-10-20,67,28,18615,INR,available
ROOM00477,HOT00001,Standard,2026-12-31,2027-01-05,59,3,17808,INR,sold_out
ROOM00478,HOT00429,Family Room,2027-01-11,2027-01-13,65,25,16739,INR,sold_out
ROOM00479,HOT00424,Standard,2026-10-11,2026-10-15,80,30,17056,INR,limited
ROOM00480,HOT00546,Family Room,2026-12-14,2026-12-19,53,24,6799,INR,available
ROOM00481,HOT00575,Family Room,2026-12-24,2026-12-30,6,3,24018,INR,limited
ROOM00482,HOT00313,Family Room,2026-11-18,2026-11-24,79,5,3334,INR,limited
ROOM00483,HOT00275,Family Room,2026-12-31,2027-01-06,31,1,13136,INR,available
ROOM00484,HOT00180,Executive Room,2026-12-21,2026-12-25,18,1,22338,INR,available
ROOM00485,HOT00306,Standard,2027-03-20,2027-03-25,72,13,4920,INR,limited
ROOM00486,HOT00128,Executive Room,2027-03-24,2027-03-31,47,25,12929,INR,available
ROOM00487,HOT00493,Family Room,2026-11-24,2026-11-26,67,21,18300,INR,sold_out
ROOM00488,HOT00117,Executive Room,2027-01-21,2027-01-25,62,17,17945,INR,available
ROOM00489,HOT00466,Deluxe,2026-11-11,2026-11-15,38,4,17122,INR,sold_out
ROOM00490,HOT00081,Family Room,2027-02-28,2027-03-02,14,13,22594,INR,limited
ROOM00491,HOT00202,Executive Room,2026-10-11,2026-10-16,15,13,13536,INR,available
ROOM00492,HOT00123,Suite,2027-03-13,2027-03-15,40,2,11979,INR,limited
ROOM00493,HOT00163,Executive Room,2026-11-13,2026-11-20,24,0,14687,INR,limited
ROOM00494,HOT00395,Family Room,2026-12-10,2026-12-15,8,8,15789,INR,limited
ROOM00495,HOT00109,Suite,2026-11-18,2026-11-24,42,29,6513,INR,available
ROOM00496,HOT00027,Standard,2026-12-07,2026-12-10,60,27,15579,INR,sold_out
ROOM00497,HOT00470,Suite,2026-10-18,2026-10-22,24,2,10414,INR,available
ROOM00498,HOT00568,Family Room,2026-10-23,2026-10-29,48,1,8108,INR,sold_out
ROOM00499,HOT00365,Suite,2026-10-20,2026-10-26,68,5,21785,INR,sold_out
ROOM00500,HOT00239,Standard,2027-03-25,2027-03-30,9,1,16464,INR,sold_out
