flight_booking_id,customer_id,flight_id,travel_date,origin_airport,destination_airport,passengers,amount,currency,payment_status,booking_status,created_at
FBK000001,CUST00190,FLT00209,2026-12-11,COK,GOI,1,20885,INR,paid,failed,2026-12-08
FBK000002,CUST00018,FLT00279,2026-12-08,GOI,BLR,4,59901,INR,pending,confirmed,2026-11-16
FBK000003,CUST00119,FLT00321,2026-10-28,DEL,COK,3,66536,INR,refunded,failed,2026-10-18
FBK000004,CUST00047,FLT00295,2026-12-25,BLR,GOI,4,90472,INR,failed,confirmed,2026-11-01
FBK000005,CUST00092,FLT00144,2026-12-01,COK,JAI,1,44725,INR,paid,failed,2026-11-06
FBK000006,CUST00104,FLT00003,2027-04-05,PNQ,BLR,2,88335,INR,refunded,failed,2027-02-22
FBK000007,CUST00045,FLT00066,2026-11-14,BOM,MAA,6,81065,INR,paid,cancelled,2026-11-04
FBK000008,CUST00038,FLT00281,2026-12-26,JAI,PNQ,2,95830,INR,paid,confirmed,2026-11-21
FBK000009,CUST00079,FLT00416,2027-03-31,MAA,COK,2,71525,INR,refunded,confirmed,2027-02-06
FBK000010,CUST00003,FLT00191,2026-12-01,DEL,BLR,3,11687,INR,refunded,initiated,2026-10-20
FBK000011,CUST00193,FLT00257,2026-12-05,DEL,BOM,6,3194,INR,paid,cancelled,2026-11-02
FBK000012,CUST00079,FLT00407,2027-01-28,DEL,JAI,2,22701,INR,pending,confirmed,2027-01-26
FBK000013,CUST00130,FLT00100,2027-02-01,MAA,PNQ,2,13060,INR,failed,initiated,2026-12-22
FBK000014,CUST00281,FLT00167,2026-12-19,MAA,HYD,3,50004,INR,failed,cancelled,2026-10-24
FBK000015,CUST00045,FLT00248,2026-10-13,PNQ,HYD,2,94637,INR,pending,cancelled,2026-10-03
FBK000016,CUST00187,FLT00408,2027-01-01,HYD,CCU,4,92167,INR,refunded,initiated,2026-11-17
FBK000017,CUST00138,FLT00336,2027-04-20,JAI,GOI,1,68989,INR,pending,initiated,2027-02-26
FBK000018,CUST00133,FLT00461,2027-03-01,MAA,BOM,5,9986,INR,failed,cancelled,2027-02-01
FBK000019,CUST00261,FLT00125,2027-02-20,BLR,PNQ,2,17799,INR,failed,failed,2027-02-10
FBK000020,CUST00029,FLT00040,2026-11-10,CCU,DEL,5,20059,INR,paid,cancelled,2026-10-27
FBK000021,CUST00139,FLT00220,2027-03-30,HYD,JAI,1,62197,INR,paid,initiated,2027-02-13
FBK000022,CUST00136,FLT00173,2027-02-04,JAI,MAA,2,30133,INR,pending,confirmed,2026-12-29
FBK000023,CUST00079,FLT00082,2026-12-13,GOI,PNQ,4,45698,INR,paid,initiated,2026-11-01
FBK000024,CUST00226,FLT00392,2027-02-17,PNQ,COK,6,13222,INR,refunded,failed,2027-01-14
FBK000025,CUST00219,FLT00057,2027-05-22,PNQ,MAA,4,12994,INR,failed,cancelled,2027-03-26
FBK000026,CUST00277,FLT00169,2027-04-29,COK,BOM,4,87251,INR,refunded,cancelled,2027-03-28
FBK000027,CUST00141,FLT00375,2026-12-20,COK,JAI,1,95963,INR,refunded,confirmed,2026-11-10
FBK000028,CUST00173,FLT00102,2027-03-30,GOI,DEL,4,89499,INR,refunded,cancelled,2027-02-02
FBK000029,CUST00216,FLT00219,2027-02-04,BOM,PNQ,1,77663,INR,paid,failed,2027-01-29
FBK000030,CUST00081,FLT00354,2026-12-24,GOI,DEL,1,42517,INR,refunded,initiated,2026-12-16
FBK000031,CUST00130,FLT00201,2027-02-02,BOM,HYD,2,73086,INR,pending,cancelled,2027-01-28
FBK000032,CUST00057,FLT00500,2027-01-21,JAI,MAA,6,79364,INR,pending,initiated,2026-11-22
FBK000033,CUST00203,FLT00381,2026-12-01,PNQ,JAI,6,24823,INR,paid,failed,2026-11-05
FBK000034,CUST00174,FLT00401,2027-01-09,HYD,BOM,6,87454,INR,failed,failed,2026-12-08
FBK000035,CUST00158,FLT00322,2027-05-16,BLR,HYD,5,73456,INR,pending,initiated,2027-03-23
FBK000036,CUST00038,FLT00268,2027-03-17,COK,JAI,5,40778,INR,failed,failed,2027-02-24
FBK000037,CUST00285,FLT00045,2027-02-02,PNQ,BLR,2,85879,INR,failed,confirmed,2026-12-28
FBK000038,CUST00264,FLT00467,2027-04-24,CCU,GOI,1,11021,INR,paid,initiated,2027-03-11
FBK000039,CUST00061,FLT00245,2027-02-02,PNQ,JAI,2,23301,INR,paid,confirmed,2027-01-06
FBK000040,CUST00135,FLT00100,2026-12-21,PNQ,COK,5,82737,INR,refunded,cancelled,2026-12-19
FBK000041,CUST00234,FLT00026,2027-02-21,CCU,COK,6,59696,INR,pending,initiated,2027-01-04
FBK000042,CUST00155,FLT00008,2027-02-19,BLR,BOM,1,30649,INR,pending,failed,2027-02-12
FBK000043,CUST00122,FLT00060,2027-02-09,BLR,COK,6,34692,INR,refunded,cancelled,2027-01-27
FBK000044,CUST00281,FLT00496,2027-04-08,BOM,GOI,3,24626,INR,failed,cancelled,2027-02-21
FBK000045,CUST00245,FLT00423,2026-11-21,BOM,MAA,3,63863,INR,failed,cancelled,2026-10-16
FBK000046,CUST00219,FLT00340,2026-12-29,DEL,HYD,2,21122,INR,pending,cancelled,2026-11-22
FBK000047,CUST00180,FLT00082,2026-12-03,GOI,PNQ,5,39936,INR,paid,cancelled,2026-11-26
FBK000048,CUST00137,FLT00225,2026-10-31,MAA,COK,2,75031,INR,refunded,confirmed,2026-10-17
FBK000049,CUST00116,FLT00135,2027-04-16,BOM,JAI,5,36922,INR,refunded,failed,2027-03-18
FBK000050,CUST00138,FLT00481,2026-12-20,PNQ,COK,6,89538,INR,failed,failed,2026-11-19
FBK000051,CUST00279,FLT00126,2027-03-22,MAA,COK,3,23722,INR,refunded,failed,2027-02-21
FBK000052,CUST00225,FLT00160,2027-04-30,MAA,BOM,2,51774,INR,pending,initiated,2027-03-28
FBK000053,CUST00203,FLT00045,2026-12-01,COK,JAI,6,7743,INR,paid,failed,2026-11-23
FBK000054,CUST00168,FLT00479,2027-01-20,DEL,MAA,3,46667,INR,pending,failed,2026-11-28
FBK000055,CUST00015,FLT00125,2027-01-04,DEL,HYD,4,53220,INR,paid,confirmed,2026-12-29
FBK000056,CUST00104,FLT00080,2027-01-22,MAA,PNQ,1,86320,INR,refunded,cancelled,2026-12-13
FBK000057,CUST00005,FLT00249,2026-11-21,HYD,BOM,6,17248,INR,pending,cancelled,2026-10-20
FBK000058,CUST00048,FLT00009,2027-05-01,JAI,PNQ,6,35662,INR,failed,confirmed,2027-03-12
FBK000059,CUST00267,FLT00233,2027-04-14,CCU,PNQ,2,78499,INR,paid,initiated,2027-03-18
FBK000060,CUST00196,FLT00372,2026-12-31,MAA,COK,6,99042,INR,pending,failed,2026-11-02
FBK000061,CUST00201,FLT00222,2027-05-12,GOI,PNQ,2,86466,INR,pending,initiated,2027-03-14
FBK000062,CUST00045,FLT00196,2027-04-01,COK,BLR,1,82599,INR,paid,initiated,2027-03-29
FBK000063,CUST00224,FLT00217,2026-11-27,BOM,CCU,1,48101,INR,paid,failed,2026-11-07
FBK000064,CUST00101,FLT00051,2027-03-25,COK,BLR,6,90560,INR,pending,cancelled,2027-02-16
FBK000065,CUST00099,FLT00187,2027-03-10,BLR,PNQ,5,61380,INR,paid,initiated,2027-01-14
FBK000066,CUST00205,FLT00160,2027-03-04,BOM,DEL,3,82064,INR,failed,initiated,2027-01-11
FBK000067,CUST00106,FLT00471,2026-11-29,COK,JAI,3,64344,INR,pending,confirmed,2026-11-01
FBK000068,CUST00256,FLT00074,2027-03-26,JAI,CCU,5,37672,INR,refunded,confirmed,2027-02-11
FBK000069,CUST00063,FLT00188,2027-04-23,MAA,GOI,5,22293,INR,pending,cancelled,2027-03-08
FBK000070,CUST00175,FLT00192,2026-12-04,MAA,DEL,4,75670,INR,paid,cancelled,2026-10-22
FBK000071,CUST00095,FLT00295,2027-03-09,BLR,BOM,6,81739,INR,refunded,cancelled,2027-02-05
FBK000072,CUST00109,FLT00080,2027-01-11,CCU,HYD,5,27412,INR,refunded,failed,2026-12-19
FBK000073,CUST00181,FLT00154,2026-10-28,HYD,GOI,2,17697,INR,failed,initiated,2026-10-09
FBK000074,CUST00002,FLT00031,2026-11-05,BOM,GOI,1,88308,INR,refunded,cancelled,2026-10-30
FBK000075,CUST00261,FLT00153,2026-12-05,CCU,MAA,5,41851,INR,pending,confirmed,2026-11-10
FBK000076,CUST00291,FLT00146,2026-11-09,BLR,HYD,2,49653,INR,refunded,cancelled,2026-10-10
FBK000077,CUST00052,FLT00021,2026-12-21,BOM,BLR,6,90272,INR,failed,confirmed,2026-12-06
FBK000078,CUST00194,FLT00194,2027-02-22,MAA,CCU,6,85311,INR,pending,confirmed,2027-01-10
FBK000079,CUST00085,FLT00048,2027-01-16,GOI,COK,4,72349,INR,failed,failed,2026-12-15
FBK000080,CUST00121,FLT00443,2026-12-07,HYD,DEL,2,20944,INR,refunded,failed,2026-12-05
FBK000081,CUST00211,FLT00273,2027-01-31,BOM,BLR,3,18508,INR,failed,failed,2026-12-23
FBK000082,CUST00089,FLT00207,2027-01-15,JAI,GOI,5,20642,INR,pending,initiated,2026-12-17
FBK000083,CUST00027,FLT00304,2027-04-09,BOM,COK,5,73337,INR,paid,confirmed,2027-03-23
FBK000084,CUST00206,FLT00343,2027-03-09,DEL,JAI,2,7423,INR,pending,initiated,2027-02-02
FBK000085,CUST00227,FLT00430,2026-12-30,JAI,HYD,6,28079,INR,paid,failed,2026-12-08
FBK000086,CUST00073,FLT00355,2027-04-12,GOI,DEL,4,24464,INR,pending,failed,2027-02-22
FBK000087,CUST00066,FLT00131,2026-10-11,HYD,COK,4,58349,INR,pending,initiated,2026-10-05
FBK000088,CUST00211,FLT00184,2027-03-13,GOI,HYD,6,82193,INR,failed,failed,2027-03-01
FBK000089,CUST00284,FLT00436,2027-04-24,GOI,PNQ,6,19595,INR,paid,initiated,2027-03-01
FBK000090,CUST00255,FLT00207,2026-10-07,PNQ,JAI,6,90050,INR,failed,confirmed,2026-10-05
FBK000091,CUST00059,FLT00209,2027-05-08,BLR,BOM,6,36821,INR,failed,initiated,2027-03-30
FBK000092,CUST00137,FLT00415,2027-03-26,DEL,BOM,1,5326,INR,pending,initiated,2027-03-06
FBK000093,CUST00063,FLT00348,2027-01-28,JAI,COK,4,35659,INR,paid,initiated,2027-01-12
FBK000094,CUST00182,FLT00340,2027-03-03,COK,JAI,3,32979,INR,refunded,initiated,2027-02-26
FBK000095,CUST00146,FLT00249,2026-11-03,HYD,PNQ,1,30518,INR,refunded,failed,2026-10-20
FBK000096,CUST00123,FLT00332,2026-11-23,BLR,CCU,6,17085,INR,refunded,initiated,2026-10-27
FBK000097,CUST00210,FLT00400,2027-01-13,HYD,BLR,3,49905,INR,paid,confirmed,2027-01-02
FBK000098,CUST00017,FLT00316,2026-11-30,DEL,HYD,3,8260,INR,failed,cancelled,2026-11-17
FBK000099,CUST00198,FLT00209,2026-12-02,BLR,GOI,1,46809,INR,pending,initiated,2026-10-04
FBK000100,CUST00085,FLT00471,2027-01-23,JAI,GOI,6,18359,INR,failed,failed,2027-01-01
FBK000101,CUST00283,FLT00155,2027-03-03,BLR,PNQ,6,45291,INR,paid,failed,2027-03-01
FBK000102,CUST00087,FLT00096,2026-11-16,JAI,GOI,1,84025,INR,pending,confirmed,2026-10-12
FBK000103,CUST00087,FLT00493,2026-12-08,DEL,MAA,5,7384,INR,refunded,failed,2026-12-07
FBK000104,CUST00122,FLT00309,2027-02-23,COK,HYD,2,51020,INR,refunded,confirmed,2026-12-25
FBK000105,CUST00118,FLT00069,2027-02-05,HYD,DEL,3,27440,INR,pending,initiated,2026-12-31
FBK000106,CUST00042,FLT00444,2027-03-08,BLR,PNQ,4,21816,INR,paid,initiated,2027-02-25
FBK000107,CUST00111,FLT00394,2027-02-24,HYD,GOI,4,75824,INR,paid,initiated,2027-01-31
FBK000108,CUST00061,FLT00153,2027-01-04,BOM,PNQ,2,89638,INR,refunded,cancelled,2026-12-29
FBK000109,CUST00243,FLT00025,2027-01-09,HYD,JAI,3,67102,INR,paid,failed,2027-01-02
FBK000110,CUST00027,FLT00389,2027-02-20,PNQ,BLR,2,68023,INR,failed,cancelled,2027-01-16
FBK000111,CUST00009,FLT00461,2027-01-17,COK,PNQ,6,22440,INR,refunded,failed,2026-12-13
FBK000112,CUST00039,FLT00189,2026-10-16,BOM,JAI,4,73148,INR,paid,confirmed,2026-10-13
FBK000113,CUST00147,FLT00312,2026-11-24,JAI,DEL,3,48504,INR,pending,confirmed,2026-11-06
FBK000114,CUST00087,FLT00448,2027-02-12,COK,GOI,4,16496,INR,refunded,failed,2027-01-26
FBK000115,CUST00167,FLT00275,2026-12-16,CCU,PNQ,3,21029,INR,pending,initiated,2026-11-03
FBK000116,CUST00118,FLT00312,2027-01-11,DEL,MAA,4,77853,INR,refunded,confirmed,2026-11-21
FBK000117,CUST00009,FLT00286,2027-03-05,GOI,JAI,5,55639,INR,refunded,failed,2027-02-08
FBK000118,CUST00117,FLT00323,2026-12-07,COK,CCU,3,25716,INR,paid,confirmed,2026-11-21
FBK000119,CUST00071,FLT00066,2026-12-09,HYD,GOI,6,17545,INR,pending,initiated,2026-12-01
FBK000120,CUST00256,FLT00250,2027-02-22,GOI,BLR,5,75830,INR,pending,cancelled,2026-12-29
FBK000121,CUST00204,FLT00471,2027-01-03,CCU,BOM,5,36024,INR,paid,initiated,2026-11-27
FBK000122,CUST00117,FLT00064,2027-02-24,COK,MAA,3,52655,INR,refunded,failed,2027-02-06
FBK000123,CUST00216,FLT00069,2026-12-28,PNQ,DEL,6,4829,INR,failed,failed,2026-11-25
FBK000124,CUST00137,FLT00312,2026-12-13,MAA,HYD,1,74965,INR,refunded,confirmed,2026-11-02
FBK000125,CUST00255,FLT00242,2027-02-09,CCU,PNQ,2,20969,INR,refunded,confirmed,2027-01-13
FBK000126,CUST00244,FLT00426,2027-01-19,MAA,PNQ,2,7492,INR,paid,initiated,2026-11-28
FBK000127,CUST00094,FLT00229,2027-04-30,CCU,BLR,1,51009,INR,pending,initiated,2027-03-14
FBK000128,CUST00171,FLT00320,2026-12-04,BOM,BLR,4,70279,INR,refunded,failed,2026-10-30
FBK000129,CUST00271,FLT00036,2027-01-08,BLR,HYD,6,78546,INR,failed,failed,2026-12-21
FBK000130,CUST00199,FLT00103,2027-02-02,PNQ,BOM,5,58229,INR,failed,cancelled,2027-01-05
FBK000131,CUST00028,FLT00374,2027-03-27,BLR,CCU,6,49595,INR,pending,confirmed,2027-01-31
FBK000132,CUST00033,FLT00157,2026-11-19,JAI,COK,2,53819,INR,paid,initiated,2026-10-08
FBK000133,CUST00250,FLT00055,2027-01-19,CCU,BOM,1,4174,INR,paid,failed,2026-12-12
FBK000134,CUST00239,FLT00489,2027-02-25,DEL,GOI,2,41449,INR,paid,confirmed,2027-02-18
FBK000135,CUST00104,FLT00028,2026-12-17,BOM,GOI,4,38178,INR,failed,confirmed,2026-10-31
FBK000136,CUST00071,FLT00097,2026-11-02,BLR,JAI,5,56528,INR,failed,confirmed,2026-10-30
FBK000137,CUST00116,FLT00294,2026-11-04,BOM,DEL,4,77812,INR,refunded,cancelled,2026-10-11
FBK000138,CUST00143,FLT00407,2027-03-09,COK,MAA,3,11070,INR,refunded,initiated,2027-03-08
FBK000139,CUST00161,FLT00168,2027-01-05,BOM,DEL,5,95818,INR,pending,initiated,2026-12-24
FBK000140,CUST00113,FLT00144,2027-03-24,GOI,BLR,3,14628,INR,paid,cancelled,2027-03-09
FBK000141,CUST00267,FLT00144,2026-12-07,CCU,GOI,5,75975,INR,paid,confirmed,2026-11-06
FBK000142,CUST00061,FLT00350,2026-11-05,JAI,GOI,3,17387,INR,pending,cancelled,2026-10-19
FBK000143,CUST00016,FLT00435,2027-04-17,CCU,GOI,4,15168,INR,pending,failed,2027-03-12
FBK000144,CUST00263,FLT00078,2026-12-12,GOI,MAA,1,19811,INR,paid,confirmed,2026-10-25
FBK000145,CUST00025,FLT00107,2027-01-31,MAA,BOM,2,63234,INR,failed,cancelled,2026-12-30
FBK000146,CUST00276,FLT00385,2027-05-21,DEL,COK,2,99565,INR,refunded,initiated,2027-03-27
FBK000147,CUST00134,FLT00466,2027-02-22,DEL,CCU,5,63472,INR,pending,cancelled,2027-01-15
FBK000148,CUST00283,FLT00289,2027-02-17,MAA,PNQ,1,59483,INR,failed,cancelled,2027-02-13
FBK000149,CUST00279,FLT00264,2026-11-24,BLR,COK,1,76177,INR,pending,failed,2026-10-02
FBK000150,CUST00073,FLT00335,2027-03-11,BOM,DEL,2,52525,INR,failed,failed,2027-01-29
FBK000151,CUST00056,FLT00422,2027-01-12,MAA,CCU,5,88511,INR,pending,confirmed,2026-11-24
FBK000152,CUST00102,FLT00349,2026-12-02,BLR,GOI,4,12117,INR,paid,failed,2026-11-22
FBK000153,CUST00116,FLT00213,2027-02-24,CCU,DEL,4,71605,INR,refunded,cancelled,2027-02-05
FBK000154,CUST00215,FLT00231,2026-11-22,DEL,MAA,3,60730,INR,refunded,initiated,2026-10-27
FBK000155,CUST00241,FLT00185,2026-12-13,GOI,BLR,3,46127,INR,refunded,failed,2026-10-19
FBK000156,CUST00211,FLT00499,2027-03-10,PNQ,JAI,1,46910,INR,refunded,failed,2027-01-28
FBK000157,CUST00111,FLT00305,2027-02-07,DEL,CCU,6,24041,INR,paid,cancelled,2026-12-26
FBK000158,CUST00277,FLT00395,2027-01-16,COK,DEL,5,66952,INR,paid,confirmed,2026-12-27
FBK000159,CUST00163,FLT00396,2027-03-15,CCU,PNQ,1,6634,INR,failed,confirmed,2027-02-21
FBK000160,CUST00012,FLT00484,2026-11-26,DEL,BLR,2,18511,INR,pending,initiated,2026-10-08
FBK000161,CUST00222,FLT00345,2027-03-24,DEL,COK,3,97284,INR,pending,confirmed,2027-02-06
FBK000162,CUST00088,FLT00488,2027-02-01,PNQ,JAI,5,19091,INR,refunded,confirmed,2027-01-31
FBK000163,CUST00289,FLT00332,2026-12-01,PNQ,DEL,4,31250,INR,failed,initiated,2026-11-27
FBK000164,CUST00283,FLT00085,2026-12-24,DEL,BOM,4,47557,INR,paid,failed,2026-12-21
FBK000165,CUST00238,FLT00463,2026-10-11,DEL,GOI,3,35258,INR,refunded,cancelled,2026-10-04
FBK000166,CUST00004,FLT00454,2026-11-24,MAA,HYD,6,23459,INR,pending,initiated,2026-11-11
FBK000167,CUST00135,FLT00383,2027-05-02,PNQ,CCU,3,56910,INR,paid,cancelled,2027-03-21
FBK000168,CUST00176,FLT00217,2027-01-26,PNQ,COK,6,93805,INR,pending,cancelled,2026-12-08
FBK000169,CUST00276,FLT00279,2027-01-12,BLR,HYD,5,68975,INR,pending,cancelled,2026-12-13
FBK000170,CUST00297,FLT00179,2027-01-16,COK,MAA,2,16920,INR,pending,initiated,2026-12-02
FBK000171,CUST00265,FLT00290,2027-02-08,MAA,PNQ,3,90104,INR,paid,confirmed,2027-01-13
FBK000172,CUST00150,FLT00489,2026-12-22,BOM,GOI,3,82623,INR,paid,cancelled,2026-11-19
FBK000173,CUST00298,FLT00141,2026-12-06,CCU,JAI,6,95984,INR,refunded,cancelled,2026-12-05
FBK000174,CUST00057,FLT00173,2026-12-02,COK,CCU,3,45784,INR,pending,initiated,2026-10-15
FBK000175,CUST00001,FLT00248,2027-01-04,COK,HYD,4,48040,INR,failed,initiated,2026-11-17
FBK000176,CUST00166,FLT00352,2027-01-11,BOM,CCU,1,37969,INR,failed,cancelled,2026-12-09
FBK000177,CUST00207,FLT00153,2027-02-20,HYD,GOI,1,80932,INR,paid,failed,2027-01-13
FBK000178,CUST00187,FLT00136,2026-11-27,COK,GOI,6,47227,INR,failed,failed,2026-10-22
FBK000179,CUST00214,FLT00345,2027-01-07,MAA,CCU,4,18022,INR,pending,failed,2026-12-19
FBK000180,CUST00124,FLT00478,2027-01-28,HYD,BOM,3,57224,INR,failed,cancelled,2027-01-10
FBK000181,CUST00192,FLT00043,2027-04-05,COK,BOM,2,84572,INR,paid,initiated,2027-02-06
FBK000182,CUST00093,FLT00425,2027-02-23,MAA,BOM,3,21827,INR,paid,confirmed,2027-02-13
FBK000183,CUST00291,FLT00398,2027-05-02,HYD,COK,5,17356,INR,paid,initiated,2027-03-27
FBK000184,CUST00057,FLT00033,2027-01-08,COK,BOM,5,44346,INR,refunded,initiated,2026-12-04
FBK000185,CUST00115,FLT00080,2027-03-15,HYD,MAA,3,3076,INR,pending,initiated,2027-01-21
FBK000186,CUST00029,FLT00398,2027-05-12,COK,BLR,1,34521,INR,refunded,confirmed,2027-03-21
FBK000187,CUST00264,FLT00170,2027-02-04,COK,DEL,5,24137,INR,failed,cancelled,2026-12-26
FBK000188,CUST00187,FLT00185,2027-01-15,JAI,HYD,2,60262,INR,paid,failed,2026-12-16
FBK000189,CUST00215,FLT00255,2026-11-19,CCU,PNQ,6,82946,INR,pending,confirmed,2026-11-14
FBK000190,CUST00068,FLT00088,2027-03-26,PNQ,DEL,4,45221,INR,paid,confirmed,2027-03-22
FBK000191,CUST00223,FLT00059,2026-12-10,BLR,BOM,5,76687,INR,refunded,cancelled,2026-11-23
FBK000192,CUST00247,FLT00009,2027-01-27,COK,CCU,4,44853,INR,failed,initiated,2026-12-23
FBK000193,CUST00116,FLT00259,2027-03-10,COK,HYD,6,25813,INR,refunded,cancelled,2027-02-10
FBK000194,CUST00123,FLT00320,2027-04-28,PNQ,GOI,6,72324,INR,pending,cancelled,2027-03-06
FBK000195,CUST00267,FLT00187,2026-12-27,COK,GOI,5,21080,INR,failed,failed,2026-11-10
FBK000196,CUST00021,FLT00211,2027-04-18,DEL,GOI,4,43869,INR,paid,cancelled,2027-03-04
FBK000197,CUST00091,FLT00113,2027-02-13,MAA,CCU,1,34862,INR,refunded,initiated,2026-12-26
FBK000198,CUST00189,FLT00274,2026-11-19,MAA,GOI,4,15296,INR,paid,failed,2026-10-07
FBK000199,CUST00136,FLT00066,2027-03-01,CCU,DEL,6,16315,INR,paid,cancelled,2027-02-05
FBK000200,CUST00011,FLT00364,2027-04-09,BLR,BOM,6,89259,INR,failed,initiated,2027-02-21
FBK000201,CUST00102,FLT00193,2026-12-02,CCU,MAA,1,45445,INR,failed,failed,2026-10-14
FBK000202,CUST00146,FLT00047,2027-02-02,MAA,CCU,1,11471,INR,refunded,initiated,2026-12-12
FBK000203,CUST00121,FLT00412,2027-03-11,PNQ,HYD,4,8985,INR,refunded,failed,2027-03-02
FBK000204,CUST00280,FLT00238,2027-03-18,COK,GOI,6,58250,INR,paid,failed,2027-01-30
FBK000205,CUST00074,FLT00463,2027-03-22,BOM,CCU,4,31881,INR,failed,initiated,2027-02-18
FBK000206,CUST00168,FLT00256,2026-11-24,BOM,CCU,2,63095,INR,refunded,confirmed,2026-10-10
FBK000207,CUST00036,FLT00322,2026-12-19,DEL,BOM,1,43632,INR,failed,failed,2026-11-22
FBK000208,CUST00260,FLT00490,2026-12-31,MAA,PNQ,2,80172,INR,paid,confirmed,2026-11-18
FBK000209,CUST00215,FLT00004,2027-02-15,BOM,GOI,1,56527,INR,pending,confirmed,2027-01-11
FBK000210,CUST00300,FLT00454,2027-03-22,MAA,JAI,6,9582,INR,refunded,confirmed,2027-01-31
FBK000211,CUST00113,FLT00039,2027-05-05,GOI,BLR,2,72341,INR,paid,cancelled,2027-03-29
FBK000212,CUST00205,FLT00099,2027-03-25,DEL,MAA,5,67781,INR,refunded,confirmed,2027-03-22
FBK000213,CUST00187,FLT00419,2027-01-26,PNQ,DEL,6,82571,INR,failed,initiated,2026-12-12
FBK000214,CUST00244,FLT00216,2026-12-07,PNQ,JAI,4,22321,INR,paid,failed,2026-10-22
FBK000215,CUST00072,FLT00207,2027-02-13,JAI,HYD,3,3344,INR,refunded,cancelled,2027-01-08
FBK000216,CUST00065,FLT00330,2026-12-21,HYD,BOM,6,67608,INR,paid,failed,2026-11-07
FBK000217,CUST00276,FLT00337,2026-12-23,JAI,HYD,3,93939,INR,pending,failed,2026-11-12
FBK000218,CUST00147,FLT00038,2027-02-12,GOI,CCU,4,3156,INR,failed,initiated,2026-12-15
FBK000219,CUST00084,FLT00308,2026-11-07,GOI,HYD,1,36458,INR,pending,failed,2026-10-17
FBK000220,CUST00220,FLT00448,2027-01-01,MAA,BLR,3,86750,INR,refunded,confirmed,2026-12-01
FBK000221,CUST00280,FLT00431,2026-11-18,PNQ,GOI,3,60311,INR,failed,confirmed,2026-10-13
FBK000222,CUST00286,FLT00103,2027-04-21,JAI,COK,3,54979,INR,pending,initiated,2027-02-24
FBK000223,CUST00179,FLT00308,2027-01-13,MAA,HYD,2,20756,INR,refunded,confirmed,2026-11-28
FBK000224,CUST00155,FLT00300,2026-12-02,CCU,BOM,1,63761,INR,paid,cancelled,2026-10-06
FBK000225,CUST00229,FLT00350,2027-03-05,DEL,BLR,2,45851,INR,paid,confirmed,2027-01-31
FBK000226,CUST00260,FLT00476,2027-04-11,CCU,HYD,4,53865,INR,paid,failed,2027-03-10
FBK000227,CUST00146,FLT00026,2027-03-30,DEL,PNQ,2,81424,INR,refunded,confirmed,2027-03-15
FBK000228,CUST00171,FLT00490,2027-01-16,BOM,PNQ,6,72362,INR,paid,cancelled,2027-01-16
FBK000229,CUST00184,FLT00087,2027-03-12,BLR,CCU,1,95344,INR,paid,failed,2027-02-02
FBK000230,CUST00096,FLT00335,2027-03-16,MAA,COK,2,77602,INR,refunded,failed,2027-01-30
FBK000231,CUST00207,FLT00210,2027-05-09,DEL,MAA,2,6990,INR,pending,confirmed,2027-03-21
FBK000232,CUST00142,FLT00399,2026-12-12,CCU,COK,2,29369,INR,failed,confirmed,2026-11-18
FBK000233,CUST00290,FLT00054,2027-02-12,MAA,BLR,4,90487,INR,failed,initiated,2027-02-05
FBK000234,CUST00084,FLT00459,2027-02-03,HYD,PNQ,3,82051,INR,refunded,confirmed,2026-12-31
FBK000235,CUST00235,FLT00158,2026-11-12,CCU,HYD,6,19457,INR,refunded,cancelled,2026-10-29
FBK000236,CUST00014,FLT00355,2027-01-21,DEL,GOI,3,8442,INR,failed,initiated,2027-01-21
FBK000237,CUST00147,FLT00262,2026-12-20,GOI,HYD,2,99263,INR,pending,confirmed,2026-12-10
FBK000238,CUST00140,FLT00251,2026-11-24,JAI,BOM,5,91727,INR,pending,cancelled,2026-11-23
FBK000239,CUST00239,FLT00315,2026-11-29,JAI,PNQ,4,26682,INR,failed,confirmed,2026-10-27
FBK000240,CUST00085,FLT00430,2026-11-03,BOM,COK,2,31276,INR,refunded,failed,2026-10-19
FBK000241,CUST00133,FLT00235,2027-01-31,BOM,JAI,2,84447,INR,refunded,cancelled,2027-01-08
FBK000242,CUST00162,FLT00435,2027-02-14,PNQ,BLR,6,69197,INR,paid,cancelled,2027-01-21
FBK000243,CUST00211,FLT00097,2027-05-14,BLR,GOI,5,15549,INR,paid,failed,2027-03-28
FBK000244,CUST00178,FLT00064,2027-02-24,BLR,HYD,4,90724,INR,pending,failed,2027-01-07
FBK000245,CUST00126,FLT00138,2027-01-13,CCU,PNQ,2,48007,INR,refunded,initiated,2027-01-07
FBK000246,CUST00138,FLT00474,2027-04-20,HYD,BLR,2,91132,INR,refunded,failed,2027-03-09
FBK000247,CUST00133,FLT00167,2027-03-28,BLR,GOI,5,61093,INR,refunded,cancelled,2027-02-02
FBK000248,CUST00102,FLT00460,2026-11-27,HYD,CCU,1,4018,INR,pending,initiated,2026-11-17
FBK000249,CUST00196,FLT00109,2026-12-06,BOM,GOI,6,68620,INR,pending,confirmed,2026-11-23
FBK000250,CUST00267,FLT00190,2027-01-04,CCU,BOM,3,14535,INR,refunded,confirmed,2026-11-23
FBK000251,CUST00165,FLT00388,2027-03-27,GOI,PNQ,2,48838,INR,pending,failed,2027-02-11
FBK000252,CUST00148,FLT00072,2026-12-01,HYD,JAI,3,98138,INR,refunded,failed,2026-11-22
FBK000253,CUST00081,FLT00222,2027-03-12,GOI,BLR,1,66834,INR,pending,failed,2027-03-11
FBK000254,CUST00040,FLT00012,2027-02-01,BOM,CCU,4,91336,INR,failed,confirmed,2026-12-21
FBK000255,CUST00219,FLT00103,2027-01-18,JAI,BOM,5,97704,INR,refunded,cancelled,2026-11-29
FBK000256,CUST00242,FLT00342,2026-12-27,CCU,JAI,3,91064,INR,failed,confirmed,2026-11-22
FBK000257,CUST00108,FLT00396,2027-02-09,JAI,DEL,3,66362,INR,refunded,initiated,2027-01-31
FBK000258,CUST00200,FLT00271,2027-04-07,CCU,GOI,6,76789,INR,failed,confirmed,2027-02-09
FBK000259,CUST00076,FLT00313,2026-12-11,JAI,DEL,2,96373,INR,refunded,cancelled,2026-12-07
FBK000260,CUST00112,FLT00065,2027-03-02,MAA,PNQ,1,69106,INR,refunded,cancelled,2027-01-03
FBK000261,CUST00239,FLT00246,2027-01-24,HYD,DEL,6,98768,INR,paid,confirmed,2026-12-09
FBK000262,CUST00280,FLT00168,2026-11-06,BOM,COK,2,93583,INR,paid,confirmed,2026-10-30
FBK000263,CUST00216,FLT00283,2026-11-05,BLR,GOI,1,12397,INR,refunded,cancelled,2026-10-21
FBK000264,CUST00125,FLT00371,2027-04-02,PNQ,BOM,1,67995,INR,refunded,cancelled,2027-02-07
FBK000265,CUST00177,FLT00411,2027-03-16,COK,DEL,4,32867,INR,refunded,cancelled,2027-03-04
FBK000266,CUST00001,FLT00447,2027-02-22,DEL,GOI,1,7378,INR,pending,failed,2027-01-22
FBK000267,CUST00061,FLT00495,2026-12-16,DEL,PNQ,4,89374,INR,pending,cancelled,2026-10-27
FBK000268,CUST00138,FLT00158,2027-02-12,MAA,BOM,1,46504,INR,refunded,failed,2026-12-18
FBK000269,CUST00087,FLT00423,2026-12-15,BLR,PNQ,3,11207,INR,refunded,confirmed,2026-11-18
FBK000270,CUST00293,FLT00280,2026-11-15,HYD,PNQ,3,54613,INR,refunded,cancelled,2026-10-13
FBK000271,CUST00097,FLT00332,2026-11-15,HYD,BOM,3,20557,INR,pending,initiated,2026-11-05
FBK000272,CUST00284,FLT00299,2027-03-12,BOM,HYD,4,5080,INR,pending,cancelled,2027-03-07
FBK000273,CUST00071,FLT00035,2026-11-27,BOM,JAI,3,60315,INR,failed,initiated,2026-11-17
FBK000274,CUST00163,FLT00085,2027-03-13,PNQ,CCU,5,69958,INR,paid,cancelled,2027-02-28
FBK000275,CUST00078,FLT00192,2026-11-28,COK,HYD,1,79197,INR,refunded,failed,2026-11-09
FBK000276,CUST00181,FLT00363,2026-12-02,MAA,BOM,3,29998,INR,failed,initiated,2026-10-12
FBK000277,CUST00063,FLT00131,2026-12-17,BOM,MAA,4,26899,INR,paid,cancelled,2026-11-12
FBK000278,CUST00199,FLT00412,2027-02-03,MAA,BLR,4,85337,INR,refunded,confirmed,2027-01-24
FBK000279,CUST00294,FLT00104,2027-02-13,COK,PNQ,1,10472,INR,paid,initiated,2026-12-29
FBK000280,CUST00280,FLT00121,2026-12-11,PNQ,MAA,4,99186,INR,failed,initiated,2026-10-20
FBK000281,CUST00160,FLT00044,2027-02-28,HYD,COK,2,60478,INR,refunded,confirmed,2027-01-10
FBK000282,CUST00068,FLT00276,2026-12-05,DEL,GOI,6,18163,INR,refunded,confirmed,2026-10-25
FBK000283,CUST00170,FLT00211,2027-02-19,JAI,BOM,6,9396,INR,failed,cancelled,2027-01-27
FBK000284,CUST00187,FLT00356,2027-02-07,PNQ,MAA,4,73764,INR,pending,confirmed,2026-12-17
FBK000285,CUST00282,FLT00042,2026-12-28,DEL,HYD,5,49338,INR,paid,initiated,2026-11-28
FBK000286,CUST00085,FLT00456,2027-02-03,PNQ,CCU,5,57931,INR,pending,confirmed,2026-12-21
FBK000287,CUST00215,FLT00036,2026-11-02,BLR,BOM,5,19746,INR,pending,confirmed,2026-10-12
FBK000288,CUST00264,FLT00413,2026-12-14,DEL,PNQ,4,64133,INR,pending,confirmed,2026-10-30
FBK000289,CUST00007,FLT00374,2026-12-03,HYD,BOM,4,71070,INR,paid,initiated,2026-12-02
FBK000290,CUST00297,FLT00249,2027-01-27,BOM,JAI,3,30488,INR,paid,confirmed,2027-01-12
FBK000291,CUST00114,FLT00153,2026-11-29,JAI,BLR,6,95115,INR,pending,failed,2026-10-16
FBK000292,CUST00018,FLT00371,2027-03-12,GOI,COK,1,79847,INR,pending,cancelled,2027-01-20
FBK000293,CUST00062,FLT00132,2027-02-08,JAI,CCU,3,36334,INR,failed,cancelled,2027-01-31
FBK000294,CUST00090,FLT00202,2027-03-01,BOM,BLR,2,9848,INR,failed,failed,2027-02-13
FBK000295,CUST00037,FLT00196,2026-11-26,PNQ,HYD,3,15257,INR,failed,confirmed,2026-10-15
FBK000296,CUST00048,FLT00460,2027-04-02,BOM,GOI,1,88623,INR,paid,cancelled,2027-02-01
FBK000297,CUST00134,FLT00003,2027-05-06,JAI,MAA,1,96091,INR,pending,confirmed,2027-03-12
FBK000298,CUST00265,FLT00079,2027-04-08,BOM,GOI,1,34522,INR,pending,confirmed,2027-02-28
FBK000299,CUST00094,FLT00471,2026-11-07,JAI,BOM,4,77436,INR,failed,confirmed,2026-10-09
FBK000300,CUST00186,FLT00276,2026-11-25,BOM,BLR,5,27111,INR,refunded,confirmed,2026-10-22
FBK000301,CUST00057,FLT00009,2026-12-16,COK,CCU,3,45932,INR,paid,cancelled,2026-10-27
FBK000302,CUST00089,FLT00095,2027-02-06,COK,BOM,3,55085,INR,failed,initiated,2026-12-26
FBK000303,CUST00123,FLT00283,2027-01-10,JAI,DEL,6,26007,INR,refunded,failed,2026-12-16
FBK000304,CUST00047,FLT00276,2027-04-22,JAI,COK,5,37571,INR,paid,confirmed,2027-03-03
FBK000305,CUST00260,FLT00158,2027-03-19,BOM,CCU,2,3909,INR,paid,failed,2027-02-05
FBK000306,CUST00053,FLT00496,2027-01-01,HYD,DEL,6,65261,INR,failed,confirmed,2026-12-22
FBK000307,CUST00297,FLT00356,2027-03-11,DEL,CCU,5,85564,INR,paid,cancelled,2027-03-11
FBK000308,CUST00163,FLT00154,2027-03-14,HYD,COK,4,80214,INR,paid,initiated,2027-03-07
FBK000309,CUST00162,FLT00065,2027-01-29,HYD,JAI,4,85939,INR,failed,failed,2027-01-03
FBK000310,CUST00199,FLT00464,2027-04-03,DEL,MAA,2,50521,INR,pending,initiated,2027-03-30
FBK000311,CUST00122,FLT00428,2026-12-14,BOM,CCU,3,45609,INR,pending,failed,2026-11-09
FBK000312,CUST00111,FLT00207,2027-02-22,GOI,DEL,5,7806,INR,pending,cancelled,2027-01-21
FBK000313,CUST00281,FLT00148,2027-02-26,COK,BOM,2,66442,INR,pending,cancelled,2027-01-31
FBK000314,CUST00071,FLT00379,2026-11-01,COK,JAI,4,61832,INR,failed,failed,2026-10-14
FBK000315,CUST00128,FLT00449,2027-01-08,DEL,HYD,5,55775,INR,refunded,initiated,2026-11-24
FBK000316,CUST00249,FLT00053,2027-04-04,MAA,DEL,5,16227,INR,refunded,confirmed,2027-03-03
FBK000317,CUST00215,FLT00167,2027-01-19,HYD,GOI,1,78378,INR,failed,failed,2026-12-21
FBK000318,CUST00016,FLT00023,2027-01-16,PNQ,CCU,6,82682,INR,failed,failed,2026-12-16
FBK000319,CUST00217,FLT00134,2027-02-09,COK,DEL,6,13242,INR,pending,failed,2027-02-05
FBK000320,CUST00211,FLT00121,2026-12-20,CCU,DEL,5,47829,INR,paid,cancelled,2026-11-01
FBK000321,CUST00102,FLT00148,2026-12-26,BLR,MAA,1,31152,INR,pending,failed,2026-11-18
FBK000322,CUST00036,FLT00108,2027-04-02,JAI,PNQ,1,66308,INR,paid,cancelled,2027-03-11
FBK000323,CUST00024,FLT00339,2026-11-21,MAA,BOM,1,15949,INR,paid,failed,2026-10-30
FBK000324,CUST00073,FLT00094,2026-12-22,JAI,CCU,2,75322,INR,paid,cancelled,2026-11-16
FBK000325,CUST00115,FLT00231,2026-11-13,COK,CCU,5,90456,INR,failed,confirmed,2026-10-28
FBK000326,CUST00210,FLT00159,2027-02-22,CCU,MAA,5,86668,INR,failed,confirmed,2027-02-06
FBK000327,CUST00290,FLT00476,2026-10-20,BLR,DEL,5,45518,INR,paid,cancelled,2026-10-16
FBK000328,CUST00222,FLT00111,2026-10-11,GOI,MAA,3,27259,INR,refunded,cancelled,2026-10-01
FBK000329,CUST00125,FLT00046,2026-11-16,BLR,PNQ,5,51132,INR,paid,initiated,2026-10-31
FBK000330,CUST00250,FLT00423,2026-12-03,DEL,HYD,6,52762,INR,failed,initiated,2026-10-08
FBK000331,CUST00129,FLT00409,2027-02-11,MAA,BLR,6,71012,INR,pending,cancelled,2027-01-29
FBK000332,CUST00169,FLT00349,2027-03-07,HYD,PNQ,2,60393,INR,paid,initiated,2027-01-09
FBK000333,CUST00009,FLT00466,2027-03-01,JAI,PNQ,2,45287,INR,refunded,failed,2027-02-12
FBK000334,CUST00095,FLT00008,2027-02-10,DEL,COK,6,77353,INR,pending,initiated,2027-01-13
FBK000335,CUST00243,FLT00106,2026-12-16,BOM,DEL,1,27603,INR,failed,confirmed,2026-11-25
FBK000336,CUST00108,FLT00381,2027-03-02,DEL,COK,2,96079,INR,pending,cancelled,2027-03-02
FBK000337,CUST00178,FLT00006,2026-12-14,HYD,BLR,4,77339,INR,refunded,initiated,2026-11-01
FBK000338,CUST00148,FLT00021,2027-02-02,GOI,BLR,4,29947,INR,paid,confirmed,2027-01-31
FBK000339,CUST00109,FLT00239,2027-03-30,PNQ,GOI,2,39408,INR,failed,initiated,2027-02-04
FBK000340,CUST00088,FLT00288,2027-03-25,CCU,GOI,3,16634,INR,failed,cancelled,2027-02-11
FBK000341,CUST00224,FLT00339,2027-01-24,BOM,PNQ,4,83192,INR,failed,failed,2027-01-12
FBK000342,CUST00087,FLT00477,2026-11-23,MAA,DEL,2,54147,INR,failed,initiated,2026-10-15
FBK000343,CUST00293,FLT00138,2026-11-09,COK,CCU,5,44198,INR,paid,initiated,2026-10-03
FBK000344,CUST00079,FLT00493,2027-02-16,BLR,DEL,2,18799,INR,pending,failed,2026-12-28
FBK000345,CUST00184,FLT00492,2026-12-31,GOI,COK,2,74541,INR,paid,initiated,2026-12-01
FBK000346,CUST00066,FLT00210,2027-02-01,DEL,GOI,5,98063,INR,refunded,cancelled,2027-01-06
FBK000347,CUST00125,FLT00275,2026-12-04,BLR,HYD,2,27060,INR,refunded,confirmed,2026-10-26
FBK000348,CUST00060,FLT00294,2026-12-12,DEL,JAI,2,39056,INR,paid,cancelled,2026-11-03
FBK000349,CUST00213,FLT00162,2026-12-16,COK,MAA,5,31040,INR,pending,cancelled,2026-11-10
FBK000350,CUST00110,FLT00074,2026-11-19,CCU,BOM,1,69523,INR,paid,initiated,2026-11-17
FBK000351,CUST00056,FLT00058,2026-12-13,JAI,MAA,3,15653,INR,failed,confirmed,2026-11-21
FBK000352,CUST00251,FLT00012,2027-02-03,BOM,MAA,6,83871,INR,pending,initiated,2027-01-14
FBK000353,CUST00192,FLT00302,2026-12-23,DEL,MAA,6,23820,INR,refunded,failed,2026-12-22
FBK000354,CUST00160,FLT00102,2027-04-28,CCU,GOI,1,96345,INR,failed,initiated,2027-03-02
FBK000355,CUST00253,FLT00422,2027-03-25,JAI,DEL,4,62143,INR,refunded,cancelled,2027-02-23
FBK000356,CUST00119,FLT00488,2027-03-06,JAI,MAA,4,18476,INR,failed,cancelled,2027-01-10
FBK000357,CUST00091,FLT00307,2026-12-29,BLR,COK,4,51495,INR,pending,initiated,2026-11-29
FBK000358,CUST00015,FLT00407,2026-11-16,CCU,JAI,6,41871,INR,refunded,failed,2026-11-03
FBK000359,CUST00119,FLT00132,2027-01-22,DEL,GOI,5,40261,INR,pending,cancelled,2026-12-06
FBK000360,CUST00273,FLT00169,2026-12-24,MAA,HYD,3,42550,INR,refunded,confirmed,2026-11-14
FBK000361,CUST00262,FLT00369,2026-11-09,BLR,PNQ,2,82626,INR,paid,cancelled,2026-10-21
FBK000362,CUST00110,FLT00232,2026-12-04,CCU,MAA,4,24362,INR,failed,confirmed,2026-10-28
FBK000363,CUST00261,FLT00175,2027-04-13,PNQ,HYD,3,44243,INR,failed,confirmed,2027-03-05
FBK000364,CUST00210,FLT00380,2027-05-04,COK,BLR,5,11996,INR,refunded,initiated,2027-03-24
FBK000365,CUST00185,FLT00069,2027-02-16,BOM,COK,3,30007,INR,refunded,initiated,2027-01-11
FBK000366,CUST00267,FLT00411,2027-03-13,PNQ,GOI,2,68942,INR,paid,confirmed,2027-02-10
FBK000367,CUST00180,FLT00190,2026-11-11,JAI,MAA,2,63524,INR,pending,confirmed,2026-11-03
FBK000368,CUST00067,FLT00339,2027-01-10,COK,HYD,5,82447,INR,refunded,confirmed,2027-01-09
FBK000369,CUST00142,FLT00069,2026-11-22,HYD,GOI,2,63591,INR,refunded,confirmed,2026-10-06
FBK000370,CUST00118,FLT00237,2027-02-21,BOM,JAI,1,37824,INR,pending,confirmed,2027-01-28
FBK000371,CUST00186,FLT00454,2027-01-26,BOM,PNQ,5,76106,INR,refunded,confirmed,2027-01-25
FBK000372,CUST00153,FLT00295,2027-03-22,HYD,GOI,4,33429,INR,failed,failed,2027-02-17
FBK000373,CUST00138,FLT00443,2026-12-28,GOI,COK,6,13258,INR,pending,initiated,2026-11-24
FBK000374,CUST00201,FLT00035,2026-12-08,BLR,GOI,4,80411,INR,paid,cancelled,2026-12-03
FBK000375,CUST00144,FLT00110,2026-12-22,GOI,BLR,6,60217,INR,refunded,cancelled,2026-10-28
FBK000376,CUST00213,FLT00094,2027-03-30,MAA,HYD,1,29422,INR,failed,cancelled,2027-03-04
FBK000377,CUST00231,FLT00477,2027-02-11,GOI,HYD,4,98139,INR,paid,initiated,2027-01-29
FBK000378,CUST00059,FLT00340,2027-01-03,BLR,CCU,1,8907,INR,failed,failed,2026-12-22
FBK000379,CUST00202,FLT00415,2026-12-10,BLR,BOM,3,47572,INR,failed,confirmed,2026-10-12
FBK000380,CUST00186,FLT00111,2027-04-03,JAI,CCU,6,72929,INR,refunded,failed,2027-02-19
FBK000381,CUST00131,FLT00491,2026-11-24,DEL,JAI,1,84535,INR,pending,confirmed,2026-10-26
FBK000382,CUST00067,FLT00128,2027-04-17,DEL,MAA,1,89813,INR,paid,initiated,2027-03-11
FBK000383,CUST00286,FLT00077,2027-01-11,CCU,HYD,4,32495,INR,pending,failed,2026-12-11
FBK000384,CUST00243,FLT00411,2027-01-01,BLR,BOM,3,52267,INR,refunded,confirmed,2026-12-22
FBK000385,CUST00185,FLT00467,2027-02-11,MAA,CCU,5,32395,INR,refunded,initiated,2027-01-03
FBK000386,CUST00290,FLT00217,2026-12-24,MAA,CCU,3,96924,INR,pending,failed,2026-11-06
FBK000387,CUST00055,FLT00251,2027-02-08,DEL,GOI,2,44971,INR,paid,cancelled,2027-01-23
FBK000388,CUST00115,FLT00171,2027-04-20,COK,PNQ,4,50089,INR,failed,cancelled,2027-03-27
FBK000389,CUST00141,FLT00245,2027-04-15,BOM,GOI,4,86626,INR,refunded,initiated,2027-03-10
FBK000390,CUST00031,FLT00110,2027-05-11,DEL,COK,4,97746,INR,pending,cancelled,2027-03-25
FBK000391,CUST00037,FLT00029,2027-01-14,COK,GOI,2,27700,INR,pending,initiated,2026-12-31
FBK000392,CUST00087,FLT00067,2026-11-07,PNQ,MAA,2,3952,INR,pending,cancelled,2026-10-30
FBK000393,CUST00123,FLT00083,2027-03-21,BOM,BLR,5,25819,INR,paid,failed,2027-03-16
FBK000394,CUST00233,FLT00093,2027-04-21,GOI,BOM,3,22278,INR,refunded,cancelled,2027-03-29
FBK000395,CUST00284,FLT00279,2026-11-22,BLR,GOI,4,96334,INR,failed,initiated,2026-10-05
FBK000396,CUST00157,FLT00394,2027-01-02,HYD,BLR,4,14681,INR,refunded,cancelled,2026-12-03
FBK000397,CUST00255,FLT00302,2027-02-11,HYD,DEL,5,59562,INR,failed,failed,2027-01-04
FBK000398,CUST00117,FLT00463,2027-03-27,BLR,HYD,2,42323,INR,pending,initiated,2027-03-19
FBK000399,CUST00054,FLT00460,2027-05-11,CCU,MAA,6,92025,INR,pending,failed,2027-03-30
FBK000400,CUST00299,FLT00248,2027-01-20,BLR,HYD,3,32419,INR,refunded,confirmed,2027-01-01
FBK000401,CUST00066,FLT00453,2027-02-25,HYD,COK,6,76055,INR,refunded,initiated,2026-12-29
FBK000402,CUST00051,FLT00059,2027-02-06,MAA,HYD,4,87172,INR,failed,cancelled,2027-01-18
FBK000403,CUST00252,FLT00320,2027-03-20,BOM,MAA,5,40041,INR,failed,cancelled,2027-02-17
FBK000404,CUST00175,FLT00227,2027-02-01,JAI,HYD,1,58561,INR,pending,failed,2027-01-14
FBK000405,CUST00113,FLT00183,2027-02-20,GOI,BOM,5,28104,INR,paid,failed,2027-01-09
FBK000406,CUST00025,FLT00297,2026-11-13,COK,CCU,5,25253,INR,paid,confirmed,2026-10-05
FBK000407,CUST00003,FLT00347,2027-03-12,HYD,BOM,5,61081,INR,failed,failed,2027-03-12
FBK000408,CUST00152,FLT00185,2026-12-29,COK,DEL,5,42188,INR,refunded,initiated,2026-11-12
FBK000409,CUST00133,FLT00139,2026-12-28,PNQ,DEL,2,5920,INR,paid,cancelled,2026-11-05
FBK000410,CUST00161,FLT00265,2027-01-17,HYD,DEL,2,59329,INR,pending,failed,2027-01-08
FBK000411,CUST00159,FLT00023,2027-03-26,COK,HYD,5,62878,INR,pending,initiated,2027-02-15
FBK000412,CUST00110,FLT00259,2027-01-27,PNQ,BLR,6,91865,INR,paid,initiated,2027-01-23
FBK000413,CUST00073,FLT00089,2026-12-07,BLR,BOM,3,34303,INR,failed,cancelled,2026-12-05
FBK000414,CUST00282,FLT00444,2027-03-25,MAA,CCU,3,87857,INR,failed,confirmed,2027-02-05
FBK000415,CUST00175,FLT00453,2027-04-06,BOM,HYD,4,6103,INR,refunded,cancelled,2027-02-15
FBK000416,CUST00027,FLT00330,2027-05-06,PNQ,JAI,5,83042,INR,pending,initiated,2027-03-08
FBK000417,CUST00139,FLT00187,2027-04-24,PNQ,MAA,6,54112,INR,paid,failed,2027-03-17
FBK000418,CUST00264,FLT00231,2027-01-21,DEL,CCU,1,97696,INR,refunded,cancelled,2026-11-22
FBK000419,CUST00045,FLT00130,2027-04-29,BOM,CCU,1,44428,INR,failed,failed,2027-03-13
FBK000420,CUST00066,FLT00096,2027-04-14,MAA,CCU,4,94357,INR,pending,confirmed,2027-03-07
FBK000421,CUST00093,FLT00449,2027-03-30,BOM,CCU,6,79915,INR,failed,initiated,2027-03-09
FBK000422,CUST00182,FLT00457,2027-01-26,DEL,CCU,2,72699,INR,paid,failed,2027-01-13
FBK000423,CUST00210,FLT00185,2027-04-29,DEL,PNQ,5,3990,INR,pending,cancelled,2027-03-20
FBK000424,CUST00289,FLT00370,2027-01-24,JAI,DEL,4,3611,INR,refunded,failed,2027-01-23
FBK000425,CUST00299,FLT00271,2027-02-07,COK,PNQ,6,26420,INR,refunded,confirmed,2027-01-02
FBK000426,CUST00024,FLT00441,2027-01-26,GOI,COK,5,75226,INR,refunded,failed,2026-12-31
FBK000427,CUST00158,FLT00292,2026-10-10,PNQ,HYD,3,34871,INR,paid,failed,2026-10-10
FBK000428,CUST00157,FLT00169,2027-01-10,BOM,MAA,2,27117,INR,paid,cancelled,2026-12-28
FBK000429,CUST00296,FLT00220,2027-01-12,BLR,PNQ,6,82192,INR,paid,cancelled,2026-12-01
FBK000430,CUST00181,FLT00131,2027-04-21,COK,JAI,3,60549,INR,refunded,confirmed,2027-02-24
FBK000431,CUST00273,FLT00116,2027-04-02,JAI,CCU,5,41917,INR,pending,failed,2027-03-27
FBK000432,CUST00294,FLT00084,2026-10-31,GOI,PNQ,2,57400,INR,failed,cancelled,2026-10-16
FBK000433,CUST00113,FLT00024,2027-01-18,MAA,HYD,1,66344,INR,pending,failed,2026-12-21
FBK000434,CUST00179,FLT00302,2026-11-15,MAA,COK,4,84471,INR,failed,cancelled,2026-10-09
FBK000435,CUST00150,FLT00089,2027-04-01,MAA,COK,1,74283,INR,failed,confirmed,2027-02-17
FBK000436,CUST00263,FLT00434,2026-11-12,GOI,HYD,4,21894,INR,paid,cancelled,2026-10-06
FBK000437,CUST00169,FLT00265,2027-03-18,BOM,COK,3,80347,INR,refunded,initiated,2027-03-10
FBK000438,CUST00106,FLT00325,2027-04-12,GOI,PNQ,3,13319,INR,failed,failed,2027-03-17
FBK000439,CUST00014,FLT00220,2027-03-05,HYD,BLR,6,67072,INR,failed,cancelled,2027-01-25
FBK000440,CUST00118,FLT00184,2027-02-22,CCU,BLR,5,57994,INR,failed,failed,2027-02-03
FBK000441,CUST00220,FLT00126,2027-01-23,DEL,BLR,3,18003,INR,paid,cancelled,2026-12-05
FBK000442,CUST00234,FLT00115,2027-01-07,JAI,MAA,3,46346,INR,paid,failed,2027-01-03
FBK000443,CUST00234,FLT00303,2026-11-09,JAI,BLR,3,84478,INR,paid,cancelled,2026-10-12
FBK000444,CUST00163,FLT00302,2027-01-13,BOM,DEL,3,5813,INR,refunded,failed,2027-01-10
FBK000445,CUST00016,FLT00478,2027-03-25,HYD,MAA,1,82217,INR,refunded,cancelled,2027-02-08
FBK000446,CUST00234,FLT00061,2027-03-29,PNQ,BOM,4,53592,INR,failed,failed,2027-03-02
FBK000447,CUST00082,FLT00423,2027-04-13,BOM,COK,2,30356,INR,failed,initiated,2027-03-13
FBK000448,CUST00108,FLT00331,2026-12-16,CCU,GOI,6,14204,INR,paid,cancelled,2026-12-03
FBK000449,CUST00038,FLT00119,2026-12-17,JAI,BOM,4,72848,INR,paid,failed,2026-10-18
FBK000450,CUST00019,FLT00106,2027-03-20,BOM,JAI,1,76974,INR,paid,failed,2027-01-31
FBK000451,CUST00096,FLT00072,2027-02-12,COK,CCU,4,81921,INR,pending,failed,2027-02-09
FBK000452,CUST00216,FLT00204,2027-03-21,BOM,COK,4,47764,INR,refunded,confirmed,2027-02-20
FBK000453,CUST00104,FLT00138,2027-01-10,BOM,COK,5,2620,INR,pending,cancelled,2026-12-05
FBK000454,CUST00266,FLT00491,2027-02-11,HYD,JAI,3,17162,INR,refunded,confirmed,2027-01-05
FBK000455,CUST00115,FLT00010,2027-01-07,DEL,HYD,2,86126,INR,pending,cancelled,2026-12-15
FBK000456,CUST00298,FLT00280,2027-02-26,HYD,PNQ,4,55529,INR,failed,cancelled,2027-02-11
FBK000457,CUST00134,FLT00189,2026-12-06,CCU,MAA,5,50252,INR,paid,confirmed,2026-10-28
FBK000458,CUST00242,FLT00209,2027-01-03,CCU,BLR,2,93432,INR,paid,cancelled,2027-01-03
FBK000459,CUST00152,FLT00053,2026-12-11,HYD,CCU,4,33309,INR,paid,initiated,2026-10-19
FBK000460,CUST00027,FLT00267,2027-02-09,HYD,MAA,1,27822,INR,refunded,confirmed,2027-01-29
FBK000461,CUST00243,FLT00097,2026-11-16,HYD,DEL,6,14497,INR,paid,failed,2026-10-26
FBK000462,CUST00183,FLT00015,2026-12-25,MAA,HYD,1,99799,INR,failed,confirmed,2026-12-25
FBK000463,CUST00053,FLT00088,2026-12-20,JAI,COK,5,87744,INR,pending,initiated,2026-11-08
FBK000464,CUST00142,FLT00452,2027-02-14,HYD,BOM,5,65111,INR,paid,failed,2026-12-24
FBK000465,CUST00286,FLT00142,2026-11-07,MAA,DEL,2,57910,INR,refunded,initiated,2026-10-01
FBK000466,CUST00124,FLT00147,2027-03-16,CCU,MAA,5,28102,INR,pending,initiated,2027-03-15
FBK000467,CUST00268,FLT00376,2027-04-11,MAA,DEL,4,78323,INR,pending,confirmed,2027-02-12
FBK000468,CUST00218,FLT00087,2027-01-20,COK,BLR,2,97931,INR,failed,confirmed,2026-12-20
FBK000469,CUST00180,FLT00160,2027-01-09,GOI,COK,4,5249,INR,failed,cancelled,2026-11-21
FBK000470,CUST00029,FLT00411,2027-02-04,MAA,DEL,2,35977,INR,paid,initiated,2027-01-06
FBK000471,CUST00217,FLT00216,2026-12-16,MAA,PNQ,6,36796,INR,refunded,failed,2026-11-17
FBK000472,CUST00177,FLT00473,2027-03-01,DEL,BLR,1,45882,INR,failed,confirmed,2027-01-19
FBK000473,CUST00170,FLT00011,2027-02-10,CCU,BOM,4,6029,INR,pending,failed,2026-12-26
FBK000474,CUST00238,FLT00079,2026-12-24,CCU,MAA,1,57062,INR,pending,cancelled,2026-11-18
FBK000475,CUST00247,FLT00319,2027-02-06,BLR,BOM,6,11375,INR,paid,cancelled,2026-12-08
FBK000476,CUST00211,FLT00326,2027-03-30,COK,PNQ,4,97378,INR,pending,initiated,2027-02-12
FBK000477,CUST00179,FLT00348,2027-02-10,GOI,HYD,6,62314,INR,failed,initiated,2027-02-02
FBK000478,CUST00261,FLT00384,2027-01-28,CCU,BOM,3,59165,INR,failed,cancelled,2026-12-18
FBK000479,CUST00130,FLT00298,2026-12-03,BOM,BLR,4,33627,INR,failed,cancelled,2026-11-18
FBK000480,CUST00195,FLT00120,2027-04-05,BLR,DEL,6,66262,INR,refunded,initiated,2027-03-25
FBK000481,CUST00033,FLT00142,2027-01-05,CCU,GOI,4,83679,INR,failed,initiated,2026-11-21
FBK000482,CUST00122,FLT00137,2027-02-13,MAA,PNQ,2,49253,INR,paid,confirmed,2027-02-09
FBK000483,CUST00015,FLT00450,2027-02-17,HYD,DEL,3,43292,INR,paid,cancelled,2027-02-10
FBK000484,CUST00091,FLT00293,2027-02-08,JAI,BOM,2,4404,INR,paid,failed,2026-12-13
FBK000485,CUST00032,FLT00027,2026-11-17,BLR,MAA,3,61133,INR,refunded,initiated,2026-10-19
FBK000486,CUST00206,FLT00215,2027-03-30,BLR,DEL,1,76232,INR,pending,cancelled,2027-02-28
FBK000487,CUST00244,FLT00174,2027-03-07,PNQ,CCU,6,41191,INR,paid,initiated,2027-02-12
FBK000488,CUST00164,FLT00089,2027-01-27,MAA,DEL,6,51835,INR,pending,failed,2027-01-22
FBK000489,CUST00167,FLT00096,2027-02-03,BOM,COK,2,90659,INR,pending,initiated,2027-01-22
FBK000490,CUST00137,FLT00480,2027-01-21,CCU,JAI,3,66281,INR,refunded,failed,2026-12-18
FBK000491,CUST00221,FLT00087,2027-01-26,DEL,MAA,6,18211,INR,failed,initiated,2026-11-28
FBK000492,CUST00160,FLT00438,2027-05-01,BLR,COK,5,41582,INR,failed,initiated,2027-03-22
FBK000493,CUST00002,FLT00343,2027-03-25,HYD,BOM,6,3090,INR,pending,initiated,2027-03-06
FBK000494,CUST00072,FLT00054,2027-04-21,BLR,CCU,3,22983,INR,refunded,initiated,2027-03-20
FBK000495,CUST00048,FLT00131,2027-01-23,MAA,HYD,4,13650,INR,failed,cancelled,2027-01-10
FBK000496,CUST00134,FLT00086,2027-03-17,JAI,BOM,6,32365,INR,failed,confirmed,2027-02-17
FBK000497,CUST00054,FLT00393,2026-12-29,CCU,BLR,3,15862,INR,pending,initiated,2026-11-03
FBK000498,CUST00194,FLT00328,2027-01-29,CCU,JAI,3,55835,INR,refunded,failed,2027-01-23
FBK000499,CUST00035,FLT00196,2026-12-16,JAI,HYD,5,81631,INR,pending,initiated,2026-11-17
FBK000500,CUST00038,FLT00351,2027-01-28,HYD,CCU,2,75714,INR,failed,confirmed,2026-12-14
FBK000501,CUST00177,FLT00382,2027-02-04,CCU,COK,5,88785,INR,failed,cancelled,2027-01-24
FBK000502,CUST00031,FLT00351,2026-12-16,JAI,DEL,2,78871,INR,refunded,confirmed,2026-11-13
FBK000503,CUST00291,FLT00112,2026-12-22,GOI,MAA,4,34472,INR,refunded,confirmed,2026-11-18
FBK000504,CUST00029,FLT00051,2027-01-25,MAA,BLR,1,51239,INR,failed,cancelled,2026-12-30
FBK000505,CUST00219,FLT00014,2027-03-08,JAI,CCU,2,96742,INR,refunded,failed,2027-01-17
FBK000506,CUST00004,FLT00378,2027-01-23,COK,JAI,5,30036,INR,refunded,failed,2026-12-15
FBK000507,CUST00076,FLT00139,2027-05-15,CCU,HYD,3,56915,INR,pending,failed,2027-03-28
FBK000508,CUST00212,FLT00321,2027-05-15,BLR,JAI,5,35527,INR,failed,initiated,2027-03-23
FBK000509,CUST00090,FLT00287,2026-11-28,PNQ,COK,6,17616,INR,failed,cancelled,2026-11-03
FBK000510,CUST00261,FLT00212,2027-03-07,BLR,PNQ,4,60783,INR,paid,confirmed,2027-01-24
FBK000511,CUST00286,FLT00043,2026-11-03,JAI,BOM,4,59076,INR,paid,failed,2026-10-22
FBK000512,CUST00254,FLT00249,2027-04-10,DEL,BLR,2,58269,INR,paid,failed,2027-02-09
FBK000513,CUST00007,FLT00243,2027-02-27,GOI,BOM,2,56560,INR,pending,failed,2027-02-23
FBK000514,CUST00257,FLT00053,2027-04-07,BLR,CCU,1,21149,INR,failed,cancelled,2027-02-28
FBK000515,CUST00061,FLT00092,2026-11-16,DEL,PNQ,3,3203,INR,refunded,failed,2026-11-03
FBK000516,CUST00133,FLT00377,2027-04-10,PNQ,JAI,6,75389,INR,paid,confirmed,2027-03-25
FBK000517,CUST00048,FLT00474,2027-02-23,HYD,CCU,6,56801,INR,failed,failed,2027-02-16
FBK000518,CUST00299,FLT00311,2026-11-12,COK,HYD,2,31635,INR,paid,failed,2026-10-16
FBK000519,CUST00004,FLT00278,2027-02-25,BLR,PNQ,5,73674,INR,paid,failed,2027-02-07
FBK000520,CUST00028,FLT00118,2026-12-15,CCU,MAA,1,52685,INR,failed,cancelled,2026-10-24
FBK000521,CUST00164,FLT00158,2027-01-23,CCU,MAA,5,91057,INR,paid,confirmed,2026-12-15
FBK000522,CUST00092,FLT00386,2027-04-20,COK,PNQ,5,80475,INR,failed,initiated,2027-03-13
FBK000523,CUST00192,FLT00150,2027-01-06,CCU,BLR,4,10569,INR,pending,cancelled,2026-11-16
FBK000524,CUST00045,FLT00182,2027-04-23,JAI,COK,4,42344,INR,refunded,confirmed,2027-03-23
FBK000525,CUST00020,FLT00010,2027-03-14,PNQ,BOM,3,5964,INR,refunded,initiated,2027-02-23
FBK000526,CUST00054,FLT00360,2027-02-16,CCU,HYD,5,94758,INR,refunded,confirmed,2026-12-22
FBK000527,CUST00205,FLT00018,2027-01-01,BLR,MAA,6,26717,INR,refunded,confirmed,2026-12-17
FBK000528,CUST00210,FLT00001,2026-12-30,JAI,BLR,5,74952,INR,pending,confirmed,2026-11-07
FBK000529,CUST00218,FLT00488,2027-02-04,BLR,MAA,1,67702,INR,paid,initiated,2026-12-07
FBK000530,CUST00147,FLT00270,2027-04-02,BOM,CCU,1,75041,INR,refunded,confirmed,2027-03-20
FBK000531,CUST00050,FLT00279,2027-02-10,GOI,HYD,2,97643,INR,paid,cancelled,2027-02-09
FBK000532,CUST00231,FLT00409,2026-11-17,GOI,BOM,6,47090,INR,paid,failed,2026-10-06
FBK000533,CUST00254,FLT00309,2027-03-04,GOI,DEL,4,46923,INR,pending,initiated,2027-01-17
FBK000534,CUST00273,FLT00224,2027-03-04,DEL,BOM,6,77865,INR,failed,initiated,2027-02-12
FBK000535,CUST00040,FLT00182,2027-03-29,MAA,GOI,3,11721,INR,refunded,initiated,2027-02-01
FBK000536,CUST00269,FLT00487,2027-05-20,COK,PNQ,6,55024,INR,paid,failed,2027-03-30
FBK000537,CUST00158,FLT00219,2026-11-25,DEL,COK,5,67862,INR,pending,failed,2026-11-18
FBK000538,CUST00266,FLT00210,2026-12-06,COK,BOM,4,91709,INR,paid,failed,2026-11-03
FBK000539,CUST00190,FLT00029,2027-02-16,MAA,GOI,1,81583,INR,paid,cancelled,2027-01-29
FBK000540,CUST00066,FLT00498,2026-10-29,BOM,MAA,4,14843,INR,failed,confirmed,2026-10-23
FBK000541,CUST00249,FLT00374,2026-10-16,CCU,BLR,2,90652,INR,paid,failed,2026-10-15
FBK000542,CUST00215,FLT00357,2026-12-23,JAI,PNQ,6,10039,INR,pending,failed,2026-11-10
FBK000543,CUST00286,FLT00071,2027-01-03,COK,MAA,3,21777,INR,pending,confirmed,2026-11-28
FBK000544,CUST00042,FLT00089,2026-10-31,PNQ,BLR,6,64126,INR,paid,initiated,2026-10-06
FBK000545,CUST00178,FLT00193,2027-03-20,COK,HYD,3,23049,INR,pending,initiated,2027-03-08
FBK000546,CUST00044,FLT00260,2027-03-31,CCU,JAI,1,88062,INR,failed,initiated,2027-03-30
FBK000547,CUST00287,FLT00373,2026-12-04,JAI,GOI,5,77566,INR,paid,cancelled,2026-11-23
FBK000548,CUST00092,FLT00416,2026-11-04,HYD,CCU,4,27964,INR,failed,failed,2026-11-01
FBK000549,CUST00007,FLT00143,2026-11-20,MAA,BOM,4,95084,INR,refunded,initiated,2026-10-27
FBK000550,CUST00279,FLT00122,2027-03-27,BLR,BOM,5,49442,INR,paid,cancelled,2027-02-25
FBK000551,CUST00184,FLT00484,2026-12-29,JAI,GOI,3,76227,INR,pending,initiated,2026-11-15
FBK000552,CUST00107,FLT00323,2026-11-29,MAA,HYD,5,39839,INR,paid,failed,2026-10-29
FBK000553,CUST00265,FLT00249,2026-12-30,MAA,BLR,5,88668,INR,failed,failed,2026-11-22
FBK000554,CUST00076,FLT00486,2026-11-10,BLR,GOI,5,42382,INR,refunded,failed,2026-10-12
FBK000555,CUST00254,FLT00399,2026-11-19,DEL,PNQ,2,36391,INR,refunded,cancelled,2026-11-18
FBK000556,CUST00290,FLT00455,2027-04-21,BOM,GOI,1,45469,INR,failed,confirmed,2027-02-28
FBK000557,CUST00160,FLT00211,2027-02-06,MAA,PNQ,4,98284,INR,failed,failed,2026-12-25
FBK000558,CUST00049,FLT00472,2027-01-30,DEL,HYD,2,33253,INR,refunded,confirmed,2026-12-01
FBK000559,CUST00175,FLT00198,2027-04-09,DEL,BLR,6,93120,INR,paid,failed,2027-03-13
FBK000560,CUST00134,FLT00181,2026-10-20,MAA,HYD,6,90425,INR,paid,failed,2026-10-08
FBK000561,CUST00099,FLT00110,2027-01-15,MAA,BOM,1,88037,INR,pending,initiated,2026-12-21
FBK000562,CUST00015,FLT00104,2027-04-10,HYD,GOI,3,23882,INR,pending,initiated,2027-02-10
FBK000563,CUST00214,FLT00402,2026-10-28,PNQ,DEL,3,39948,INR,failed,initiated,2026-10-10
FBK000564,CUST00088,FLT00292,2027-05-21,CCU,GOI,5,44573,INR,refunded,initiated,2027-03-24
FBK000565,CUST00286,FLT00430,2027-04-14,BOM,MAA,5,40078,INR,paid,confirmed,2027-02-17
FBK000566,CUST00114,FLT00361,2026-12-02,BLR,PNQ,5,61357,INR,refunded,failed,2026-11-25
FBK000567,CUST00244,FLT00167,2027-01-29,GOI,DEL,4,30095,INR,refunded,confirmed,2026-12-01
FBK000568,CUST00258,FLT00441,2027-04-15,DEL,HYD,2,61115,INR,pending,cancelled,2027-03-25
FBK000569,CUST00019,FLT00496,2027-03-22,CCU,DEL,3,21258,INR,paid,confirmed,2027-02-17
FBK000570,CUST00300,FLT00328,2027-02-06,MAA,BLR,3,23913,INR,failed,failed,2027-01-05
FBK000571,CUST00179,FLT00254,2027-05-04,BOM,GOI,2,86099,INR,pending,confirmed,2027-03-30
FBK000572,CUST00269,FLT00441,2027-03-20,DEL,BLR,2,64762,INR,refunded,cancelled,2027-03-12
FBK000573,CUST00116,FLT00416,2027-04-23,JAI,COK,2,27582,INR,paid,confirmed,2027-03-11
FBK000574,CUST00252,FLT00323,2026-12-17,DEL,PNQ,6,64232,INR,failed,cancelled,2026-11-23
FBK000575,CUST00137,FLT00150,2027-03-16,GOI,MAA,5,15462,INR,failed,cancelled,2027-02-10
FBK000576,CUST00012,FLT00105,2027-04-08,COK,MAA,4,48146,INR,paid,initiated,2027-03-11
FBK000577,CUST00059,FLT00285,2027-03-04,DEL,MAA,3,45724,INR,pending,failed,2027-01-26
FBK000578,CUST00209,FLT00127,2027-02-05,BOM,PNQ,5,92733,INR,refunded,failed,2026-12-17
FBK000579,CUST00052,FLT00254,2027-03-07,GOI,HYD,5,56172,INR,paid,cancelled,2027-02-08
FBK000580,CUST00077,FLT00195,2027-03-17,BOM,MAA,3,80926,INR,paid,initiated,2027-01-27
FBK000581,CUST00026,FLT00343,2026-11-03,JAI,DEL,6,28534,INR,pending,cancelled,2026-10-03
FBK000582,CUST00271,FLT00477,2026-11-14,PNQ,GOI,1,71069,INR,failed,confirmed,2026-10-27
FBK000583,CUST00254,FLT00088,2027-02-02,COK,HYD,2,43737,INR,refunded,initiated,2027-01-21
FBK000584,CUST00130,FLT00266,2027-02-22,BLR,JAI,4,69081,INR,pending,confirmed,2027-01-12
FBK000585,CUST00203,FLT00381,2027-02-15,CCU,JAI,1,27128,INR,paid,cancelled,2027-01-13
FBK000586,CUST00296,FLT00230,2027-05-04,COK,BOM,1,66591,INR,failed,initiated,2027-03-05
FBK000587,CUST00129,FLT00078,2027-04-18,CCU,JAI,5,52061,INR,refunded,confirmed,2027-03-11
FBK000588,CUST00020,FLT00189,2026-12-30,BOM,CCU,2,45950,INR,failed,confirmed,2026-11-09
FBK000589,CUST00027,FLT00016,2026-10-16,PNQ,BLR,1,9976,INR,refunded,failed,2026-10-09
FBK000590,CUST00291,FLT00373,2026-11-29,JAI,COK,1,89870,INR,refunded,cancelled,2026-10-04
FBK000591,CUST00117,FLT00385,2027-05-18,HYD,CCU,3,36257,INR,failed,confirmed,2027-03-20
FBK000592,CUST00061,FLT00473,2026-11-18,JAI,COK,3,95541,INR,paid,confirmed,2026-10-19
FBK000593,CUST00118,FLT00274,2027-03-12,GOI,BOM,2,10233,INR,pending,initiated,2027-01-29
FBK000594,CUST00091,FLT00470,2026-11-23,HYD,CCU,2,74674,INR,paid,cancelled,2026-10-19
FBK000595,CUST00129,FLT00102,2027-02-12,MAA,CCU,2,75348,INR,pending,cancelled,2027-02-03
FBK000596,CUST00082,FLT00364,2027-02-16,PNQ,BLR,6,24829,INR,refunded,cancelled,2027-01-20
FBK000597,CUST00181,FLT00276,2026-11-16,MAA,PNQ,4,24529,INR,paid,cancelled,2026-11-02
FBK000598,CUST00152,FLT00288,2026-11-29,HYD,BOM,5,19979,INR,pending,failed,2026-10-10
FBK000599,CUST00080,FLT00215,2027-02-09,CCU,HYD,3,61037,INR,paid,confirmed,2026-12-25
FBK000600,CUST00188,FLT00170,2026-11-27,PNQ,JAI,1,75392,INR,pending,confirmed,2026-11-04
FBK000601,CUST00121,FLT00409,2027-03-20,COK,BLR,6,66015,INR,refunded,cancelled,2027-02-20
FBK000602,CUST00188,FLT00325,2026-10-26,GOI,BOM,1,56142,INR,pending,initiated,2026-10-07
FBK000603,CUST00029,FLT00180,2027-03-04,COK,BOM,6,71250,INR,paid,confirmed,2027-02-12
FBK000604,CUST00126,FLT00166,2027-03-26,BOM,BLR,2,10830,INR,refunded,initiated,2027-02-20
FBK000605,CUST00156,FLT00030,2026-11-22,BLR,BOM,5,57121,INR,refunded,cancelled,2026-10-13
FBK000606,CUST00277,FLT00352,2027-03-14,JAI,DEL,1,70781,INR,failed,initiated,2027-01-15
FBK000607,CUST00268,FLT00335,2027-05-04,GOI,COK,4,87821,INR,refunded,confirmed,2027-03-06
FBK000608,CUST00149,FLT00141,2027-03-31,MAA,GOI,2,21543,INR,paid,initiated,2027-03-15
FBK000609,CUST00276,FLT00295,2027-02-07,COK,DEL,1,89198,INR,pending,initiated,2026-12-25
FBK000610,CUST00179,FLT00306,2027-03-28,BLR,BOM,5,63676,INR,pending,cancelled,2027-03-07
FBK000611,CUST00062,FLT00380,2026-10-31,BLR,MAA,6,4331,INR,failed,failed,2026-10-26
FBK000612,CUST00045,FLT00045,2026-11-10,GOI,CCU,5,96652,INR,failed,failed,2026-10-07
FBK000613,CUST00047,FLT00217,2026-12-09,COK,BLR,3,99622,INR,pending,confirmed,2026-10-20
FBK000614,CUST00104,FLT00108,2027-03-12,DEL,HYD,5,64917,INR,refunded,failed,2027-01-17
FBK000615,CUST00280,FLT00201,2026-12-09,MAA,BOM,6,27051,INR,paid,initiated,2026-10-21
FBK000616,CUST00049,FLT00274,2027-03-21,COK,BOM,2,11454,INR,pending,cancelled,2027-02-14
FBK000617,CUST00138,FLT00234,2027-01-02,PNQ,JAI,3,97958,INR,paid,cancelled,2026-12-16
FBK000618,CUST00100,FLT00052,2026-11-05,PNQ,GOI,2,72700,INR,pending,initiated,2026-10-29
FBK000619,CUST00225,FLT00419,2026-11-19,BLR,DEL,2,95190,INR,refunded,failed,2026-11-14
FBK000620,CUST00046,FLT00113,2027-03-20,BOM,JAI,4,69978,INR,paid,cancelled,2027-01-27
FBK000621,CUST00266,FLT00085,2027-02-09,DEL,COK,3,25784,INR,pending,initiated,2026-12-25
FBK000622,CUST00165,FLT00423,2027-04-03,PNQ,DEL,2,18570,INR,paid,confirmed,2027-02-07
FBK000623,CUST00139,FLT00226,2026-10-30,DEL,BOM,2,72411,INR,failed,cancelled,2026-10-28
FBK000624,CUST00249,FLT00157,2026-11-18,MAA,HYD,4,77136,INR,paid,confirmed,2026-11-14
FBK000625,CUST00150,FLT00151,2026-11-05,HYD,DEL,6,70331,INR,paid,initiated,2026-10-09
FBK000626,CUST00157,FLT00289,2027-03-06,COK,BOM,5,40482,INR,failed,cancelled,2027-01-31
FBK000627,CUST00293,FLT00113,2027-01-04,BOM,PNQ,2,97856,INR,paid,confirmed,2026-12-08
FBK000628,CUST00162,FLT00435,2027-03-16,PNQ,BLR,2,83700,INR,failed,initiated,2027-01-15
FBK000629,CUST00114,FLT00424,2026-12-15,COK,BLR,3,6900,INR,paid,failed,2026-11-10
FBK000630,CUST00066,FLT00245,2027-03-20,CCU,COK,5,43421,INR,paid,confirmed,2027-03-15
FBK000631,CUST00021,FLT00125,2027-04-24,PNQ,BOM,6,91007,INR,refunded,initiated,2027-03-16
FBK000632,CUST00256,FLT00096,2027-03-05,BLR,CCU,5,82873,INR,refunded,confirmed,2027-01-04
FBK000633,CUST00117,FLT00025,2027-02-26,BOM,MAA,2,51489,INR,failed,initiated,2027-01-17
FBK000634,CUST00065,FLT00452,2027-02-20,MAA,BOM,1,90387,INR,failed,initiated,2027-02-10
FBK000635,CUST00006,FLT00268,2026-12-11,DEL,BLR,3,88252,INR,failed,confirmed,2026-11-25
FBK000636,CUST00004,FLT00469,2026-12-23,PNQ,BLR,1,47794,INR,pending,confirmed,2026-12-12
FBK000637,CUST00034,FLT00273,2026-11-22,GOI,CCU,2,97824,INR,paid,confirmed,2026-10-31
FBK000638,CUST00122,FLT00065,2027-01-22,PNQ,DEL,6,30637,INR,failed,cancelled,2026-12-07
FBK000639,CUST00145,FLT00301,2027-02-01,BOM,HYD,1,89135,INR,refunded,failed,2027-01-30
FBK000640,CUST00230,FLT00321,2027-04-04,MAA,BOM,1,15544,INR,paid,confirmed,2027-03-20
FBK000641,CUST00272,FLT00454,2026-11-28,BLR,GOI,3,93701,INR,paid,initiated,2026-11-22
FBK000642,CUST00146,FLT00352,2027-01-22,GOI,BOM,2,63752,INR,pending,initiated,2027-01-21
FBK000643,CUST00294,FLT00168,2027-05-02,BLR,PNQ,4,51634,INR,failed,confirmed,2027-03-26
FBK000644,CUST00147,FLT00087,2026-12-07,JAI,BLR,1,33474,INR,failed,cancelled,2026-10-15
FBK000645,CUST00186,FLT00158,2027-03-21,DEL,PNQ,1,90681,INR,failed,confirmed,2027-01-21
FBK000646,CUST00034,FLT00213,2026-11-17,DEL,COK,5,44640,INR,pending,failed,2026-10-05
FBK000647,CUST00054,FLT00027,2027-04-17,DEL,JAI,3,75050,INR,failed,confirmed,2027-03-04
FBK000648,CUST00017,FLT00299,2027-04-06,MAA,PNQ,5,37808,INR,paid,confirmed,2027-02-26
FBK000649,CUST00230,FLT00383,2027-01-04,BOM,HYD,3,55181,INR,paid,confirmed,2026-11-23
FBK000650,CUST00117,FLT00401,2027-04-12,CCU,HYD,4,44116,INR,pending,failed,2027-03-07
FBK000651,CUST00124,FLT00342,2026-12-07,HYD,GOI,1,83443,INR,refunded,initiated,2026-11-02
FBK000652,CUST00212,FLT00036,2027-02-07,BLR,BOM,4,71698,INR,failed,confirmed,2027-02-04
FBK000653,CUST00274,FLT00437,2027-01-31,JAI,BLR,3,32310,INR,paid,confirmed,2027-01-02
FBK000654,CUST00295,FLT00379,2027-01-04,COK,MAA,5,45979,INR,failed,failed,2026-12-16
FBK000655,CUST00216,FLT00459,2027-03-10,GOI,COK,2,87919,INR,refunded,confirmed,2027-03-09
FBK000656,CUST00277,FLT00171,2027-04-30,DEL,COK,1,9196,INR,refunded,cancelled,2027-03-05
FBK000657,CUST00181,FLT00232,2026-10-28,CCU,GOI,1,51451,INR,refunded,initiated,2026-10-27
FBK000658,CUST00027,FLT00223,2027-03-16,BOM,CCU,4,44306,INR,failed,cancelled,2027-03-12
FBK000659,CUST00143,FLT00416,2026-11-27,CCU,DEL,3,10779,INR,paid,failed,2026-11-22
FBK000660,CUST00214,FLT00098,2027-03-21,COK,GOI,6,92210,INR,paid,failed,2027-02-27
FBK000661,CUST00209,FLT00029,2027-01-16,CCU,MAA,3,53262,INR,pending,cancelled,2027-01-09
FBK000662,CUST00103,FLT00085,2026-12-26,BLR,BOM,2,48705,INR,paid,confirmed,2026-12-08
FBK000663,CUST00164,FLT00175,2027-04-03,PNQ,BLR,2,30913,INR,pending,failed,2027-02-16
FBK000664,CUST00160,FLT00366,2027-02-19,HYD,JAI,4,3295,INR,pending,failed,2026-12-29
FBK000665,CUST00021,FLT00418,2027-04-17,BOM,BLR,1,69651,INR,pending,cancelled,2027-02-18
FBK000666,CUST00280,FLT00172,2027-03-16,BLR,COK,3,94430,INR,paid,confirmed,2027-02-02
FBK000667,CUST00299,FLT00101,2026-11-08,BLR,MAA,2,61320,INR,paid,failed,2026-10-24
FBK000668,CUST00086,FLT00095,2026-10-24,JAI,MAA,2,23374,INR,paid,initiated,2026-10-12
FBK000669,CUST00268,FLT00090,2027-04-13,JAI,PNQ,4,7888,INR,pending,cancelled,2027-03-16
FBK000670,CUST00086,FLT00417,2026-12-11,BLR,CCU,5,10354,INR,failed,confirmed,2026-11-09
FBK000671,CUST00205,FLT00232,2027-01-01,BOM,MAA,4,74529,INR,refunded,confirmed,2026-12-27
FBK000672,CUST00107,FLT00220,2026-12-05,COK,JAI,3,32876,INR,refunded,cancelled,2026-10-18
FBK000673,CUST00074,FLT00015,2027-02-22,DEL,BLR,3,99465,INR,pending,failed,2027-01-15
FBK000674,CUST00062,FLT00403,2027-01-22,MAA,GOI,5,11958,INR,pending,initiated,2026-12-18
FBK000675,CUST00239,FLT00245,2026-12-08,PNQ,BOM,3,95401,INR,refunded,initiated,2026-10-12
FBK000676,CUST00155,FLT00321,2027-02-14,COK,CCU,2,80523,INR,paid,confirmed,2027-01-22
FBK000677,CUST00115,FLT00269,2026-12-19,COK,DEL,4,13824,INR,failed,cancelled,2026-11-30
FBK000678,CUST00038,FLT00287,2026-12-04,PNQ,COK,2,66177,INR,paid,confirmed,2026-11-23
FBK000679,CUST00274,FLT00123,2027-01-04,PNQ,GOI,5,37343,INR,pending,confirmed,2026-12-22
FBK000680,CUST00089,FLT00313,2026-12-25,BLR,GOI,2,27647,INR,refunded,cancelled,2026-12-19
FBK000681,CUST00160,FLT00231,2026-11-15,HYD,MAA,5,85990,INR,failed,cancelled,2026-10-09
FBK000682,CUST00238,FLT00177,2027-01-29,HYD,JAI,4,68638,INR,failed,cancelled,2026-12-14
FBK000683,CUST00055,FLT00249,2027-01-22,HYD,BOM,4,81135,INR,refunded,failed,2026-12-08
FBK000684,CUST00233,FLT00124,2026-10-30,MAA,COK,5,57159,INR,failed,confirmed,2026-10-03
FBK000685,CUST00062,FLT00101,2026-11-29,DEL,BLR,4,87660,INR,pending,initiated,2026-11-23
FBK000686,CUST00003,FLT00439,2027-02-25,HYD,GOI,4,9112,INR,failed,initiated,2027-01-16
FBK000687,CUST00013,FLT00291,2027-01-04,PNQ,GOI,4,74727,INR,refunded,initiated,2026-12-08
FBK000688,CUST00274,FLT00235,2027-03-06,BLR,HYD,6,14004,INR,refunded,cancelled,2027-02-15
FBK000689,CUST00067,FLT00162,2026-12-16,JAI,PNQ,1,14604,INR,failed,failed,2026-12-16
FBK000690,CUST00146,FLT00206,2027-02-13,GOI,PNQ,5,83526,INR,failed,failed,2027-01-15
FBK000691,CUST00131,FLT00230,2026-12-30,BLR,BOM,5,12238,INR,pending,confirmed,2026-11-03
FBK000692,CUST00264,FLT00073,2027-02-27,DEL,HYD,6,79491,INR,refunded,cancelled,2027-02-15
FBK000693,CUST00051,FLT00012,2027-03-24,PNQ,HYD,1,23227,INR,failed,cancelled,2027-03-10
FBK000694,CUST00242,FLT00076,2027-01-24,BLR,DEL,2,21624,INR,pending,failed,2027-01-07
FBK000695,CUST00076,FLT00144,2026-12-12,DEL,JAI,5,71809,INR,pending,confirmed,2026-11-24
FBK000696,CUST00052,FLT00102,2027-05-13,BLR,COK,6,65089,INR,paid,failed,2027-03-24
FBK000697,CUST00077,FLT00460,2027-02-06,GOI,BOM,1,77516,INR,pending,cancelled,2026-12-18
FBK000698,CUST00059,FLT00123,2027-01-14,PNQ,GOI,3,73213,INR,paid,cancelled,2026-11-28
FBK000699,CUST00221,FLT00052,2026-12-08,BOM,COK,6,67470,INR,pending,failed,2026-10-18
FBK000700,CUST00265,FLT00009,2027-04-15,PNQ,HYD,2,15313,INR,refunded,confirmed,2027-03-25
FBK000701,CUST00069,FLT00177,2026-11-09,BLR,HYD,6,98559,INR,paid,confirmed,2026-10-09
FBK000702,CUST00130,FLT00315,2026-11-14,MAA,CCU,1,85345,INR,refunded,confirmed,2026-10-13
FBK000703,CUST00298,FLT00262,2027-02-27,PNQ,DEL,4,99729,INR,paid,confirmed,2026-12-30
FBK000704,CUST00144,FLT00491,2026-12-11,JAI,GOI,6,31397,INR,pending,cancelled,2026-11-06
FBK000705,CUST00034,FLT00034,2026-10-20,COK,HYD,6,61774,INR,failed,failed,2026-10-07
FBK000706,CUST00259,FLT00114,2027-03-28,BLR,JAI,4,81254,INR,paid,cancelled,2027-02-07
FBK000707,CUST00209,FLT00182,2027-04-17,CCU,JAI,1,73806,INR,failed,failed,2027-03-30
FBK000708,CUST00280,FLT00259,2027-02-28,DEL,BLR,6,6612,INR,failed,cancelled,2027-02-15
FBK000709,CUST00085,FLT00364,2027-01-17,PNQ,HYD,4,87764,INR,pending,initiated,2026-12-18
FBK000710,CUST00010,FLT00022,2027-01-03,GOI,HYD,5,32866,INR,failed,failed,2026-12-03
FBK000711,CUST00085,FLT00500,2026-12-16,BOM,DEL,1,43666,INR,paid,confirmed,2026-12-01
FBK000712,CUST00196,FLT00265,2026-11-26,GOI,BOM,2,27535,INR,failed,failed,2026-11-17
FBK000713,CUST00141,FLT00205,2027-03-15,JAI,COK,1,16491,INR,paid,cancelled,2027-02-17
FBK000714,CUST00263,FLT00125,2026-12-30,COK,JAI,3,66572,INR,refunded,failed,2026-11-19
FBK000715,CUST00001,FLT00441,2027-02-12,JAI,BOM,1,64535,INR,failed,confirmed,2026-12-25
FBK000716,CUST00267,FLT00232,2027-05-01,BLR,PNQ,1,84832,INR,paid,cancelled,2027-03-06
FBK000717,CUST00091,FLT00126,2027-03-30,COK,BLR,4,3075,INR,refunded,confirmed,2027-03-14
FBK000718,CUST00123,FLT00081,2026-11-26,JAI,GOI,3,30713,INR,pending,initiated,2026-10-13
FBK000719,CUST00204,FLT00308,2027-01-20,DEL,BOM,2,88778,INR,pending,cancelled,2026-12-25
FBK000720,CUST00098,FLT00238,2027-04-08,JAI,MAA,6,14792,INR,pending,confirmed,2027-03-04
FBK000721,CUST00244,FLT00470,2027-04-09,BOM,CCU,3,97563,INR,refunded,failed,2027-02-27
FBK000722,CUST00056,FLT00295,2026-12-13,BOM,GOI,2,67400,INR,paid,confirmed,2026-11-22
FBK000723,CUST00276,FLT00420,2027-01-03,BLR,JAI,4,49430,INR,refunded,confirmed,2026-11-11
FBK000724,CUST00171,FLT00225,2026-12-31,JAI,BLR,5,16787,INR,failed,failed,2026-11-15
FBK000725,CUST00264,FLT00071,2027-02-14,JAI,CCU,3,57471,INR,failed,initiated,2027-02-11
FBK000726,CUST00211,FLT00027,2026-12-11,JAI,PNQ,1,48653,INR,pending,failed,2026-11-06
FBK000727,CUST00297,FLT00007,2027-01-27,CCU,JAI,2,43604,INR,paid,cancelled,2027-01-17
FBK000728,CUST00212,FLT00124,2027-04-09,GOI,MAA,1,33703,INR,paid,failed,2027-03-12
FBK000729,CUST00194,FLT00048,2027-04-03,CCU,GOI,1,76624,INR,failed,confirmed,2027-03-22
FBK000730,CUST00141,FLT00375,2026-12-11,BLR,DEL,6,34007,INR,refunded,initiated,2026-11-15
FBK000731,CUST00073,FLT00116,2027-03-12,MAA,BLR,5,75088,INR,paid,confirmed,2027-01-24
FBK000732,CUST00191,FLT00463,2026-12-09,DEL,HYD,5,2783,INR,refunded,confirmed,2026-11-25
FBK000733,CUST00105,FLT00275,2026-12-24,PNQ,CCU,1,36421,INR,paid,initiated,2026-11-02
FBK000734,CUST00131,FLT00167,2026-11-09,JAI,BLR,4,7775,INR,paid,failed,2026-10-28
FBK000735,CUST00216,FLT00100,2026-11-01,MAA,BOM,1,13569,INR,failed,confirmed,2026-10-29
FBK000736,CUST00252,FLT00264,2026-10-18,BLR,COK,5,17666,INR,refunded,failed,2026-10-04
FBK000737,CUST00187,FLT00239,2027-05-16,BOM,JAI,4,56507,INR,refunded,initiated,2027-03-23
FBK000738,CUST00210,FLT00481,2026-12-05,PNQ,CCU,5,8841,INR,paid,confirmed,2026-10-26
FBK000739,CUST00252,FLT00263,2026-11-30,MAA,PNQ,2,49125,INR,paid,failed,2026-11-19
FBK000740,CUST00195,FLT00381,2027-02-05,MAA,PNQ,4,38449,INR,pending,initiated,2027-01-26
FBK000741,CUST00103,FLT00457,2027-02-07,DEL,GOI,1,33257,INR,paid,failed,2027-01-26
FBK000742,CUST00264,FLT00129,2026-11-05,DEL,HYD,5,69575,INR,failed,cancelled,2026-10-04
FBK000743,CUST00071,FLT00340,2027-04-12,MAA,DEL,2,44337,INR,refunded,failed,2027-03-21
FBK000744,CUST00179,FLT00169,2026-11-25,GOI,JAI,2,73881,INR,paid,cancelled,2026-11-21
FBK000745,CUST00040,FLT00174,2027-01-08,BLR,COK,3,66193,INR,pending,initiated,2026-11-16
FBK000746,CUST00195,FLT00188,2026-10-07,COK,CCU,6,59914,INR,pending,confirmed,2026-10-07
FBK000747,CUST00224,FLT00403,2027-02-14,HYD,CCU,1,45537,INR,paid,failed,2027-01-31
FBK000748,CUST00105,FLT00007,2027-02-06,BOM,HYD,2,40088,INR,failed,failed,2026-12-27
FBK000749,CUST00245,FLT00420,2026-12-17,MAA,BLR,3,5533,INR,pending,confirmed,2026-10-28
FBK000750,CUST00057,FLT00191,2027-02-18,CCU,GOI,4,35308,INR,pending,failed,2026-12-20
FBK000751,CUST00262,FLT00462,2027-04-10,MAA,COK,3,24120,INR,failed,cancelled,2027-02-10
FBK000752,CUST00106,FLT00436,2026-11-02,MAA,BOM,2,64718,INR,failed,failed,2026-10-29
FBK000753,CUST00060,FLT00392,2026-12-27,MAA,BLR,2,53054,INR,pending,confirmed,2026-11-20
FBK000754,CUST00239,FLT00415,2026-12-10,BLR,COK,3,75831,INR,failed,failed,2026-11-15
FBK000755,CUST00281,FLT00460,2027-03-28,BLR,DEL,3,42499,INR,failed,confirmed,2027-03-02
FBK000756,CUST00246,FLT00254,2027-04-28,MAA,JAI,6,66809,INR,failed,failed,2027-03-21
FBK000757,CUST00012,FLT00462,2027-03-25,BLR,GOI,3,20936,INR,refunded,initiated,2027-01-31
FBK000758,CUST00255,FLT00331,2026-11-13,JAI,BOM,2,49788,INR,pending,cancelled,2026-10-30
FBK000759,CUST00272,FLT00191,2027-03-15,DEL,COK,1,66300,INR,pending,cancelled,2027-03-15
FBK000760,CUST00083,FLT00399,2027-01-21,COK,BOM,3,94353,INR,pending,failed,2026-11-26
FBK000761,CUST00097,FLT00288,2027-03-04,JAI,HYD,3,19098,INR,paid,initiated,2027-01-18
FBK000762,CUST00140,FLT00243,2026-12-03,JAI,MAA,5,22032,INR,failed,failed,2026-11-20
FBK000763,CUST00300,FLT00121,2026-11-18,JAI,DEL,3,50754,INR,failed,initiated,2026-10-11
FBK000764,CUST00121,FLT00101,2027-01-04,BLR,GOI,4,99331,INR,failed,failed,2026-12-11
FBK000765,CUST00137,FLT00102,2027-02-16,MAA,PNQ,2,19766,INR,pending,initiated,2027-02-08
FBK000766,CUST00234,FLT00110,2027-02-12,CCU,BLR,5,89146,INR,paid,confirmed,2027-01-07
FBK000767,CUST00233,FLT00380,2027-03-14,DEL,HYD,3,29474,INR,paid,cancelled,2027-02-18
FBK000768,CUST00287,FLT00324,2027-03-29,COK,GOI,1,29904,INR,pending,confirmed,2027-02-02
FBK000769,CUST00248,FLT00460,2026-10-31,DEL,CCU,5,99124,INR,pending,cancelled,2026-10-16
FBK000770,CUST00123,FLT00163,2027-02-27,COK,HYD,5,86021,INR,refunded,cancelled,2027-01-23
FBK000771,CUST00175,FLT00025,2027-04-10,DEL,CCU,2,6809,INR,pending,initiated,2027-03-28
FBK000772,CUST00060,FLT00238,2027-01-15,MAA,CCU,1,47226,INR,failed,failed,2026-12-29
FBK000773,CUST00049,FLT00494,2027-02-07,BOM,COK,4,75207,INR,paid,initiated,2026-12-20
FBK000774,CUST00260,FLT00466,2027-02-23,BLR,JAI,2,25623,INR,pending,failed,2027-01-22
FBK000775,CUST00077,FLT00173,2026-12-03,BLR,CCU,4,51730,INR,paid,confirmed,2026-11-08
FBK000776,CUST00170,FLT00133,2027-01-09,BOM,HYD,5,92327,INR,failed,confirmed,2026-12-09
FBK000777,CUST00012,FLT00492,2026-12-25,DEL,JAI,2,28019,INR,paid,initiated,2026-12-22
FBK000778,CUST00173,FLT00466,2027-01-17,HYD,MAA,6,44273,INR,failed,failed,2026-12-22
FBK000779,CUST00086,FLT00466,2027-02-01,JAI,CCU,5,71057,INR,pending,failed,2026-12-13
FBK000780,CUST00261,FLT00166,2027-01-18,COK,MAA,2,14570,INR,paid,cancelled,2026-12-14
FBK000781,CUST00224,FLT00242,2026-11-28,MAA,PNQ,2,50110,INR,paid,initiated,2026-11-25
FBK000782,CUST00033,FLT00040,2026-12-29,CCU,MAA,3,81830,INR,failed,failed,2026-11-19
FBK000783,CUST00092,FLT00360,2027-05-02,CCU,GOI,5,83576,INR,pending,cancelled,2027-03-15
FBK000784,CUST00031,FLT00369,2027-04-07,PNQ,HYD,2,98245,INR,refunded,initiated,2027-03-11
FBK000785,CUST00258,FLT00008,2026-11-02,HYD,COK,6,22572,INR,failed,failed,2026-10-05
FBK000786,CUST00281,FLT00166,2026-12-19,PNQ,DEL,6,17428,INR,paid,failed,2026-12-15
FBK000787,CUST00211,FLT00226,2026-12-30,JAI,COK,6,44473,INR,paid,confirmed,2026-12-21
FBK000788,CUST00208,FLT00260,2027-03-24,JAI,PNQ,3,50395,INR,pending,initiated,2027-03-22
FBK000789,CUST00014,FLT00114,2027-04-12,GOI,PNQ,1,73057,INR,paid,failed,2027-03-14
FBK000790,CUST00058,FLT00322,2026-12-04,PNQ,BLR,4,78779,INR,failed,confirmed,2026-11-11
FBK000791,CUST00218,FLT00464,2027-03-29,PNQ,BOM,1,16108,INR,refunded,initiated,2027-02-16
FBK000792,CUST00185,FLT00366,2027-01-09,HYD,CCU,4,56621,INR,pending,confirmed,2026-11-10
FBK000793,CUST00026,FLT00460,2026-12-06,DEL,MAA,1,80854,INR,failed,confirmed,2026-12-05
FBK000794,CUST00170,FLT00026,2026-10-12,HYD,BOM,6,37660,INR,pending,cancelled,2026-10-05
FBK000795,CUST00100,FLT00322,2027-05-02,HYD,JAI,3,55968,INR,failed,failed,2027-03-09
FBK000796,CUST00275,FLT00333,2026-12-07,GOI,JAI,4,52593,INR,refunded,cancelled,2026-10-31
FBK000797,CUST00067,FLT00373,2026-11-28,JAI,GOI,4,38471,INR,failed,confirmed,2026-11-12
FBK000798,CUST00195,FLT00315,2026-11-05,DEL,COK,1,86703,INR,pending,initiated,2026-10-20
FBK000799,CUST00199,FLT00323,2027-05-12,HYD,BLR,3,84420,INR,refunded,initiated,2027-03-17
FBK000800,CUST00006,FLT00228,2027-05-10,DEL,CCU,3,88232,INR,refunded,initiated,2027-03-27
FBK000801,CUST00285,FLT00373,2026-11-16,JAI,COK,4,31258,INR,refunded,cancelled,2026-10-12
FBK000802,CUST00114,FLT00222,2027-01-11,MAA,GOI,6,48637,INR,pending,initiated,2026-12-19
FBK000803,CUST00171,FLT00191,2027-01-28,CCU,BLR,4,3205,INR,refunded,cancelled,2027-01-14
FBK000804,CUST00193,FLT00415,2027-02-18,PNQ,MAA,6,9686,INR,pending,initiated,2027-02-10
FBK000805,CUST00284,FLT00198,2027-03-22,JAI,MAA,6,49469,INR,failed,initiated,2027-02-12
FBK000806,CUST00112,FLT00318,2027-03-07,MAA,JAI,1,82726,INR,paid,cancelled,2027-02-27
FBK000807,CUST00075,FLT00285,2027-05-09,BOM,COK,5,64893,INR,refunded,cancelled,2027-03-25
FBK000808,CUST00169,FLT00027,2027-03-31,BOM,HYD,5,64893,INR,pending,failed,2027-03-27
FBK000809,CUST00139,FLT00468,2027-01-07,DEL,PNQ,1,36302,INR,refunded,failed,2027-01-01
FBK000810,CUST00281,FLT00382,2026-12-28,MAA,DEL,1,16975,INR,paid,cancelled,2026-11-26
FBK000811,CUST00152,FLT00126,2027-05-03,DEL,PNQ,6,36575,INR,paid,failed,2027-03-23
FBK000812,CUST00148,FLT00004,2027-02-08,CCU,MAA,3,61028,INR,pending,cancelled,2027-01-14
FBK000813,CUST00142,FLT00378,2027-04-14,JAI,BLR,2,75151,INR,failed,confirmed,2027-03-19
FBK000814,CUST00296,FLT00482,2027-03-10,COK,PNQ,4,68687,INR,failed,cancelled,2027-02-25
FBK000815,CUST00009,FLT00499,2027-03-12,PNQ,MAA,3,58833,INR,failed,confirmed,2027-02-18
FBK000816,CUST00079,FLT00176,2027-02-06,COK,GOI,3,8689,INR,paid,cancelled,2027-02-03
FBK000817,CUST00008,FLT00399,2027-01-06,MAA,HYD,3,68919,INR,failed,initiated,2026-12-12
FBK000818,CUST00020,FLT00209,2027-01-25,BOM,HYD,4,70794,INR,paid,confirmed,2026-12-26
FBK000819,CUST00146,FLT00358,2026-12-08,MAA,HYD,4,91367,INR,paid,cancelled,2026-11-02
FBK000820,CUST00138,FLT00385,2027-03-05,JAI,HYD,2,66781,INR,refunded,confirmed,2027-01-04
FBK000821,CUST00135,FLT00366,2027-01-11,DEL,BOM,6,34740,INR,refunded,cancelled,2026-11-12
FBK000822,CUST00234,FLT00364,2027-03-18,PNQ,DEL,1,8702,INR,paid,confirmed,2027-01-26
FBK000823,CUST00125,FLT00448,2026-10-30,CCU,JAI,6,5952,INR,pending,initiated,2026-10-20
FBK000824,CUST00116,FLT00422,2027-02-02,DEL,CCU,6,67606,INR,failed,confirmed,2026-12-18
FBK000825,CUST00168,FLT00489,2027-02-16,BLR,BOM,2,71653,INR,paid,confirmed,2026-12-20
FBK000826,CUST00049,FLT00334,2026-12-19,COK,DEL,3,29404,INR,failed,cancelled,2026-12-05
FBK000827,CUST00126,FLT00432,2027-03-26,MAA,JAI,3,18105,INR,pending,cancelled,2027-02-13
FBK000828,CUST00271,FLT00171,2026-12-02,MAA,JAI,1,75496,INR,refunded,cancelled,2026-10-07
FBK000829,CUST00241,FLT00006,2027-02-13,CCU,GOI,1,45500,INR,paid,cancelled,2027-01-27
FBK000830,CUST00276,FLT00206,2026-12-10,JAI,BLR,1,64861,INR,refunded,cancelled,2026-11-20
FBK000831,CUST00057,FLT00432,2026-10-29,CCU,BOM,6,95298,INR,paid,confirmed,2026-10-29
FBK000832,CUST00275,FLT00008,2027-01-20,BOM,PNQ,2,3205,INR,failed,cancelled,2026-11-23
FBK000833,CUST00040,FLT00034,2026-10-30,COK,BOM,4,72785,INR,pending,confirmed,2026-10-30
FBK000834,CUST00092,FLT00183,2027-01-19,BLR,CCU,2,60073,INR,paid,cancelled,2027-01-06
FBK000835,CUST00060,FLT00032,2027-02-18,GOI,HYD,4,66272,INR,refunded,failed,2027-01-15
FBK000836,CUST00102,FLT00453,2027-04-17,BOM,JAI,3,6724,INR,pending,cancelled,2027-03-29
FBK000837,CUST00185,FLT00306,2026-11-23,JAI,COK,5,22293,INR,failed,initiated,2026-11-21
FBK000838,CUST00229,FLT00323,2027-04-12,BLR,GOI,6,6473,INR,pending,confirmed,2027-02-12
FBK000839,CUST00101,FLT00397,2027-04-15,HYD,CCU,5,46523,INR,pending,initiated,2027-03-23
FBK000840,CUST00123,FLT00417,2027-04-02,DEL,BOM,1,57022,INR,refunded,confirmed,2027-03-25
FBK000841,CUST00295,FLT00441,2026-12-10,JAI,HYD,4,53982,INR,refunded,confirmed,2026-11-19
FBK000842,CUST00018,FLT00177,2027-01-27,JAI,COK,6,52936,INR,pending,initiated,2027-01-17
FBK000843,CUST00182,FLT00354,2027-02-22,DEL,PNQ,4,83836,INR,refunded,failed,2027-01-18
FBK000844,CUST00011,FLT00479,2026-12-03,PNQ,BOM,4,67979,INR,paid,confirmed,2026-10-22
FBK000845,CUST00283,FLT00347,2027-01-04,PNQ,GOI,2,44623,INR,pending,initiated,2026-11-26
FBK000846,CUST00215,FLT00284,2026-12-28,HYD,CCU,1,32088,INR,failed,initiated,2026-11-09
FBK000847,CUST00235,FLT00068,2026-12-08,BLR,DEL,2,92372,INR,pending,initiated,2026-10-27
FBK000848,CUST00084,FLT00085,2027-03-02,MAA,BLR,3,23605,INR,refunded,failed,2027-03-02
FBK000849,CUST00244,FLT00066,2026-12-26,CCU,COK,4,25419,INR,paid,confirmed,2026-11-16
FBK000850,CUST00043,FLT00108,2026-12-25,HYD,COK,3,47336,INR,pending,failed,2026-11-20
FBK000851,CUST00226,FLT00394,2027-01-18,CCU,GOI,3,77946,INR,failed,initiated,2026-11-19
FBK000852,CUST00179,FLT00297,2026-12-15,BLR,PNQ,5,35024,INR,paid,failed,2026-11-16
FBK000853,CUST00137,FLT00427,2027-01-07,PNQ,DEL,5,11961,INR,failed,confirmed,2026-11-28
FBK000854,CUST00056,FLT00500,2027-01-07,GOI,COK,4,94527,INR,paid,cancelled,2027-01-06
FBK000855,CUST00196,FLT00285,2026-12-17,BOM,COK,3,97835,INR,refunded,cancelled,2026-10-23
FBK000856,CUST00186,FLT00043,2027-03-03,JAI,MAA,2,59188,INR,failed,failed,2027-02-24
FBK000857,CUST00141,FLT00237,2027-01-29,COK,GOI,3,34904,INR,paid,cancelled,2027-01-03
FBK000858,CUST00016,FLT00021,2026-11-17,CCU,BOM,1,3365,INR,paid,cancelled,2026-10-14
FBK000859,CUST00193,FLT00135,2026-11-15,HYD,DEL,1,41153,INR,failed,cancelled,2026-10-13
FBK000860,CUST00191,FLT00406,2026-12-19,MAA,COK,1,9977,INR,pending,cancelled,2026-11-29
FBK000861,CUST00012,FLT00074,2027-05-18,MAA,JAI,3,61424,INR,failed,initiated,2027-03-29
FBK000862,CUST00094,FLT00295,2027-03-06,GOI,HYD,1,50374,INR,paid,confirmed,2027-01-07
FBK000863,CUST00023,FLT00154,2026-11-11,BOM,JAI,2,20818,INR,pending,confirmed,2026-10-03
FBK000864,CUST00191,FLT00046,2026-10-23,BLR,GOI,1,62197,INR,pending,initiated,2026-10-04
FBK000865,CUST00285,FLT00035,2026-11-03,COK,GOI,3,10491,INR,refunded,failed,2026-10-15
FBK000866,CUST00165,FLT00003,2026-12-28,GOI,COK,5,58708,INR,refunded,failed,2026-11-01
FBK000867,CUST00271,FLT00068,2027-02-01,CCU,JAI,4,56209,INR,paid,initiated,2027-01-06
FBK000868,CUST00100,FLT00109,2027-02-20,MAA,JAI,4,4547,INR,failed,initiated,2027-01-26
FBK000869,CUST00036,FLT00020,2027-02-19,GOI,BLR,4,49854,INR,failed,initiated,2027-02-15
FBK000870,CUST00002,FLT00278,2026-11-16,JAI,CCU,1,32038,INR,paid,failed,2026-10-27
FBK000871,CUST00171,FLT00368,2027-01-09,GOI,HYD,1,45440,INR,pending,confirmed,2026-12-01
FBK000872,CUST00200,FLT00123,2027-02-18,BOM,DEL,2,50894,INR,failed,initiated,2027-01-24
FBK000873,CUST00197,FLT00440,2026-11-21,MAA,DEL,1,51836,INR,paid,failed,2026-11-06
FBK000874,CUST00009,FLT00482,2027-03-31,GOI,MAA,4,32969,INR,paid,failed,2027-02-04
FBK000875,CUST00155,FLT00195,2027-05-02,MAA,GOI,6,6694,INR,pending,initiated,2027-03-10
FBK000876,CUST00089,FLT00031,2027-03-03,GOI,MAA,6,99012,INR,paid,cancelled,2027-01-29
FBK000877,CUST00117,FLT00354,2027-01-10,GOI,HYD,3,67205,INR,paid,failed,2027-01-03
FBK000878,CUST00173,FLT00240,2027-03-17,GOI,HYD,1,75195,INR,failed,initiated,2027-02-08
FBK000879,CUST00122,FLT00354,2026-12-31,JAI,BLR,1,19673,INR,refunded,confirmed,2026-12-26
FBK000880,CUST00153,FLT00448,2026-11-30,PNQ,HYD,6,51522,INR,pending,cancelled,2026-10-24
FBK000881,CUST00240,FLT00400,2027-03-24,PNQ,CCU,1,95995,INR,failed,initiated,2027-03-22
FBK000882,CUST00090,FLT00471,2026-12-11,COK,BLR,6,81894,INR,paid,cancelled,2026-11-28
FBK000883,CUST00231,FLT00239,2027-02-03,JAI,COK,1,13936,INR,refunded,initiated,2027-01-07
FBK000884,CUST00280,FLT00395,2027-02-28,DEL,CCU,3,90434,INR,paid,initiated,2027-02-01
FBK000885,CUST00148,FLT00341,2027-02-19,JAI,BLR,4,13466,INR,refunded,cancelled,2027-01-30
FBK000886,CUST00252,FLT00392,2027-01-22,BLR,MAA,3,89943,INR,refunded,cancelled,2027-01-03
FBK000887,CUST00202,FLT00172,2027-04-16,PNQ,JAI,5,89531,INR,paid,confirmed,2027-03-12
FBK000888,CUST00057,FLT00146,2027-05-07,JAI,MAA,2,5867,INR,paid,initiated,2027-03-09
FBK000889,CUST00064,FLT00232,2026-12-23,DEL,JAI,4,83282,INR,failed,failed,2026-12-04
FBK000890,CUST00271,FLT00448,2026-12-10,COK,BOM,6,16706,INR,paid,confirmed,2026-11-06
FBK000891,CUST00127,FLT00374,2027-03-21,MAA,JAI,6,16542,INR,pending,confirmed,2027-02-04
FBK000892,CUST00141,FLT00314,2026-11-25,CCU,BLR,5,89335,INR,failed,cancelled,2026-10-20
FBK000893,CUST00219,FLT00357,2027-04-10,GOI,BOM,1,74565,INR,refunded,initiated,2027-02-10
FBK000894,CUST00045,FLT00106,2027-01-05,PNQ,HYD,1,46310,INR,pending,failed,2026-11-09
FBK000895,CUST00179,FLT00330,2027-03-22,BOM,CCU,6,8686,INR,refunded,confirmed,2027-02-28
FBK000896,CUST00228,FLT00256,2027-05-11,HYD,JAI,2,32225,INR,failed,initiated,2027-03-26
FBK000897,CUST00172,FLT00068,2027-01-29,DEL,CCU,1,52842,INR,pending,failed,2027-01-08
FBK000898,CUST00300,FLT00249,2027-01-09,PNQ,HYD,2,10574,INR,failed,initiated,2027-01-07
FBK000899,CUST00091,FLT00444,2027-03-07,DEL,BOM,1,71005,INR,failed,failed,2027-01-17
FBK000900,CUST00086,FLT00362,2026-12-25,CCU,BLR,6,42785,INR,refunded,confirmed,2026-12-01
FBK000901,CUST00120,FLT00398,2027-01-19,JAI,BOM,2,41691,INR,paid,cancelled,2026-11-25
FBK000902,CUST00024,FLT00330,2027-01-25,CCU,JAI,3,75365,INR,pending,failed,2026-12-19
FBK000903,CUST00288,FLT00258,2026-12-06,MAA,BLR,5,3878,INR,paid,initiated,2026-11-28
FBK000904,CUST00028,FLT00345,2026-10-20,DEL,HYD,4,72502,INR,refunded,failed,2026-10-13
FBK000905,CUST00190,FLT00312,2027-01-01,DEL,MAA,2,34943,INR,pending,cancelled,2026-11-20
FBK000906,CUST00122,FLT00222,2027-02-24,BLR,GOI,6,84097,INR,paid,confirmed,2027-02-11
FBK000907,CUST00213,FLT00208,2027-01-05,HYD,BLR,4,54010,INR,pending,initiated,2026-12-20
FBK000908,CUST00062,FLT00381,2027-04-12,GOI,JAI,5,79404,INR,failed,cancelled,2027-02-19
FBK000909,CUST00111,FLT00159,2027-03-09,DEL,BOM,3,56209,INR,failed,confirmed,2027-02-06
FBK000910,CUST00172,FLT00187,2026-12-28,BOM,CCU,6,31086,INR,paid,failed,2026-12-15
FBK000911,CUST00182,FLT00214,2027-01-14,COK,PNQ,6,13039,INR,failed,initiated,2026-12-03
FBK000912,CUST00245,FLT00123,2026-11-13,PNQ,GOI,2,49527,INR,pending,failed,2026-11-03
FBK000913,CUST00153,FLT00204,2027-03-22,PNQ,GOI,2,68070,INR,pending,failed,2027-03-18
FBK000914,CUST00048,FLT00202,2027-02-07,GOI,DEL,5,84221,INR,refunded,failed,2027-01-19
FBK000915,CUST00010,FLT00274,2027-02-18,CCU,JAI,1,76073,INR,refunded,confirmed,2027-02-07
FBK000916,CUST00230,FLT00463,2027-03-27,CCU,JAI,1,25349,INR,pending,confirmed,2027-03-06
FBK000917,CUST00201,FLT00373,2027-03-04,CCU,HYD,4,70225,INR,paid,initiated,2027-01-28
FBK000918,CUST00028,FLT00131,2026-11-06,DEL,PNQ,5,68987,INR,refunded,failed,2026-10-04
FBK000919,CUST00013,FLT00129,2026-10-19,PNQ,JAI,3,88576,INR,refunded,confirmed,2026-10-02
FBK000920,CUST00209,FLT00086,2026-11-09,PNQ,BOM,2,74566,INR,failed,cancelled,2026-10-16
FBK000921,CUST00170,FLT00074,2027-01-25,PNQ,HYD,1,65971,INR,failed,failed,2026-12-16
FBK000922,CUST00063,FLT00073,2027-04-28,GOI,DEL,1,90182,INR,failed,confirmed,2027-03-16
FBK000923,CUST00195,FLT00280,2027-02-16,HYD,JAI,4,16416,INR,failed,cancelled,2027-01-01
FBK000924,CUST00146,FLT00410,2027-03-17,JAI,CCU,4,93311,INR,pending,cancelled,2027-02-25
FBK000925,CUST00209,FLT00359,2027-04-08,BOM,DEL,5,69130,INR,paid,failed,2027-02-08
FBK000926,CUST00125,FLT00170,2027-04-27,JAI,DEL,2,27436,INR,pending,confirmed,2027-03-02
FBK000927,CUST00065,FLT00027,2026-12-18,GOI,MAA,1,8147,INR,pending,cancelled,2026-10-19
FBK000928,CUST00234,FLT00260,2026-11-22,DEL,BOM,5,45293,INR,failed,failed,2026-10-27
FBK000929,CUST00209,FLT00050,2027-02-14,GOI,BOM,1,75625,INR,pending,failed,2027-01-11
FBK000930,CUST00221,FLT00206,2026-12-25,COK,BLR,4,26817,INR,failed,initiated,2026-11-04
FBK000931,CUST00112,FLT00387,2027-04-30,DEL,GOI,3,28425,INR,refunded,cancelled,2027-03-12
FBK000932,CUST00148,FLT00304,2027-03-16,BOM,MAA,1,60772,INR,failed,failed,2027-02-17
FBK000933,CUST00251,FLT00058,2027-02-24,GOI,MAA,1,4073,INR,refunded,cancelled,2027-01-19
FBK000934,CUST00016,FLT00141,2027-03-04,JAI,MAA,6,42519,INR,refunded,failed,2027-01-27
FBK000935,CUST00216,FLT00396,2026-11-22,JAI,HYD,6,93568,INR,paid,confirmed,2026-10-20
FBK000936,CUST00046,FLT00376,2026-12-25,GOI,BOM,5,99717,INR,failed,cancelled,2026-11-09
FBK000937,CUST00153,FLT00456,2026-11-18,DEL,MAA,4,73026,INR,refunded,confirmed,2026-10-22
FBK000938,CUST00271,FLT00120,2027-04-13,BLR,MAA,2,30064,INR,failed,confirmed,2027-03-14
FBK000939,CUST00003,FLT00348,2027-03-10,DEL,COK,4,36671,INR,pending,failed,2027-02-07
FBK000940,CUST00016,FLT00095,2027-03-25,BLR,GOI,3,32834,INR,paid,failed,2027-02-25
FBK000941,CUST00279,FLT00354,2027-01-03,PNQ,BOM,2,59697,INR,paid,confirmed,2026-11-26
FBK000942,CUST00259,FLT00035,2027-03-26,BLR,HYD,4,95013,INR,paid,failed,2027-03-06
FBK000943,CUST00078,FLT00017,2026-10-23,BLR,BOM,2,15429,INR,failed,cancelled,2026-10-12
FBK000944,CUST00228,FLT00372,2027-04-13,CCU,BLR,6,51891,INR,failed,confirmed,2027-02-15
FBK000945,CUST00213,FLT00446,2026-11-29,DEL,JAI,4,46111,INR,failed,cancelled,2026-10-26
FBK000946,CUST00198,FLT00027,2027-03-29,BOM,BLR,1,91940,INR,refunded,failed,2027-03-29
FBK000947,CUST00118,FLT00001,2027-03-16,BLR,COK,4,59024,INR,failed,confirmed,2027-01-20
FBK000948,CUST00220,FLT00313,2027-04-14,GOI,MAA,6,27823,INR,refunded,cancelled,2027-02-14
FBK000949,CUST00053,FLT00392,2027-01-05,BOM,GOI,1,60604,INR,refunded,initiated,2026-11-15
FBK000950,CUST00148,FLT00176,2026-12-17,JAI,COK,5,6226,INR,refunded,cancelled,2026-12-05
FBK000951,CUST00138,FLT00353,2027-03-27,COK,PNQ,5,57145,INR,pending,initiated,2027-03-21
FBK000952,CUST00082,FLT00476,2027-03-14,COK,PNQ,5,83270,INR,failed,initiated,2027-02-21
FBK000953,CUST00241,FLT00498,2027-03-16,JAI,PNQ,4,42032,INR,refunded,confirmed,2027-03-08
FBK000954,CUST00003,FLT00119,2026-11-05,MAA,GOI,3,94076,INR,refunded,initiated,2026-10-30
FBK000955,CUST00191,FLT00286,2026-11-28,MAA,CCU,6,2853,INR,paid,cancelled,2026-11-16
FBK000956,CUST00186,FLT00442,2026-12-22,HYD,BOM,4,82055,INR,refunded,initiated,2026-11-28
FBK000957,CUST00188,FLT00033,2026-10-20,COK,CCU,5,6251,INR,paid,confirmed,2026-10-19
FBK000958,CUST00188,FLT00272,2027-02-10,PNQ,BLR,2,15300,INR,refunded,cancelled,2027-02-10
FBK000959,CUST00203,FLT00104,2027-01-20,HYD,BOM,1,79098,INR,failed,failed,2026-11-26
FBK000960,CUST00096,FLT00163,2026-12-01,JAI,COK,3,96017,INR,refunded,confirmed,2026-11-20
FBK000961,CUST00165,FLT00051,2027-01-21,COK,JAI,4,15093,INR,pending,initiated,2026-12-14
FBK000962,CUST00102,FLT00357,2027-02-15,BOM,DEL,4,68089,INR,paid,failed,2027-01-10
FBK000963,CUST00248,FLT00065,2027-04-02,JAI,HYD,1,73165,INR,refunded,initiated,2027-02-12
FBK000964,CUST00017,FLT00344,2027-01-20,PNQ,MAA,3,87808,INR,failed,cancelled,2026-12-10
FBK000965,CUST00026,FLT00289,2027-01-01,DEL,CCU,6,61353,INR,refunded,confirmed,2026-11-03
FBK000966,CUST00194,FLT00032,2027-01-24,HYD,BOM,4,36614,INR,paid,confirmed,2027-01-14
FBK000967,CUST00199,FLT00455,2027-01-20,HYD,BOM,6,33751,INR,failed,initiated,2026-12-30
FBK000968,CUST00028,FLT00274,2027-04-03,HYD,COK,2,61830,INR,failed,failed,2027-03-15
FBK000969,CUST00093,FLT00473,2027-04-08,HYD,COK,5,25791,INR,paid,cancelled,2027-03-20
FBK000970,CUST00274,FLT00482,2026-11-23,HYD,BLR,1,79297,INR,failed,failed,2026-10-20
FBK000971,CUST00056,FLT00060,2027-03-12,MAA,PNQ,3,44020,INR,pending,cancelled,2027-03-01
FBK000972,CUST00181,FLT00123,2026-12-16,PNQ,BLR,6,71090,INR,paid,initiated,2026-11-24
FBK000973,CUST00071,FLT00372,2027-02-14,GOI,PNQ,1,48845,INR,failed,initiated,2027-01-31
FBK000974,CUST00019,FLT00076,2027-01-30,CCU,GOI,3,63497,INR,paid,initiated,2026-12-08
FBK000975,CUST00182,FLT00351,2027-04-07,HYD,PNQ,2,89159,INR,refunded,initiated,2027-03-24
FBK000976,CUST00043,FLT00113,2026-11-06,PNQ,DEL,2,99072,INR,failed,failed,2026-10-10
FBK000977,CUST00232,FLT00448,2027-04-20,MAA,DEL,5,15064,INR,refunded,failed,2027-03-13
FBK000978,CUST00254,FLT00414,2027-02-17,PNQ,HYD,3,97577,INR,refunded,cancelled,2027-01-17
FBK000979,CUST00043,FLT00249,2027-03-14,PNQ,DEL,4,38251,INR,refunded,cancelled,2027-03-05
FBK000980,CUST00025,FLT00392,2026-10-11,MAA,DEL,1,74883,INR,refunded,confirmed,2026-10-10
FBK000981,CUST00159,FLT00037,2026-12-22,COK,JAI,6,54687,INR,failed,confirmed,2026-11-28
FBK000982,CUST00252,FLT00012,2027-02-07,DEL,JAI,1,40943,INR,pending,confirmed,2026-12-25
FBK000983,CUST00148,FLT00492,2027-02-18,DEL,BLR,4,38873,INR,pending,confirmed,2027-01-21
FBK000984,CUST00104,FLT00317,2027-03-24,HYD,DEL,2,50532,INR,pending,initiated,2027-01-27
FBK000985,CUST00217,FLT00438,2026-12-09,JAI,MAA,2,57394,INR,paid,initiated,2026-11-16
FBK000986,CUST00084,FLT00372,2027-04-30,DEL,JAI,4,8980,INR,failed,failed,2027-03-29
FBK000987,CUST00187,FLT00139,2026-12-11,BOM,DEL,5,24820,INR,refunded,initiated,2026-10-13
FBK000988,CUST00033,FLT00131,2027-03-19,MAA,CCU,4,96538,INR,pending,initiated,2027-02-02
FBK000989,CUST00112,FLT00469,2027-04-30,JAI,PNQ,6,66650,INR,paid,failed,2027-03-04
FBK000990,CUST00010,FLT00384,2026-10-12,COK,CCU,6,74442,INR,refunded,initiated,2026-10-09
FBK000991,CUST00176,FLT00125,2026-12-23,GOI,DEL,1,93124,INR,paid,failed,2026-11-16
FBK000992,CUST00162,FLT00258,2026-10-19,DEL,BLR,6,10835,INR,refunded,failed,2026-10-15
FBK000993,CUST00147,FLT00230,2027-01-17,BLR,GOI,4,54527,INR,pending,initiated,2026-11-24
FBK000994,CUST00185,FLT00014,2026-12-01,COK,BLR,6,65480,INR,pending,cancelled,2026-10-07
FBK000995,CUST00037,FLT00162,2027-03-29,GOI,MAA,2,76877,INR,paid,failed,2027-03-26
FBK000996,CUST00174,FLT00179,2027-04-16,MAA,BLR,2,52041,INR,pending,failed,2027-02-18
FBK000997,CUST00174,FLT00104,2027-01-11,BOM,DEL,3,58758,INR,paid,cancelled,2026-12-16
FBK000998,CUST00144,FLT00219,2026-12-03,JAI,PNQ,3,5658,INR,pending,confirmed,2026-11-22
FBK000999,CUST00287,FLT00237,2027-01-10,BOM,HYD,1,50042,INR,failed,confirmed,2026-11-18
FBK001000,CUST00228,FLT00239,2027-04-03,PNQ,DEL,6,19688,INR,paid,failed,2027-02-09
