booking_id,customer_id,hotel_id,room_inventory_id,booking_date,guests,amount,currency,payment_status,booking_status,created_at
BK000001,CUST00212,HOT00114,ROOM00166,2026-10-29,5,34707,INR,pending,initiated,2026-10-18
BK000002,CUST00233,HOT00047,ROOM00323,2026-12-14,5,34248,INR,paid,cancelled,2026-12-10
BK000003,CUST00205,HOT00032,ROOM00128,2027-03-07,6,10243,INR,pending,failed,2027-02-24
BK000004,CUST00184,HOT00275,ROOM00336,2027-01-15,4,41501,INR,pending,failed,2027-01-05
BK000005,CUST00106,HOT00068,ROOM00289,2027-04-12,3,36633,INR,failed,confirmed,2027-03-26
BK000006,CUST00114,HOT00335,ROOM00131,2027-03-04,5,29850,INR,refunded,failed,2027-02-02
BK000007,CUST00281,HOT00023,ROOM00278,2027-01-14,2,1963,INR,paid,initiated,2027-01-06
BK000008,CUST00028,HOT00384,ROOM00356,2026-12-19,6,5015,INR,refunded,cancelled,2026-12-17
BK000009,CUST00099,HOT00437,ROOM00153,2026-11-03,6,32762,INR,paid,cancelled,2026-10-19
BK000010,CUST00054,HOT00106,ROOM00367,2027-01-31,4,33577,INR,refunded,initiated,2027-01-21
BK000011,CUST00037,HOT00238,ROOM00125,2027-04-10,4,23432,INR,pending,confirmed,2027-03-22
BK000012,CUST00053,HOT00120,ROOM00090,2027-01-15,5,18421,INR,refunded,initiated,2027-01-04
BK000013,CUST00185,HOT00530,ROOM00370,2026-12-29,2,31070,INR,pending,failed,2026-12-05
BK000014,CUST00193,HOT00028,ROOM00131,2027-02-28,5,8476,INR,failed,cancelled,2027-02-24
BK000015,CUST00266,HOT00540,ROOM00439,2027-02-16,5,49025,INR,paid,initiated,2027-01-17
BK000016,CUST00165,HOT00080,ROOM00250,2026-11-28,4,18206,INR,pending,failed,2026-11-27
BK000017,CUST00265,HOT00265,ROOM00454,2027-04-21,1,29941,INR,paid,initiated,2027-03-26
BK000018,CUST00079,HOT00268,ROOM00206,2027-02-18,2,18908,INR,paid,confirmed,2027-01-31
BK000019,CUST00160,HOT00366,ROOM00475,2026-12-15,2,4218,INR,pending,failed,2026-11-26
BK000020,CUST00064,HOT00092,ROOM00470,2026-11-02,1,34452,INR,refunded,confirmed,2026-10-11
BK000021,CUST00143,HOT00284,ROOM00098,2027-03-02,4,29985,INR,failed,cancelled,2027-02-08
BK000022,CUST00103,HOT00129,ROOM00332,2026-10-13,6,22768,INR,paid,initiated,2026-10-04
BK000023,CUST00174,HOT00099,ROOM00317,2026-10-13,4,42533,INR,paid,initiated,2026-10-10
BK000024,CUST00183,HOT00539,ROOM00141,2027-04-05,1,9824,INR,failed,initiated,2027-03-29
BK000025,CUST00050,HOT00071,ROOM00241,2026-11-28,1,47493,INR,paid,confirmed,2026-11-26
BK000026,CUST00240,HOT00322,ROOM00184,2027-01-09,6,14146,INR,failed,initiated,2026-12-25
BK000027,CUST00150,HOT00456,ROOM00045,2026-11-30,1,47616,INR,refunded,confirmed,2026-11-15
BK000028,CUST00070,HOT00017,ROOM00368,2027-02-05,6,3423,INR,pending,cancelled,2027-01-16
BK000029,CUST00196,HOT00127,ROOM00298,2026-12-08,2,12469,INR,failed,confirmed,2026-11-10
BK000030,CUST00171,HOT00497,ROOM00023,2026-10-13,3,16200,INR,refunded,cancelled,2026-10-02
BK000031,CUST00242,HOT00018,ROOM00248,2026-10-18,2,20733,INR,refunded,failed,2026-10-12
BK000032,CUST00286,HOT00051,ROOM00100,2026-11-11,4,28347,INR,pending,initiated,2026-10-27
BK000033,CUST00075,HOT00024,ROOM00275,2027-03-14,1,12170,INR,pending,cancelled,2027-03-09
BK000034,CUST00268,HOT00060,ROOM00110,2027-01-23,6,48803,INR,refunded,initiated,2026-12-25
BK000035,CUST00143,HOT00553,ROOM00497,2027-02-04,2,33583,INR,refunded,initiated,2027-02-02
BK000036,CUST00223,HOT00481,ROOM00266,2027-02-19,5,24260,INR,failed,cancelled,2027-01-30
BK000037,CUST00113,HOT00236,ROOM00136,2026-12-19,1,19768,INR,refunded,confirmed,2026-12-02
BK000038,CUST00263,HOT00546,ROOM00008,2026-10-27,6,45624,INR,failed,confirmed,2026-10-04
BK000039,CUST00005,HOT00339,ROOM00193,2026-10-09,6,21448,INR,paid,initiated,2026-10-03
BK000040,CUST00193,HOT00501,ROOM00377,2027-01-21,4,12467,INR,paid,confirmed,2026-12-30
BK000041,CUST00113,HOT00224,ROOM00277,2026-12-21,5,11516,INR,pending,cancelled,2026-12-15
BK000042,CUST00052,HOT00294,ROOM00359,2027-01-05,5,9849,INR,failed,cancelled,2026-12-11
BK000043,CUST00261,HOT00367,ROOM00038,2026-12-05,3,27753,INR,failed,confirmed,2026-11-24
BK000044,CUST00232,HOT00225,ROOM00312,2027-01-18,3,42754,INR,paid,cancelled,2027-01-05
BK000045,CUST00231,HOT00561,ROOM00011,2027-04-06,5,41517,INR,refunded,cancelled,2027-03-27
BK000046,CUST00150,HOT00219,ROOM00329,2027-03-25,4,23293,INR,pending,failed,2027-03-01
BK000047,CUST00171,HOT00327,ROOM00225,2026-11-14,1,35906,INR,paid,failed,2026-10-19
BK000048,CUST00056,HOT00386,ROOM00342,2027-02-01,4,47645,INR,failed,initiated,2027-01-31
BK000049,CUST00190,HOT00506,ROOM00238,2027-03-30,1,36685,INR,failed,cancelled,2027-03-22
BK000050,CUST00013,HOT00337,ROOM00281,2026-12-29,4,14787,INR,refunded,failed,2026-12-08
BK000051,CUST00210,HOT00365,ROOM00078,2026-12-05,2,21529,INR,pending,initiated,2026-11-22
BK000052,CUST00073,HOT00311,ROOM00213,2026-11-30,6,27588,INR,pending,initiated,2026-11-03
BK000053,CUST00180,HOT00534,ROOM00090,2027-03-04,3,21951,INR,refunded,confirmed,2027-03-03
BK000054,CUST00191,HOT00488,ROOM00256,2026-12-26,2,27706,INR,pending,initiated,2026-11-30
BK000055,CUST00283,HOT00134,ROOM00378,2027-03-13,5,47513,INR,pending,confirmed,2027-02-14
BK000056,CUST00150,HOT00328,ROOM00072,2026-12-10,2,29731,INR,pending,initiated,2026-11-21
BK000057,CUST00065,HOT00578,ROOM00069,2027-03-03,1,18792,INR,failed,initiated,2027-02-11
BK000058,CUST00268,HOT00457,ROOM00302,2026-11-05,3,9835,INR,paid,confirmed,2026-10-13
BK000059,CUST00003,HOT00235,ROOM00106,2027-02-01,6,9419,INR,pending,failed,2027-02-01
BK000060,CUST00186,HOT00295,ROOM00377,2027-01-11,1,39328,INR,paid,cancelled,2026-12-24
BK000061,CUST00288,HOT00399,ROOM00212,2027-02-01,5,13097,INR,refunded,initiated,2027-01-12
BK000062,CUST00024,HOT00309,ROOM00289,2027-01-23,1,27027,INR,paid,initiated,2027-01-06
BK000063,CUST00057,HOT00149,ROOM00026,2027-04-02,2,21161,INR,pending,initiated,2027-03-19
BK000064,CUST00284,HOT00038,ROOM00046,2026-12-27,2,45890,INR,paid,initiated,2026-12-19
BK000065,CUST00061,HOT00062,ROOM00484,2027-03-20,1,5036,INR,refunded,cancelled,2027-03-18
BK000066,CUST00222,HOT00442,ROOM00132,2027-03-01,2,23116,INR,failed,confirmed,2027-02-22
BK000067,CUST00095,HOT00348,ROOM00333,2027-03-27,5,12988,INR,refunded,failed,2027-03-05
BK000068,CUST00273,HOT00560,ROOM00024,2026-11-30,6,14146,INR,refunded,failed,2026-11-08
BK000069,CUST00047,HOT00205,ROOM00380,2026-12-07,4,21328,INR,refunded,failed,2026-12-02
BK000070,CUST00067,HOT00319,ROOM00433,2027-01-31,2,21509,INR,refunded,initiated,2027-01-03
BK000071,CUST00194,HOT00217,ROOM00112,2026-11-25,2,44081,INR,refunded,failed,2026-11-23
BK000072,CUST00041,HOT00555,ROOM00384,2026-12-05,4,47450,INR,pending,confirmed,2026-11-12
BK000073,CUST00197,HOT00392,ROOM00239,2026-12-19,6,20723,INR,failed,cancelled,2026-12-12
BK000074,CUST00176,HOT00154,ROOM00328,2026-10-22,6,35097,INR,pending,cancelled,2026-10-08
BK000075,CUST00250,HOT00371,ROOM00119,2026-10-31,5,11625,INR,pending,failed,2026-10-05
BK000076,CUST00049,HOT00046,ROOM00023,2026-12-20,1,2511,INR,paid,cancelled,2026-12-05
BK000077,CUST00103,HOT00485,ROOM00470,2027-02-26,2,41024,INR,refunded,cancelled,2027-02-14
BK000078,CUST00074,HOT00545,ROOM00207,2027-01-05,6,38093,INR,pending,initiated,2027-01-04
BK000079,CUST00132,HOT00105,ROOM00409,2027-04-01,5,10611,INR,pending,confirmed,2027-03-26
BK000080,CUST00171,HOT00199,ROOM00148,2027-02-22,1,45816,INR,paid,confirmed,2027-01-24
BK000081,CUST00149,HOT00270,ROOM00105,2027-03-02,1,32389,INR,pending,confirmed,2027-03-01
BK000082,CUST00040,HOT00478,ROOM00006,2027-02-04,5,12848,INR,pending,failed,2027-01-24
BK000083,CUST00157,HOT00046,ROOM00450,2027-03-11,4,27788,INR,refunded,confirmed,2027-03-09
BK000084,CUST00269,HOT00410,ROOM00430,2027-03-19,4,31868,INR,failed,failed,2027-03-14
BK000085,CUST00172,HOT00053,ROOM00174,2027-03-01,6,11706,INR,pending,confirmed,2027-02-22
BK000086,CUST00276,HOT00169,ROOM00418,2027-01-16,1,37663,INR,paid,initiated,2026-12-30
BK000087,CUST00157,HOT00242,ROOM00131,2026-12-29,4,36900,INR,refunded,failed,2026-12-12
BK000088,CUST00041,HOT00358,ROOM00311,2027-02-04,6,38552,INR,paid,initiated,2027-01-21
BK000089,CUST00253,HOT00534,ROOM00285,2026-12-23,2,10213,INR,paid,initiated,2026-12-09
BK000090,CUST00094,HOT00209,ROOM00186,2026-11-28,5,3177,INR,refunded,initiated,2026-11-17
BK000091,CUST00247,HOT00225,ROOM00378,2026-11-23,1,13378,INR,paid,failed,2026-11-02
BK000092,CUST00174,HOT00249,ROOM00052,2027-03-18,1,5992,INR,paid,cancelled,2027-03-03
BK000093,CUST00074,HOT00222,ROOM00186,2027-02-22,2,30650,INR,pending,failed,2027-01-25
BK000094,CUST00106,HOT00238,ROOM00217,2027-02-21,4,32831,INR,failed,confirmed,2027-02-17
BK000095,CUST00219,HOT00302,ROOM00228,2027-02-21,6,22216,INR,pending,failed,2027-01-29
BK000096,CUST00266,HOT00178,ROOM00098,2026-11-05,3,10964,INR,paid,initiated,2026-10-23
BK000097,CUST00072,HOT00390,ROOM00164,2027-01-29,2,28838,INR,pending,confirmed,2027-01-19
BK000098,CUST00011,HOT00278,ROOM00449,2027-01-07,6,12630,INR,refunded,failed,2026-12-15
BK000099,CUST00068,HOT00532,ROOM00134,2027-02-03,4,34275,INR,failed,initiated,2027-01-11
BK000100,CUST00111,HOT00175,ROOM00066,2026-12-16,5,37540,INR,paid,initiated,2026-12-13
BK000101,CUST00080,HOT00431,ROOM00200,2026-12-31,6,12497,INR,refunded,cancelled,2026-12-04
BK000102,CUST00001,HOT00138,ROOM00302,2026-12-07,2,31934,INR,refunded,failed,2026-11-18
BK000103,CUST00072,HOT00443,ROOM00404,2026-10-23,3,17263,INR,pending,failed,2026-10-19
BK000104,CUST00137,HOT00494,ROOM00434,2027-01-05,4,2286,INR,failed,failed,2026-12-14
BK000105,CUST00212,HOT00555,ROOM00257,2027-01-05,3,42250,INR,failed,failed,2026-12-07
BK000106,CUST00107,HOT00206,ROOM00176,2027-04-05,6,38278,INR,pending,initiated,2027-03-16
BK000107,CUST00202,HOT00080,ROOM00117,2027-02-27,2,47359,INR,pending,initiated,2027-02-27
BK000108,CUST00077,HOT00352,ROOM00266,2027-01-01,1,24806,INR,paid,cancelled,2026-12-03
BK000109,CUST00039,HOT00058,ROOM00435,2027-03-24,4,38848,INR,refunded,cancelled,2027-03-09
BK000110,CUST00090,HOT00540,ROOM00022,2026-11-08,4,20818,INR,failed,confirmed,2026-10-22
BK000111,CUST00066,HOT00505,ROOM00041,2026-12-09,4,1687,INR,pending,failed,2026-11-27
BK000112,CUST00190,HOT00340,ROOM00365,2026-10-06,4,22513,INR,failed,cancelled,2026-10-05
BK000113,CUST00143,HOT00149,ROOM00304,2026-10-16,1,21373,INR,pending,failed,2026-10-08
BK000114,CUST00073,HOT00488,ROOM00038,2026-10-24,5,17606,INR,refunded,cancelled,2026-10-15
BK000115,CUST00063,HOT00388,ROOM00232,2026-11-21,1,32942,INR,pending,cancelled,2026-11-16
BK000116,CUST00017,HOT00020,ROOM00295,2027-01-08,6,15361,INR,refunded,initiated,2026-12-26
BK000117,CUST00179,HOT00504,ROOM00127,2026-12-28,2,20531,INR,paid,cancelled,2026-12-14
BK000118,CUST00161,HOT00433,ROOM00073,2026-12-14,4,9213,INR,refunded,failed,2026-11-24
BK000119,CUST00145,HOT00375,ROOM00189,2027-03-31,3,43037,INR,failed,cancelled,2027-03-22
BK000120,CUST00074,HOT00348,ROOM00049,2026-11-24,1,14602,INR,failed,initiated,2026-11-18
BK000121,CUST00031,HOT00149,ROOM00477,2027-03-14,6,5292,INR,pending,confirmed,2027-02-15
BK000122,CUST00155,HOT00099,ROOM00436,2026-11-30,5,27982,INR,failed,confirmed,2026-11-13
BK000123,CUST00128,HOT00509,ROOM00278,2027-04-10,6,47891,INR,failed,initiated,2027-03-30
BK000124,CUST00204,HOT00555,ROOM00102,2027-02-24,6,49059,INR,paid,confirmed,2027-02-13
BK000125,CUST00180,HOT00402,ROOM00478,2027-04-01,4,7457,INR,pending,cancelled,2027-03-21
BK000126,CUST00098,HOT00533,ROOM00361,2026-11-21,3,15621,INR,failed,cancelled,2026-11-09
BK000127,CUST00043,HOT00310,ROOM00205,2027-04-03,3,6936,INR,refunded,initiated,2027-03-17
BK000128,CUST00105,HOT00001,ROOM00097,2027-03-17,6,43305,INR,pending,cancelled,2027-03-15
BK000129,CUST00172,HOT00126,ROOM00479,2027-04-05,4,8901,INR,failed,cancelled,2027-03-21
BK000130,CUST00043,HOT00099,ROOM00029,2027-02-24,1,35130,INR,paid,cancelled,2027-02-17
BK000131,CUST00138,HOT00145,ROOM00241,2027-01-29,4,17125,INR,paid,cancelled,2027-01-25
BK000132,CUST00045,HOT00029,ROOM00171,2027-02-19,4,32993,INR,refunded,cancelled,2027-02-19
BK000133,CUST00031,HOT00177,ROOM00339,2027-03-07,2,45552,INR,pending,confirmed,2027-03-03
BK000134,CUST00131,HOT00062,ROOM00028,2027-01-30,3,20798,INR,pending,confirmed,2027-01-04
BK000135,CUST00004,HOT00393,ROOM00287,2027-03-16,1,33940,INR,refunded,confirmed,2027-02-16
BK000136,CUST00237,HOT00295,ROOM00106,2027-02-21,1,4474,INR,failed,initiated,2027-02-14
BK000137,CUST00220,HOT00377,ROOM00371,2026-12-01,1,26875,INR,paid,confirmed,2026-11-09
BK000138,CUST00191,HOT00405,ROOM00371,2027-01-15,4,48223,INR,refunded,confirmed,2026-12-17
BK000139,CUST00169,HOT00038,ROOM00074,2026-11-29,6,6443,INR,paid,initiated,2026-11-02
BK000140,CUST00023,HOT00055,ROOM00221,2027-01-06,1,30163,INR,paid,cancelled,2026-12-27
BK000141,CUST00240,HOT00357,ROOM00396,2027-03-28,3,6321,INR,refunded,failed,2027-03-09
BK000142,CUST00052,HOT00381,ROOM00108,2027-03-13,6,35777,INR,paid,initiated,2027-03-01
BK000143,CUST00086,HOT00565,ROOM00162,2026-10-08,5,2416,INR,paid,cancelled,2026-10-05
BK000144,CUST00242,HOT00505,ROOM00433,2026-12-13,4,11137,INR,pending,cancelled,2026-11-17
BK000145,CUST00014,HOT00246,ROOM00239,2027-02-17,5,23255,INR,pending,cancelled,2027-01-21
BK000146,CUST00057,HOT00579,ROOM00197,2026-10-14,1,17866,INR,failed,confirmed,2026-10-05
BK000147,CUST00027,HOT00172,ROOM00222,2027-02-24,5,33941,INR,paid,cancelled,2027-02-18
BK000148,CUST00279,HOT00024,ROOM00350,2027-03-24,4,12634,INR,paid,cancelled,2027-03-11
BK000149,CUST00210,HOT00052,ROOM00253,2027-01-26,4,24919,INR,paid,initiated,2027-01-09
BK000150,CUST00099,HOT00265,ROOM00331,2026-11-19,1,41345,INR,refunded,initiated,2026-11-15
BK000151,CUST00209,HOT00183,ROOM00158,2026-11-24,1,8013,INR,refunded,confirmed,2026-10-25
BK000152,CUST00238,HOT00129,ROOM00467,2026-11-16,3,29354,INR,refunded,confirmed,2026-11-05
BK000153,CUST00081,HOT00037,ROOM00352,2027-03-25,5,44575,INR,paid,confirmed,2027-03-10
BK000154,CUST00068,HOT00086,ROOM00185,2026-11-24,1,20646,INR,refunded,confirmed,2026-11-08
BK000155,CUST00144,HOT00241,ROOM00460,2027-01-27,2,20909,INR,refunded,failed,2027-01-05
BK000156,CUST00172,HOT00143,ROOM00425,2027-02-10,4,46554,INR,pending,cancelled,2027-01-26
BK000157,CUST00136,HOT00079,ROOM00346,2026-12-02,3,18992,INR,pending,confirmed,2026-11-09
BK000158,CUST00062,HOT00109,ROOM00477,2027-03-08,2,8502,INR,paid,initiated,2027-03-01
BK000159,CUST00091,HOT00505,ROOM00491,2027-04-05,6,37270,INR,refunded,failed,2027-03-13
BK000160,CUST00121,HOT00492,ROOM00430,2027-02-14,3,4061,INR,paid,cancelled,2027-02-11
BK000161,CUST00198,HOT00489,ROOM00126,2027-01-06,5,11143,INR,paid,cancelled,2027-01-04
BK000162,CUST00069,HOT00168,ROOM00288,2027-03-22,3,33756,INR,failed,cancelled,2027-03-15
BK000163,CUST00225,HOT00432,ROOM00325,2027-02-01,5,20373,INR,failed,initiated,2027-01-13
BK000164,CUST00247,HOT00295,ROOM00066,2026-11-11,5,6137,INR,paid,cancelled,2026-10-23
BK000165,CUST00195,HOT00529,ROOM00256,2026-11-21,1,31908,INR,paid,failed,2026-11-11
BK000166,CUST00196,HOT00012,ROOM00397,2026-12-28,2,8567,INR,refunded,confirmed,2026-11-28
BK000167,CUST00017,HOT00525,ROOM00399,2026-11-12,6,26947,INR,pending,confirmed,2026-10-20
BK000168,CUST00281,HOT00401,ROOM00088,2026-11-24,2,32575,INR,pending,confirmed,2026-11-21
BK000169,CUST00259,HOT00347,ROOM00071,2026-12-19,5,49148,INR,refunded,initiated,2026-12-09
BK000170,CUST00283,HOT00562,ROOM00035,2027-01-12,4,34424,INR,failed,initiated,2026-12-17
BK000171,CUST00256,HOT00506,ROOM00484,2027-03-05,3,29994,INR,refunded,initiated,2027-02-06
BK000172,CUST00250,HOT00297,ROOM00233,2027-03-29,4,26911,INR,failed,initiated,2027-03-11
BK000173,CUST00126,HOT00359,ROOM00091,2026-12-21,3,36762,INR,pending,failed,2026-11-29
BK000174,CUST00019,HOT00157,ROOM00125,2027-04-02,3,1553,INR,failed,confirmed,2027-03-25
BK000175,CUST00055,HOT00402,ROOM00180,2027-03-25,4,6318,INR,paid,initiated,2027-03-25
BK000176,CUST00282,HOT00523,ROOM00323,2027-02-16,6,31874,INR,failed,failed,2027-01-17
BK000177,CUST00154,HOT00346,ROOM00147,2027-02-15,3,29359,INR,pending,cancelled,2027-02-07
BK000178,CUST00042,HOT00511,ROOM00246,2027-01-10,1,41192,INR,refunded,confirmed,2026-12-31
BK000179,CUST00269,HOT00435,ROOM00346,2027-01-21,5,9735,INR,paid,confirmed,2027-01-10
BK000180,CUST00056,HOT00377,ROOM00166,2027-01-01,4,35584,INR,paid,initiated,2026-12-30
BK000181,CUST00216,HOT00229,ROOM00010,2027-02-09,6,12253,INR,failed,cancelled,2027-01-14
BK000182,CUST00038,HOT00444,ROOM00115,2026-12-08,5,33634,INR,refunded,failed,2026-12-01
BK000183,CUST00239,HOT00305,ROOM00290,2026-10-13,1,44974,INR,paid,failed,2026-10-02
BK000184,CUST00009,HOT00044,ROOM00384,2026-12-11,4,18070,INR,paid,confirmed,2026-12-05
BK000185,CUST00108,HOT00339,ROOM00211,2026-11-23,3,29471,INR,paid,initiated,2026-10-29
BK000186,CUST00241,HOT00425,ROOM00321,2027-03-11,5,25179,INR,refunded,initiated,2027-03-01
BK000187,CUST00277,HOT00551,ROOM00127,2027-03-05,4,48439,INR,pending,failed,2027-03-01
BK000188,CUST00037,HOT00436,ROOM00338,2027-03-06,5,48980,INR,failed,failed,2027-02-13
BK000189,CUST00030,HOT00115,ROOM00169,2027-02-18,2,13208,INR,refunded,cancelled,2027-01-26
BK000190,CUST00091,HOT00093,ROOM00127,2027-01-01,1,6895,INR,refunded,cancelled,2026-12-18
BK000191,CUST00060,HOT00209,ROOM00020,2026-11-22,2,13991,INR,pending,failed,2026-11-01
BK000192,CUST00238,HOT00089,ROOM00108,2026-10-25,6,36253,INR,failed,initiated,2026-10-13
BK000193,CUST00152,HOT00512,ROOM00143,2026-11-15,5,39759,INR,failed,failed,2026-11-10
BK000194,CUST00044,HOT00090,ROOM00181,2027-04-06,1,48081,INR,paid,cancelled,2027-03-13
BK000195,CUST00017,HOT00476,ROOM00048,2026-12-21,6,7113,INR,paid,cancelled,2026-12-06
BK000196,CUST00010,HOT00209,ROOM00319,2026-10-22,3,22626,INR,pending,confirmed,2026-10-04
BK000197,CUST00150,HOT00531,ROOM00143,2026-10-12,6,12383,INR,failed,initiated,2026-10-08
BK000198,CUST00140,HOT00490,ROOM00298,2026-12-26,4,22262,INR,pending,failed,2026-11-26
BK000199,CUST00232,HOT00408,ROOM00385,2027-01-15,4,49148,INR,paid,initiated,2026-12-26
BK000200,CUST00277,HOT00557,ROOM00198,2027-03-25,6,44506,INR,pending,confirmed,2027-03-11
BK000201,CUST00070,HOT00576,ROOM00121,2026-12-16,6,12664,INR,refunded,cancelled,2026-12-01
BK000202,CUST00259,HOT00112,ROOM00235,2027-04-03,1,46656,INR,refunded,initiated,2027-03-20
BK000203,CUST00024,HOT00221,ROOM00160,2026-12-13,5,23658,INR,pending,cancelled,2026-11-17
BK000204,CUST00074,HOT00579,ROOM00063,2027-01-09,3,45065,INR,pending,cancelled,2026-12-29
BK000205,CUST00147,HOT00034,ROOM00343,2027-03-31,2,26670,INR,pending,confirmed,2027-03-24
BK000206,CUST00269,HOT00179,ROOM00428,2026-12-03,2,16699,INR,paid,initiated,2026-11-23
BK000207,CUST00297,HOT00310,ROOM00294,2026-12-01,4,34346,INR,failed,cancelled,2026-11-12
BK000208,CUST00290,HOT00214,ROOM00485,2026-12-21,2,37842,INR,pending,failed,2026-11-24
BK000209,CUST00259,HOT00340,ROOM00263,2027-03-30,6,15208,INR,pending,confirmed,2027-03-23
BK000210,CUST00069,HOT00540,ROOM00440,2027-03-07,4,1345,INR,paid,initiated,2027-03-04
BK000211,CUST00090,HOT00485,ROOM00294,2027-01-22,6,7368,INR,paid,confirmed,2027-01-10
BK000212,CUST00064,HOT00157,ROOM00327,2027-04-13,4,37759,INR,pending,failed,2027-03-18
BK000213,CUST00018,HOT00078,ROOM00263,2027-03-09,1,29158,INR,pending,confirmed,2027-02-09
BK000214,CUST00285,HOT00557,ROOM00246,2026-11-16,1,1798,INR,paid,failed,2026-11-13
BK000215,CUST00180,HOT00491,ROOM00220,2026-11-17,3,14249,INR,pending,failed,2026-10-24
BK000216,CUST00195,HOT00259,ROOM00101,2027-02-07,6,16899,INR,refunded,failed,2027-01-23
BK000217,CUST00097,HOT00333,ROOM00085,2026-11-02,6,31391,INR,pending,failed,2026-10-23
BK000218,CUST00051,HOT00202,ROOM00020,2027-03-18,6,43493,INR,pending,confirmed,2027-03-05
BK000219,CUST00118,HOT00113,ROOM00015,2027-04-07,4,17195,INR,refunded,initiated,2027-03-22
BK000220,CUST00014,HOT00484,ROOM00226,2027-02-02,6,21795,INR,refunded,confirmed,2027-01-19
BK000221,CUST00197,HOT00506,ROOM00199,2026-12-04,2,13447,INR,pending,initiated,2026-12-01
BK000222,CUST00209,HOT00570,ROOM00387,2027-03-13,3,28285,INR,pending,cancelled,2027-03-08
BK000223,CUST00064,HOT00368,ROOM00273,2026-11-11,1,4992,INR,paid,confirmed,2026-10-26
BK000224,CUST00018,HOT00005,ROOM00098,2027-01-19,4,22075,INR,pending,failed,2027-01-11
BK000225,CUST00241,HOT00411,ROOM00322,2027-01-08,2,37912,INR,refunded,cancelled,2026-12-28
BK000226,CUST00142,HOT00310,ROOM00359,2026-12-12,3,30379,INR,pending,cancelled,2026-12-03
BK000227,CUST00005,HOT00419,ROOM00256,2026-12-04,1,23539,INR,failed,initiated,2026-11-22
BK000228,CUST00080,HOT00111,ROOM00016,2027-02-04,6,40329,INR,failed,confirmed,2027-01-19
BK000229,CUST00080,HOT00205,ROOM00082,2026-11-07,3,45830,INR,pending,cancelled,2026-10-24
BK000230,CUST00200,HOT00049,ROOM00086,2027-04-18,2,15475,INR,failed,failed,2027-03-25
BK000231,CUST00238,HOT00289,ROOM00066,2026-11-17,6,39993,INR,paid,failed,2026-10-19
BK000232,CUST00160,HOT00399,ROOM00358,2027-03-17,1,49146,INR,paid,failed,2027-02-16
BK000233,CUST00014,HOT00410,ROOM00289,2027-03-07,1,34559,INR,paid,cancelled,2027-02-20
BK000234,CUST00132,HOT00387,ROOM00471,2027-01-17,2,5961,INR,refunded,cancelled,2027-01-05
BK000235,CUST00077,HOT00415,ROOM00488,2027-01-22,5,25134,INR,pending,confirmed,2027-01-17
BK000236,CUST00075,HOT00389,ROOM00387,2026-12-19,1,28927,INR,pending,confirmed,2026-12-06
BK000237,CUST00138,HOT00009,ROOM00412,2027-03-26,2,14357,INR,failed,failed,2027-03-10
BK000238,CUST00295,HOT00379,ROOM00362,2026-11-27,5,32427,INR,refunded,cancelled,2026-11-19
BK000239,CUST00165,HOT00023,ROOM00198,2027-01-16,5,47204,INR,failed,confirmed,2026-12-27
BK000240,CUST00253,HOT00566,ROOM00341,2027-02-19,1,49282,INR,pending,cancelled,2027-02-17
BK000241,CUST00087,HOT00494,ROOM00410,2027-04-02,4,34953,INR,paid,initiated,2027-03-19
BK000242,CUST00191,HOT00571,ROOM00106,2027-03-18,2,26266,INR,paid,confirmed,2027-02-25
BK000243,CUST00242,HOT00491,ROOM00365,2027-02-18,5,47542,INR,paid,confirmed,2027-02-01
BK000244,CUST00068,HOT00418,ROOM00028,2026-12-22,2,45861,INR,refunded,failed,2026-12-11
BK000245,CUST00185,HOT00397,ROOM00057,2027-01-02,5,37595,INR,paid,cancelled,2026-12-07
BK000246,CUST00017,HOT00400,ROOM00036,2026-11-04,6,42322,INR,failed,cancelled,2026-10-30
BK000247,CUST00067,HOT00257,ROOM00304,2026-11-21,5,22450,INR,refunded,failed,2026-10-26
BK000248,CUST00077,HOT00142,ROOM00162,2027-02-07,3,20552,INR,paid,failed,2027-01-20
BK000249,CUST00275,HOT00144,ROOM00156,2026-11-03,3,42830,INR,pending,cancelled,2026-10-28
BK000250,CUST00253,HOT00384,ROOM00460,2027-02-18,3,46155,INR,refunded,initiated,2027-02-13
BK000251,CUST00205,HOT00466,ROOM00199,2027-01-18,3,41954,INR,failed,cancelled,2026-12-25
BK000252,CUST00149,HOT00217,ROOM00445,2026-11-06,6,20016,INR,failed,initiated,2026-10-19
BK000253,CUST00032,HOT00382,ROOM00033,2026-12-26,5,45767,INR,pending,initiated,2026-12-08
BK000254,CUST00121,HOT00408,ROOM00087,2026-12-04,2,4575,INR,failed,initiated,2026-11-29
BK000255,CUST00070,HOT00275,ROOM00495,2026-12-09,4,48867,INR,failed,initiated,2026-11-25
BK000256,CUST00153,HOT00452,ROOM00163,2026-10-16,6,46366,INR,refunded,cancelled,2026-10-09
BK000257,CUST00209,HOT00175,ROOM00074,2026-11-16,4,44339,INR,refunded,failed,2026-10-23
BK000258,CUST00197,HOT00489,ROOM00205,2026-10-30,3,3530,INR,refunded,initiated,2026-10-26
BK000259,CUST00197,HOT00272,ROOM00319,2026-12-25,3,14644,INR,refunded,cancelled,2026-12-17
BK000260,CUST00013,HOT00277,ROOM00418,2026-12-17,2,17064,INR,refunded,initiated,2026-12-15
BK000261,CUST00063,HOT00573,ROOM00032,2026-10-16,4,42888,INR,failed,confirmed,2026-10-16
BK000262,CUST00245,HOT00260,ROOM00489,2026-10-15,1,26542,INR,paid,failed,2026-10-07
BK000263,CUST00147,HOT00143,ROOM00310,2027-03-31,3,12024,INR,pending,initiated,2027-03-15
BK000264,CUST00126,HOT00516,ROOM00432,2027-02-14,4,45594,INR,pending,confirmed,2027-02-14
BK000265,CUST00280,HOT00025,ROOM00186,2026-11-24,3,31307,INR,refunded,initiated,2026-11-10
BK000266,CUST00020,HOT00201,ROOM00468,2027-01-31,4,47167,INR,failed,cancelled,2027-01-06
BK000267,CUST00276,HOT00402,ROOM00193,2027-02-02,1,20958,INR,refunded,failed,2027-01-30
BK000268,CUST00250,HOT00063,ROOM00388,2026-12-21,1,10369,INR,paid,confirmed,2026-12-12
BK000269,CUST00014,HOT00189,ROOM00078,2027-01-14,3,1881,INR,paid,cancelled,2027-01-14
BK000270,CUST00033,HOT00233,ROOM00300,2027-03-05,3,9358,INR,refunded,cancelled,2027-02-22
BK000271,CUST00084,HOT00338,ROOM00249,2027-02-22,5,3135,INR,paid,cancelled,2027-02-19
BK000272,CUST00188,HOT00330,ROOM00384,2026-10-29,6,15829,INR,paid,confirmed,2026-10-14
BK000273,CUST00206,HOT00369,ROOM00177,2026-11-18,2,48947,INR,failed,failed,2026-11-04
BK000274,CUST00170,HOT00344,ROOM00129,2027-01-04,3,35767,INR,pending,confirmed,2026-12-11
BK000275,CUST00281,HOT00382,ROOM00363,2026-11-18,2,41731,INR,paid,initiated,2026-11-16
BK000276,CUST00101,HOT00378,ROOM00219,2026-12-06,5,9839,INR,pending,initiated,2026-11-10
BK000277,CUST00215,HOT00573,ROOM00479,2026-11-12,4,40494,INR,pending,confirmed,2026-10-19
BK000278,CUST00004,HOT00481,ROOM00165,2027-03-18,2,12422,INR,pending,cancelled,2027-02-19
BK000279,CUST00068,HOT00306,ROOM00158,2027-01-13,3,8948,INR,paid,initiated,2027-01-01
BK000280,CUST00059,HOT00230,ROOM00345,2026-11-20,3,39908,INR,failed,confirmed,2026-11-16
BK000281,CUST00204,HOT00213,ROOM00184,2027-02-06,5,22822,INR,paid,initiated,2027-02-05
BK000282,CUST00201,HOT00493,ROOM00183,2027-04-13,5,20820,INR,refunded,cancelled,2027-03-19
BK000283,CUST00041,HOT00468,ROOM00128,2027-03-07,6,16799,INR,refunded,initiated,2027-03-01
BK000284,CUST00100,HOT00426,ROOM00459,2027-03-05,6,42486,INR,refunded,initiated,2027-02-08
BK000285,CUST00235,HOT00421,ROOM00441,2027-02-11,3,21907,INR,paid,initiated,2027-02-11
BK000286,CUST00180,HOT00121,ROOM00126,2027-04-12,3,28306,INR,failed,initiated,2027-03-22
BK000287,CUST00237,HOT00003,ROOM00009,2026-12-10,3,12611,INR,pending,cancelled,2026-12-06
BK000288,CUST00228,HOT00011,ROOM00250,2027-01-07,6,43601,INR,paid,cancelled,2026-12-08
BK000289,CUST00281,HOT00342,ROOM00080,2026-12-22,3,49933,INR,paid,cancelled,2026-12-09
BK000290,CUST00120,HOT00514,ROOM00332,2027-03-10,2,5716,INR,paid,cancelled,2027-02-11
BK000291,CUST00138,HOT00167,ROOM00034,2027-01-06,3,44401,INR,refunded,confirmed,2026-12-21
BK000292,CUST00270,HOT00023,ROOM00105,2027-02-06,1,48107,INR,failed,confirmed,2027-02-03
BK000293,CUST00105,HOT00011,ROOM00308,2026-12-18,1,35179,INR,refunded,failed,2026-12-01
BK000294,CUST00120,HOT00355,ROOM00463,2026-12-13,6,11658,INR,paid,cancelled,2026-11-13
BK000295,CUST00084,HOT00165,ROOM00376,2027-01-27,4,37393,INR,refunded,initiated,2027-01-06
BK000296,CUST00013,HOT00372,ROOM00091,2027-03-26,2,15455,INR,paid,confirmed,2027-03-09
BK000297,CUST00044,HOT00123,ROOM00162,2026-11-13,2,10664,INR,refunded,failed,2026-10-27
BK000298,CUST00182,HOT00016,ROOM00347,2027-02-04,4,23940,INR,pending,cancelled,2027-01-15
BK000299,CUST00273,HOT00029,ROOM00048,2026-12-27,2,8808,INR,failed,cancelled,2026-12-27
BK000300,CUST00077,HOT00441,ROOM00248,2027-03-28,4,19327,INR,failed,failed,2027-02-27
BK000301,CUST00189,HOT00180,ROOM00124,2027-02-20,1,40360,INR,pending,confirmed,2027-01-28
BK000302,CUST00289,HOT00263,ROOM00155,2027-01-08,6,12060,INR,refunded,initiated,2026-12-15
BK000303,CUST00123,HOT00517,ROOM00246,2027-03-11,6,24885,INR,failed,cancelled,2027-02-16
BK000304,CUST00288,HOT00039,ROOM00026,2027-02-05,5,13494,INR,paid,initiated,2027-01-16
BK000305,CUST00105,HOT00110,ROOM00023,2026-11-14,3,46009,INR,pending,cancelled,2026-11-09
BK000306,CUST00047,HOT00300,ROOM00334,2026-12-31,2,27142,INR,failed,failed,2026-12-11
BK000307,CUST00188,HOT00489,ROOM00003,2026-12-02,5,6925,INR,refunded,initiated,2026-11-11
BK000308,CUST00114,HOT00302,ROOM00255,2026-11-12,4,3504,INR,failed,initiated,2026-11-02
BK000309,CUST00089,HOT00038,ROOM00178,2027-03-06,6,42404,INR,paid,initiated,2027-02-23
BK000310,CUST00132,HOT00177,ROOM00033,2026-11-30,5,39788,INR,paid,confirmed,2026-11-26
BK000311,CUST00134,HOT00366,ROOM00051,2027-01-28,5,46942,INR,pending,initiated,2027-01-11
BK000312,CUST00036,HOT00143,ROOM00165,2027-01-09,1,28980,INR,failed,initiated,2026-12-21
BK000313,CUST00088,HOT00532,ROOM00261,2026-12-19,1,27180,INR,failed,cancelled,2026-11-30
BK000314,CUST00176,HOT00566,ROOM00352,2027-01-22,5,24893,INR,failed,confirmed,2026-12-30
BK000315,CUST00101,HOT00557,ROOM00349,2026-11-08,5,39852,INR,pending,cancelled,2026-10-13
BK000316,CUST00186,HOT00087,ROOM00304,2027-04-05,2,44756,INR,refunded,confirmed,2027-03-16
BK000317,CUST00203,HOT00308,ROOM00231,2027-02-17,6,34506,INR,pending,initiated,2027-01-18
BK000318,CUST00222,HOT00349,ROOM00326,2026-11-28,3,19806,INR,pending,initiated,2026-11-15
BK000319,CUST00115,HOT00149,ROOM00448,2026-11-29,3,25677,INR,pending,confirmed,2026-11-15
BK000320,CUST00260,HOT00459,ROOM00394,2026-11-25,3,16041,INR,pending,confirmed,2026-11-09
BK000321,CUST00112,HOT00508,ROOM00423,2027-03-08,5,41035,INR,paid,initiated,2027-03-01
BK000322,CUST00049,HOT00138,ROOM00301,2027-03-01,4,21766,INR,failed,failed,2027-02-08
BK000323,CUST00173,HOT00025,ROOM00066,2027-03-24,3,9838,INR,failed,confirmed,2027-02-25
BK000324,CUST00057,HOT00560,ROOM00171,2026-11-04,2,26696,INR,refunded,initiated,2026-10-07
BK000325,CUST00170,HOT00244,ROOM00304,2027-01-10,2,29488,INR,failed,initiated,2026-12-31
BK000326,CUST00117,HOT00361,ROOM00171,2027-03-16,5,41670,INR,pending,initiated,2027-02-18
BK000327,CUST00062,HOT00038,ROOM00431,2026-10-30,6,26567,INR,failed,confirmed,2026-10-26
BK000328,CUST00031,HOT00123,ROOM00003,2026-12-02,3,16998,INR,refunded,cancelled,2026-11-14
BK000329,CUST00269,HOT00579,ROOM00463,2026-10-14,4,29971,INR,pending,failed,2026-10-14
BK000330,CUST00162,HOT00485,ROOM00103,2026-10-15,4,3649,INR,pending,confirmed,2026-10-03
BK000331,CUST00264,HOT00060,ROOM00122,2027-01-02,6,5883,INR,failed,confirmed,2026-12-30
BK000332,CUST00091,HOT00288,ROOM00010,2027-03-03,5,25061,INR,failed,confirmed,2027-02-02
BK000333,CUST00254,HOT00082,ROOM00260,2026-11-21,1,11659,INR,failed,initiated,2026-11-09
BK000334,CUST00162,HOT00561,ROOM00058,2027-01-23,6,27550,INR,failed,cancelled,2027-01-15
BK000335,CUST00107,HOT00048,ROOM00394,2027-02-25,4,11033,INR,refunded,failed,2027-01-28
BK000336,CUST00028,HOT00291,ROOM00330,2026-11-15,5,6122,INR,paid,failed,2026-10-16
BK000337,CUST00158,HOT00286,ROOM00336,2026-11-04,5,15025,INR,refunded,failed,2026-10-17
BK000338,CUST00157,HOT00225,ROOM00185,2027-03-24,6,49949,INR,paid,cancelled,2027-03-20
BK000339,CUST00140,HOT00536,ROOM00062,2027-01-15,3,32998,INR,pending,cancelled,2027-01-09
BK000340,CUST00128,HOT00232,ROOM00256,2027-03-29,4,15418,INR,refunded,cancelled,2027-03-18
BK000341,CUST00220,HOT00119,ROOM00439,2027-01-24,5,28568,INR,failed,failed,2026-12-31
BK000342,CUST00018,HOT00307,ROOM00406,2027-03-20,5,32580,INR,pending,cancelled,2027-02-24
BK000343,CUST00157,HOT00331,ROOM00489,2027-02-20,6,18619,INR,failed,cancelled,2027-02-20
BK000344,CUST00004,HOT00228,ROOM00315,2027-03-04,1,41020,INR,paid,cancelled,2027-02-22
BK000345,CUST00280,HOT00215,ROOM00083,2027-02-03,2,48298,INR,refunded,cancelled,2027-01-21
BK000346,CUST00139,HOT00196,ROOM00063,2026-11-09,1,1435,INR,paid,initiated,2026-11-03
BK000347,CUST00247,HOT00181,ROOM00109,2027-02-24,3,7485,INR,failed,failed,2027-02-15
BK000348,CUST00125,HOT00487,ROOM00432,2026-11-12,3,7011,INR,failed,initiated,2026-10-28
BK000349,CUST00228,HOT00010,ROOM00484,2027-01-10,5,3416,INR,failed,failed,2026-12-28
BK000350,CUST00097,HOT00535,ROOM00104,2027-01-30,3,48630,INR,refunded,confirmed,2026-12-31
BK000351,CUST00250,HOT00580,ROOM00376,2027-03-20,2,20144,INR,failed,failed,2027-02-28
BK000352,CUST00128,HOT00009,ROOM00426,2026-11-07,5,44891,INR,failed,failed,2026-10-08
BK000353,CUST00178,HOT00538,ROOM00091,2027-03-27,3,5266,INR,refunded,initiated,2027-03-24
BK000354,CUST00041,HOT00022,ROOM00157,2027-04-02,5,8081,INR,pending,failed,2027-03-12
BK000355,CUST00259,HOT00317,ROOM00467,2027-01-14,3,30268,INR,refunded,initiated,2026-12-15
BK000356,CUST00014,HOT00450,ROOM00186,2026-12-14,6,1978,INR,paid,confirmed,2026-11-26
BK000357,CUST00289,HOT00473,ROOM00399,2027-02-04,3,16439,INR,failed,failed,2027-01-16
BK000358,CUST00042,HOT00360,ROOM00227,2026-12-25,4,42311,INR,refunded,confirmed,2026-12-08
BK000359,CUST00093,HOT00109,ROOM00024,2026-12-30,1,16661,INR,paid,cancelled,2026-12-18
BK000360,CUST00226,HOT00427,ROOM00497,2026-11-18,2,22136,INR,refunded,initiated,2026-11-18
BK000361,CUST00129,HOT00546,ROOM00033,2027-02-18,6,16351,INR,pending,cancelled,2027-02-02
BK000362,CUST00266,HOT00194,ROOM00274,2027-01-27,3,48219,INR,refunded,failed,2027-01-01
BK000363,CUST00005,HOT00537,ROOM00221,2027-03-18,2,34937,INR,failed,initiated,2027-02-21
BK000364,CUST00182,HOT00354,ROOM00095,2026-11-16,5,39464,INR,refunded,confirmed,2026-11-02
BK000365,CUST00114,HOT00409,ROOM00224,2026-11-16,3,38622,INR,failed,failed,2026-11-16
BK000366,CUST00116,HOT00084,ROOM00235,2026-11-08,5,36760,INR,refunded,cancelled,2026-10-18
BK000367,CUST00034,HOT00389,ROOM00202,2026-10-16,2,46712,INR,failed,failed,2026-10-06
BK000368,CUST00048,HOT00394,ROOM00066,2026-12-10,2,23882,INR,paid,confirmed,2026-12-01
BK000369,CUST00070,HOT00477,ROOM00275,2027-01-07,1,36100,INR,paid,failed,2026-12-21
BK000370,CUST00197,HOT00054,ROOM00059,2027-02-11,3,1551,INR,failed,confirmed,2027-02-07
BK000371,CUST00028,HOT00090,ROOM00235,2027-02-18,5,14937,INR,paid,cancelled,2027-01-30
BK000372,CUST00219,HOT00565,ROOM00269,2027-04-06,3,28327,INR,failed,cancelled,2027-03-21
BK000373,CUST00052,HOT00404,ROOM00245,2026-11-16,2,29969,INR,failed,confirmed,2026-11-16
BK000374,CUST00167,HOT00575,ROOM00370,2027-01-27,5,6378,INR,refunded,confirmed,2027-01-09
BK000375,CUST00277,HOT00324,ROOM00433,2027-02-10,5,43780,INR,refunded,confirmed,2027-02-09
BK000376,CUST00182,HOT00153,ROOM00055,2026-11-21,1,3229,INR,refunded,initiated,2026-11-21
BK000377,CUST00018,HOT00526,ROOM00203,2027-01-19,1,36493,INR,pending,confirmed,2027-01-18
BK000378,CUST00103,HOT00103,ROOM00188,2027-01-05,2,39966,INR,refunded,failed,2026-12-16
BK000379,CUST00033,HOT00039,ROOM00004,2027-03-21,2,30303,INR,paid,failed,2027-03-20
BK000380,CUST00036,HOT00528,ROOM00372,2027-04-21,6,41856,INR,pending,failed,2027-03-25
BK000381,CUST00108,HOT00220,ROOM00226,2027-03-31,1,15754,INR,paid,failed,2027-03-08
BK000382,CUST00286,HOT00216,ROOM00159,2026-11-01,1,23152,INR,failed,confirmed,2026-10-31
BK000383,CUST00070,HOT00525,ROOM00132,2026-12-06,6,19145,INR,failed,confirmed,2026-11-07
BK000384,CUST00180,HOT00070,ROOM00468,2027-02-09,1,28815,INR,paid,initiated,2027-01-23
BK000385,CUST00161,HOT00487,ROOM00448,2027-03-16,6,1640,INR,refunded,failed,2027-02-27
BK000386,CUST00175,HOT00558,ROOM00167,2026-12-31,5,40175,INR,paid,initiated,2026-12-02
BK000387,CUST00229,HOT00432,ROOM00205,2027-02-06,1,43189,INR,paid,initiated,2027-01-09
BK000388,CUST00020,HOT00113,ROOM00131,2026-11-25,6,19509,INR,failed,cancelled,2026-11-05
BK000389,CUST00146,HOT00418,ROOM00194,2026-12-14,3,11090,INR,refunded,initiated,2026-12-04
BK000390,CUST00106,HOT00128,ROOM00011,2026-12-22,4,37834,INR,failed,confirmed,2026-12-22
BK000391,CUST00077,HOT00149,ROOM00150,2026-10-20,5,3919,INR,refunded,cancelled,2026-10-03
BK000392,CUST00267,HOT00262,ROOM00022,2026-12-31,5,33087,INR,refunded,failed,2026-12-08
BK000393,CUST00035,HOT00398,ROOM00077,2026-12-10,1,42054,INR,paid,failed,2026-12-06
BK000394,CUST00231,HOT00343,ROOM00069,2026-12-14,1,46276,INR,refunded,cancelled,2026-12-01
BK000395,CUST00085,HOT00093,ROOM00262,2026-10-13,4,35176,INR,failed,cancelled,2026-10-10
BK000396,CUST00088,HOT00312,ROOM00100,2027-02-22,5,34360,INR,failed,initiated,2027-01-31
BK000397,CUST00127,HOT00398,ROOM00439,2027-01-15,6,39272,INR,failed,initiated,2026-12-20
BK000398,CUST00076,HOT00338,ROOM00104,2026-11-22,1,12761,INR,refunded,cancelled,2026-11-16
BK000399,CUST00016,HOT00329,ROOM00423,2026-12-28,1,29195,INR,refunded,confirmed,2026-12-19
BK000400,CUST00250,HOT00396,ROOM00193,2026-12-01,1,41043,INR,paid,initiated,2026-11-13
BK000401,CUST00236,HOT00519,ROOM00385,2026-11-21,2,17820,INR,failed,cancelled,2026-11-04
BK000402,CUST00025,HOT00569,ROOM00431,2027-02-10,5,6213,INR,refunded,cancelled,2027-01-13
BK000403,CUST00192,HOT00071,ROOM00030,2027-01-13,2,8630,INR,pending,confirmed,2027-01-03
BK000404,CUST00199,HOT00047,ROOM00294,2026-10-20,1,5955,INR,paid,cancelled,2026-10-08
BK000405,CUST00072,HOT00074,ROOM00199,2026-11-14,2,25597,INR,paid,confirmed,2026-10-29
BK000406,CUST00223,HOT00455,ROOM00218,2027-04-21,2,14223,INR,failed,initiated,2027-03-28
BK000407,CUST00067,HOT00462,ROOM00309,2026-12-24,4,28218,INR,failed,confirmed,2026-12-07
BK000408,CUST00104,HOT00575,ROOM00386,2027-02-10,6,45300,INR,failed,cancelled,2027-01-24
BK000409,CUST00193,HOT00238,ROOM00213,2027-04-11,4,31223,INR,failed,cancelled,2027-03-21
BK000410,CUST00101,HOT00498,ROOM00493,2026-12-14,6,28510,INR,paid,initiated,2026-11-28
BK000411,CUST00264,HOT00486,ROOM00407,2027-01-09,2,25016,INR,paid,initiated,2026-12-30
BK000412,CUST00124,HOT00011,ROOM00392,2027-01-29,5,35818,INR,refunded,cancelled,2027-01-18
BK000413,CUST00274,HOT00486,ROOM00173,2027-02-07,2,23471,INR,refunded,cancelled,2027-01-09
BK000414,CUST00261,HOT00458,ROOM00257,2027-01-14,2,24547,INR,pending,failed,2027-01-03
BK000415,CUST00227,HOT00129,ROOM00340,2027-01-27,2,10489,INR,pending,cancelled,2027-01-19
BK000416,CUST00198,HOT00447,ROOM00382,2026-11-09,4,49729,INR,paid,initiated,2026-10-29
BK000417,CUST00186,HOT00148,ROOM00166,2027-02-12,1,9543,INR,paid,failed,2027-02-05
BK000418,CUST00162,HOT00336,ROOM00013,2027-02-08,6,18544,INR,refunded,confirmed,2027-01-21
BK000419,CUST00214,HOT00567,ROOM00036,2026-12-01,6,13293,INR,refunded,confirmed,2026-11-16
BK000420,CUST00167,HOT00534,ROOM00492,2027-02-25,2,26930,INR,paid,failed,2027-01-29
BK000421,CUST00281,HOT00565,ROOM00213,2027-01-09,3,25043,INR,pending,confirmed,2026-12-28
BK000422,CUST00272,HOT00122,ROOM00086,2027-02-16,1,11921,INR,pending,initiated,2027-02-07
BK000423,CUST00233,HOT00534,ROOM00320,2027-02-20,2,13872,INR,failed,initiated,2027-02-15
BK000424,CUST00002,HOT00248,ROOM00337,2027-01-30,4,9821,INR,failed,cancelled,2027-01-12
BK000425,CUST00269,HOT00341,ROOM00431,2026-11-03,2,8151,INR,paid,initiated,2026-10-25
BK000426,CUST00101,HOT00082,ROOM00341,2027-03-08,1,3010,INR,paid,failed,2027-02-09
BK000427,CUST00112,HOT00419,ROOM00466,2027-02-05,5,28161,INR,pending,cancelled,2027-01-28
BK000428,CUST00138,HOT00048,ROOM00139,2027-02-11,4,44408,INR,failed,failed,2027-01-13
BK000429,CUST00222,HOT00495,ROOM00214,2026-12-01,1,33654,INR,failed,cancelled,2026-11-10
BK000430,CUST00139,HOT00517,ROOM00047,2027-02-09,4,37828,INR,paid,confirmed,2027-01-25
BK000431,CUST00157,HOT00450,ROOM00109,2026-10-13,1,44580,INR,paid,cancelled,2026-10-06
BK000432,CUST00263,HOT00332,ROOM00118,2027-04-01,5,31133,INR,paid,initiated,2027-03-11
BK000433,CUST00206,HOT00485,ROOM00406,2027-03-23,3,30611,INR,refunded,cancelled,2027-03-14
BK000434,CUST00030,HOT00213,ROOM00415,2027-01-14,4,32355,INR,refunded,failed,2026-12-19
BK000435,CUST00256,HOT00052,ROOM00096,2026-10-17,4,3024,INR,refunded,initiated,2026-10-02
BK000436,CUST00172,HOT00575,ROOM00034,2027-03-07,3,21724,INR,refunded,confirmed,2027-03-06
BK000437,CUST00272,HOT00082,ROOM00113,2026-11-30,6,32574,INR,failed,initiated,2026-11-07
BK000438,CUST00218,HOT00086,ROOM00008,2026-12-08,5,39874,INR,pending,failed,2026-12-05
BK000439,CUST00087,HOT00368,ROOM00100,2027-04-04,5,16923,INR,pending,failed,2027-03-06
BK000440,CUST00094,HOT00130,ROOM00320,2027-02-10,5,25755,INR,paid,confirmed,2027-02-07
BK000441,CUST00272,HOT00040,ROOM00130,2027-01-13,6,45549,INR,failed,initiated,2026-12-19
BK000442,CUST00169,HOT00270,ROOM00294,2027-01-28,2,10005,INR,refunded,failed,2026-12-29
BK000443,CUST00173,HOT00470,ROOM00020,2027-03-28,6,16057,INR,refunded,confirmed,2027-03-24
BK000444,CUST00241,HOT00150,ROOM00332,2027-02-10,6,42524,INR,paid,cancelled,2027-01-23
BK000445,CUST00056,HOT00235,ROOM00386,2026-12-02,6,29039,INR,pending,cancelled,2026-11-03
BK000446,CUST00168,HOT00317,ROOM00080,2026-10-30,5,7623,INR,paid,cancelled,2026-10-14
BK000447,CUST00226,HOT00565,ROOM00338,2026-11-21,3,48264,INR,refunded,confirmed,2026-11-12
BK000448,CUST00009,HOT00441,ROOM00034,2027-02-15,4,18120,INR,refunded,failed,2027-02-15
BK000449,CUST00225,HOT00384,ROOM00482,2027-03-08,2,40486,INR,refunded,confirmed,2027-02-11
BK000450,CUST00193,HOT00409,ROOM00226,2026-12-12,4,26724,INR,refunded,confirmed,2026-11-25
BK000451,CUST00072,HOT00493,ROOM00273,2027-03-29,3,16569,INR,failed,cancelled,2027-03-11
BK000452,CUST00210,HOT00257,ROOM00430,2026-12-09,5,19300,INR,pending,cancelled,2026-11-12
BK000453,CUST00259,HOT00107,ROOM00077,2027-04-03,4,40497,INR,paid,initiated,2027-03-04
BK000454,CUST00080,HOT00386,ROOM00452,2026-12-30,3,26811,INR,refunded,failed,2026-12-10
BK000455,CUST00075,HOT00095,ROOM00327,2027-04-06,6,47276,INR,pending,confirmed,2027-03-07
BK000456,CUST00125,HOT00092,ROOM00473,2026-12-15,2,21661,INR,failed,cancelled,2026-11-29
BK000457,CUST00156,HOT00541,ROOM00481,2027-01-07,1,25764,INR,failed,confirmed,2026-12-23
BK000458,CUST00130,HOT00025,ROOM00367,2026-12-12,2,49029,INR,pending,initiated,2026-11-26
BK000459,CUST00141,HOT00530,ROOM00166,2026-10-15,6,14123,INR,paid,initiated,2026-10-03
BK000460,CUST00207,HOT00307,ROOM00481,2027-04-26,1,4007,INR,paid,cancelled,2027-03-29
BK000461,CUST00091,HOT00149,ROOM00036,2026-12-30,4,38273,INR,failed,confirmed,2026-12-16
BK000462,CUST00131,HOT00237,ROOM00385,2026-10-11,6,41126,INR,pending,initiated,2026-10-03
BK000463,CUST00191,HOT00302,ROOM00217,2027-02-18,2,30770,INR,refunded,cancelled,2027-01-23
BK000464,CUST00231,HOT00223,ROOM00163,2027-01-10,6,23363,INR,refunded,confirmed,2026-12-24
BK000465,CUST00055,HOT00487,ROOM00398,2026-12-12,5,24759,INR,failed,failed,2026-11-14
BK000466,CUST00173,HOT00076,ROOM00449,2027-03-05,6,23706,INR,paid,cancelled,2027-02-25
BK000467,CUST00132,HOT00148,ROOM00212,2026-10-29,5,29426,INR,failed,confirmed,2026-10-02
BK000468,CUST00274,HOT00404,ROOM00007,2026-11-05,3,35088,INR,pending,confirmed,2026-10-19
BK000469,CUST00278,HOT00505,ROOM00464,2026-10-23,6,10881,INR,failed,confirmed,2026-10-01
BK000470,CUST00014,HOT00135,ROOM00345,2026-10-07,6,5853,INR,paid,cancelled,2026-10-03
BK000471,CUST00215,HOT00461,ROOM00394,2026-12-18,5,38798,INR,refunded,cancelled,2026-12-04
BK000472,CUST00148,HOT00207,ROOM00362,2027-01-06,2,11220,INR,refunded,cancelled,2026-12-30
BK000473,CUST00158,HOT00158,ROOM00357,2027-04-19,2,26211,INR,refunded,initiated,2027-03-30
BK000474,CUST00255,HOT00555,ROOM00156,2026-12-25,6,38417,INR,paid,confirmed,2026-12-15
BK000475,CUST00240,HOT00243,ROOM00079,2026-12-11,4,3591,INR,failed,initiated,2026-12-02
BK000476,CUST00183,HOT00527,ROOM00112,2026-11-01,3,34245,INR,refunded,cancelled,2026-10-27
BK000477,CUST00113,HOT00103,ROOM00054,2026-12-27,3,37415,INR,refunded,cancelled,2026-12-24
BK000478,CUST00197,HOT00476,ROOM00067,2027-01-12,4,9733,INR,paid,failed,2026-12-20
BK000479,CUST00208,HOT00057,ROOM00355,2026-12-12,2,22430,INR,paid,failed,2026-11-28
BK000480,CUST00193,HOT00099,ROOM00283,2026-10-22,2,21099,INR,pending,initiated,2026-10-02
BK000481,CUST00015,HOT00249,ROOM00209,2027-01-19,4,31632,INR,refunded,cancelled,2027-01-13
BK000482,CUST00122,HOT00362,ROOM00287,2027-03-13,1,11137,INR,paid,initiated,2027-03-13
BK000483,CUST00094,HOT00445,ROOM00112,2026-11-04,3,48630,INR,paid,cancelled,2026-10-19
BK000484,CUST00235,HOT00577,ROOM00320,2026-11-08,1,3822,INR,pending,failed,2026-10-15
BK000485,CUST00138,HOT00008,ROOM00240,2026-12-29,1,33378,INR,pending,failed,2026-12-14
BK000486,CUST00238,HOT00063,ROOM00228,2027-01-09,1,8503,INR,pending,initiated,2026-12-15
BK000487,CUST00241,HOT00554,ROOM00037,2027-01-25,4,17425,INR,paid,confirmed,2027-01-05
BK000488,CUST00022,HOT00484,ROOM00063,2027-02-19,4,12072,INR,refunded,confirmed,2027-02-15
BK000489,CUST00135,HOT00007,ROOM00095,2027-01-03,4,17146,INR,failed,confirmed,2026-12-11
BK000490,CUST00140,HOT00422,ROOM00037,2027-03-12,3,9147,INR,failed,cancelled,2027-03-01
BK000491,CUST00075,HOT00506,ROOM00046,2027-02-19,2,22901,INR,paid,cancelled,2027-01-31
BK000492,CUST00014,HOT00341,ROOM00231,2027-02-06,6,46641,INR,refunded,cancelled,2027-02-05
BK000493,CUST00223,HOT00185,ROOM00332,2027-03-09,1,20894,INR,refunded,failed,2027-03-04
BK000494,CUST00193,HOT00425,ROOM00214,2027-03-02,2,6519,INR,paid,initiated,2027-02-19
BK000495,CUST00275,HOT00274,ROOM00346,2026-12-10,3,36152,INR,refunded,failed,2026-12-10
BK000496,CUST00020,HOT00446,ROOM00046,2027-02-09,4,30819,INR,refunded,initiated,2027-01-13
BK000497,CUST00138,HOT00247,ROOM00171,2026-12-18,5,34700,INR,paid,initiated,2026-12-13
BK000498,CUST00175,HOT00195,ROOM00032,2027-02-13,5,39734,INR,failed,initiated,2027-02-08
BK000499,CUST00085,HOT00285,ROOM00019,2027-04-15,5,27389,INR,paid,confirmed,2027-03-21
BK000500,CUST00259,HOT00464,ROOM00207,2026-10-20,2,36358,INR,failed,cancelled,2026-10-05
BK000501,CUST00089,HOT00143,ROOM00206,2026-11-01,3,18485,INR,pending,confirmed,2026-10-23
BK000502,CUST00277,HOT00372,ROOM00473,2026-10-31,4,22411,INR,refunded,cancelled,2026-10-18
BK000503,CUST00009,HOT00334,ROOM00017,2027-02-09,5,22646,INR,paid,cancelled,2027-02-07
BK000504,CUST00032,HOT00414,ROOM00068,2027-01-12,1,37861,INR,paid,initiated,2026-12-27
BK000505,CUST00158,HOT00074,ROOM00113,2027-04-10,2,36022,INR,refunded,cancelled,2027-03-30
BK000506,CUST00006,HOT00049,ROOM00024,2027-04-12,2,13577,INR,pending,initiated,2027-03-18
BK000507,CUST00064,HOT00065,ROOM00018,2027-01-15,2,4103,INR,paid,initiated,2026-12-31
BK000508,CUST00119,HOT00257,ROOM00448,2027-03-20,1,42128,INR,refunded,failed,2027-03-08
BK000509,CUST00169,HOT00118,ROOM00479,2027-01-02,3,6458,INR,failed,initiated,2026-12-18
BK000510,CUST00274,HOT00355,ROOM00482,2027-02-25,5,10394,INR,refunded,cancelled,2027-02-16
BK000511,CUST00130,HOT00168,ROOM00120,2027-04-04,2,24349,INR,refunded,failed,2027-03-30
BK000512,CUST00086,HOT00566,ROOM00232,2027-04-13,3,42605,INR,pending,failed,2027-03-25
BK000513,CUST00250,HOT00519,ROOM00012,2027-01-11,5,7691,INR,failed,initiated,2026-12-25
BK000514,CUST00278,HOT00548,ROOM00281,2027-02-01,2,19014,INR,failed,confirmed,2027-01-02
BK000515,CUST00189,HOT00196,ROOM00431,2027-03-15,1,37024,INR,refunded,failed,2027-02-26
BK000516,CUST00103,HOT00073,ROOM00039,2026-11-27,6,45814,INR,pending,confirmed,2026-11-08
BK000517,CUST00153,HOT00161,ROOM00072,2027-03-20,2,28675,INR,refunded,confirmed,2027-03-11
BK000518,CUST00208,HOT00462,ROOM00296,2026-12-27,1,2849,INR,pending,failed,2026-12-12
BK000519,CUST00175,HOT00443,ROOM00113,2026-11-02,2,31496,INR,failed,failed,2026-10-21
BK000520,CUST00202,HOT00519,ROOM00073,2027-01-24,6,21918,INR,pending,cancelled,2027-01-17
BK000521,CUST00104,HOT00182,ROOM00067,2026-10-29,3,44605,INR,refunded,confirmed,2026-10-24
BK000522,CUST00146,HOT00035,ROOM00306,2027-01-23,1,15296,INR,pending,initiated,2027-01-14
BK000523,CUST00004,HOT00131,ROOM00407,2026-12-14,6,10159,INR,failed,confirmed,2026-12-10
BK000524,CUST00215,HOT00550,ROOM00424,2026-11-18,5,14487,INR,refunded,confirmed,2026-10-30
BK000525,CUST00025,HOT00476,ROOM00007,2027-01-17,5,42692,INR,refunded,failed,2026-12-20
BK000526,CUST00033,HOT00407,ROOM00039,2027-02-20,4,21534,INR,failed,confirmed,2027-01-28
BK000527,CUST00293,HOT00104,ROOM00442,2027-04-07,2,20787,INR,paid,initiated,2027-03-28
BK000528,CUST00157,HOT00062,ROOM00438,2026-11-15,3,12345,INR,paid,initiated,2026-11-04
BK000529,CUST00240,HOT00508,ROOM00468,2026-11-15,2,34358,INR,failed,initiated,2026-10-19
BK000530,CUST00232,HOT00532,ROOM00064,2027-01-06,5,45678,INR,paid,failed,2026-12-21
BK000531,CUST00064,HOT00045,ROOM00072,2027-03-20,4,25836,INR,refunded,confirmed,2027-02-26
BK000532,CUST00144,HOT00552,ROOM00030,2026-11-25,1,4163,INR,paid,failed,2026-10-27
BK000533,CUST00297,HOT00030,ROOM00223,2026-12-07,1,3671,INR,refunded,confirmed,2026-11-23
BK000534,CUST00270,HOT00541,ROOM00195,2026-12-16,4,37153,INR,failed,confirmed,2026-11-28
BK000535,CUST00231,HOT00320,ROOM00142,2026-12-24,4,40185,INR,failed,failed,2026-12-24
BK000536,CUST00060,HOT00282,ROOM00424,2027-03-04,1,23059,INR,failed,cancelled,2027-02-16
BK000537,CUST00172,HOT00509,ROOM00138,2026-12-17,1,36301,INR,pending,initiated,2026-11-29
BK000538,CUST00240,HOT00320,ROOM00221,2027-01-23,4,13629,INR,paid,confirmed,2027-01-04
BK000539,CUST00255,HOT00479,ROOM00326,2027-02-25,4,37664,INR,paid,initiated,2027-01-28
BK000540,CUST00149,HOT00049,ROOM00336,2026-11-12,5,3915,INR,failed,initiated,2026-10-31
BK000541,CUST00039,HOT00082,ROOM00331,2027-01-17,5,33219,INR,pending,cancelled,2026-12-21
BK000542,CUST00268,HOT00579,ROOM00315,2027-03-15,6,21777,INR,paid,failed,2027-03-04
BK000543,CUST00143,HOT00167,ROOM00294,2027-03-22,5,42912,INR,failed,failed,2027-03-19
BK000544,CUST00073,HOT00358,ROOM00189,2027-02-17,1,44191,INR,pending,cancelled,2027-01-21
BK000545,CUST00132,HOT00372,ROOM00486,2027-01-02,6,28443,INR,refunded,confirmed,2026-12-15
BK000546,CUST00072,HOT00557,ROOM00422,2027-01-31,3,7951,INR,refunded,failed,2027-01-06
BK000547,CUST00079,HOT00085,ROOM00166,2027-03-27,3,38016,INR,paid,initiated,2027-03-24
BK000548,CUST00242,HOT00265,ROOM00479,2027-02-13,5,24443,INR,paid,initiated,2027-01-14
BK000549,CUST00033,HOT00339,ROOM00155,2026-10-12,5,8531,INR,failed,initiated,2026-10-09
BK000550,CUST00243,HOT00222,ROOM00173,2027-04-02,2,37922,INR,failed,failed,2027-03-27
BK000551,CUST00177,HOT00251,ROOM00284,2027-03-02,5,20029,INR,refunded,failed,2027-02-11
BK000552,CUST00064,HOT00539,ROOM00416,2026-12-18,3,27910,INR,refunded,initiated,2026-11-22
BK000553,CUST00268,HOT00451,ROOM00362,2026-11-25,6,48690,INR,refunded,cancelled,2026-11-23
BK000554,CUST00259,HOT00329,ROOM00362,2026-12-03,1,38024,INR,pending,cancelled,2026-11-24
BK000555,CUST00287,HOT00076,ROOM00024,2027-01-13,4,5098,INR,pending,failed,2026-12-19
BK000556,CUST00232,HOT00575,ROOM00302,2026-10-07,4,8243,INR,paid,initiated,2026-10-04
BK000557,CUST00137,HOT00171,ROOM00133,2026-12-27,5,6538,INR,pending,initiated,2026-12-03
BK000558,CUST00229,HOT00037,ROOM00064,2026-12-05,2,29693,INR,paid,cancelled,2026-11-25
BK000559,CUST00144,HOT00488,ROOM00379,2027-03-10,4,38262,INR,refunded,initiated,2027-02-22
BK000560,CUST00039,HOT00505,ROOM00078,2026-12-02,3,8316,INR,refunded,failed,2026-12-01
BK000561,CUST00277,HOT00343,ROOM00161,2027-04-12,2,41555,INR,failed,failed,2027-03-15
BK000562,CUST00124,HOT00233,ROOM00013,2027-02-12,1,15584,INR,pending,failed,2027-02-08
BK000563,CUST00082,HOT00227,ROOM00202,2027-02-21,4,34342,INR,failed,confirmed,2027-02-18
BK000564,CUST00271,HOT00080,ROOM00342,2026-11-06,5,37798,INR,paid,cancelled,2026-11-03
BK000565,CUST00109,HOT00449,ROOM00339,2026-12-21,6,40076,INR,refunded,confirmed,2026-12-06
BK000566,CUST00198,HOT00073,ROOM00465,2027-01-09,4,21389,INR,pending,initiated,2027-01-08
BK000567,CUST00138,HOT00235,ROOM00411,2026-12-19,1,14294,INR,pending,confirmed,2026-12-12
BK000568,CUST00220,HOT00446,ROOM00375,2026-12-11,6,46971,INR,refunded,failed,2026-11-18
BK000569,CUST00236,HOT00265,ROOM00176,2027-01-31,2,19217,INR,failed,confirmed,2027-01-10
BK000570,CUST00082,HOT00233,ROOM00416,2026-11-19,1,45628,INR,failed,initiated,2026-11-06
BK000571,CUST00067,HOT00382,ROOM00444,2026-12-15,3,25374,INR,refunded,cancelled,2026-12-13
BK000572,CUST00126,HOT00445,ROOM00401,2026-11-22,1,19112,INR,pending,confirmed,2026-11-22
BK000573,CUST00298,HOT00198,ROOM00484,2027-03-27,6,6279,INR,paid,failed,2027-03-06
BK000574,CUST00027,HOT00445,ROOM00223,2027-03-11,6,9961,INR,refunded,failed,2027-03-06
BK000575,CUST00291,HOT00544,ROOM00311,2026-12-14,5,1261,INR,paid,initiated,2026-11-18
BK000576,CUST00005,HOT00359,ROOM00342,2027-02-18,1,4068,INR,paid,confirmed,2027-02-11
BK000577,CUST00172,HOT00266,ROOM00342,2027-02-27,2,47065,INR,failed,cancelled,2027-02-04
BK000578,CUST00148,HOT00293,ROOM00280,2026-12-18,1,45579,INR,failed,confirmed,2026-12-01
BK000579,CUST00268,HOT00234,ROOM00369,2026-11-06,1,3446,INR,paid,failed,2026-10-29
BK000580,CUST00287,HOT00258,ROOM00111,2026-12-15,3,33932,INR,refunded,failed,2026-11-16
BK000581,CUST00104,HOT00547,ROOM00073,2026-11-03,2,2784,INR,paid,cancelled,2026-10-10
BK000582,CUST00278,HOT00175,ROOM00179,2026-11-03,2,23219,INR,pending,failed,2026-10-12
BK000583,CUST00075,HOT00458,ROOM00360,2026-11-16,4,20644,INR,failed,confirmed,2026-10-18
BK000584,CUST00233,HOT00574,ROOM00319,2026-12-26,5,7462,INR,refunded,initiated,2026-12-05
BK000585,CUST00109,HOT00215,ROOM00206,2027-04-03,2,29715,INR,refunded,initiated,2027-03-04
BK000586,CUST00217,HOT00497,ROOM00349,2027-01-20,3,44322,INR,pending,cancelled,2026-12-25
BK000587,CUST00042,HOT00319,ROOM00467,2026-12-05,6,39522,INR,failed,initiated,2026-11-20
BK000588,CUST00216,HOT00345,ROOM00273,2026-12-23,1,9764,INR,pending,initiated,2026-12-17
BK000589,CUST00132,HOT00185,ROOM00092,2026-12-23,1,35262,INR,paid,initiated,2026-12-01
BK000590,CUST00210,HOT00177,ROOM00308,2027-03-17,2,20062,INR,pending,failed,2027-03-07
BK000591,CUST00149,HOT00204,ROOM00167,2027-02-27,4,8062,INR,paid,confirmed,2027-02-17
BK000592,CUST00180,HOT00072,ROOM00151,2027-01-27,1,30450,INR,failed,confirmed,2027-01-15
BK000593,CUST00155,HOT00258,ROOM00185,2026-11-14,6,44612,INR,refunded,initiated,2026-11-10
BK000594,CUST00112,HOT00391,ROOM00223,2027-02-25,4,11924,INR,pending,confirmed,2027-02-17
BK000595,CUST00148,HOT00176,ROOM00406,2026-11-23,2,10063,INR,pending,initiated,2026-11-11
BK000596,CUST00135,HOT00344,ROOM00303,2027-03-19,4,22855,INR,failed,confirmed,2027-03-17
BK000597,CUST00268,HOT00259,ROOM00151,2027-01-15,3,9225,INR,paid,failed,2027-01-12
BK000598,CUST00151,HOT00504,ROOM00273,2026-11-26,2,46743,INR,refunded,confirmed,2026-11-21
BK000599,CUST00238,HOT00431,ROOM00179,2026-11-20,6,30642,INR,pending,confirmed,2026-11-17
BK000600,CUST00218,HOT00423,ROOM00287,2026-12-09,4,38191,INR,pending,confirmed,2026-11-17
BK000601,CUST00237,HOT00054,ROOM00430,2026-11-16,4,38690,INR,failed,failed,2026-10-31
BK000602,CUST00239,HOT00005,ROOM00029,2027-03-04,6,40625,INR,refunded,failed,2027-02-04
BK000603,CUST00087,HOT00041,ROOM00242,2027-01-06,1,36485,INR,paid,initiated,2027-01-04
BK000604,CUST00100,HOT00270,ROOM00219,2026-10-15,4,21571,INR,failed,confirmed,2026-10-14
BK000605,CUST00234,HOT00014,ROOM00427,2027-02-20,2,4633,INR,refunded,failed,2027-01-27
BK000606,CUST00173,HOT00114,ROOM00383,2027-03-10,1,17238,INR,refunded,initiated,2027-02-28
BK000607,CUST00166,HOT00135,ROOM00238,2027-03-31,2,17641,INR,pending,failed,2027-03-08
BK000608,CUST00214,HOT00200,ROOM00371,2027-02-28,6,11501,INR,paid,cancelled,2027-02-25
BK000609,CUST00253,HOT00250,ROOM00374,2026-12-27,4,11680,INR,failed,confirmed,2026-11-27
BK000610,CUST00295,HOT00410,ROOM00453,2026-10-15,3,4605,INR,pending,cancelled,2026-10-05
BK000611,CUST00285,HOT00549,ROOM00409,2026-11-20,2,34934,INR,pending,cancelled,2026-10-21
BK000612,CUST00131,HOT00143,ROOM00236,2026-10-03,5,5505,INR,pending,failed,2026-10-01
BK000613,CUST00286,HOT00377,ROOM00149,2027-04-16,3,1820,INR,paid,cancelled,2027-03-22
BK000614,CUST00300,HOT00087,ROOM00155,2027-02-07,3,8963,INR,paid,failed,2027-01-12
BK000615,CUST00014,HOT00096,ROOM00424,2027-02-14,5,2392,INR,paid,failed,2027-01-15
BK000616,CUST00013,HOT00265,ROOM00380,2026-12-01,4,35867,INR,pending,confirmed,2026-11-21
BK000617,CUST00114,HOT00178,ROOM00470,2027-04-03,4,31412,INR,paid,confirmed,2027-03-08
BK000618,CUST00297,HOT00293,ROOM00248,2027-02-14,6,5580,INR,pending,confirmed,2027-02-13
BK000619,CUST00076,HOT00456,ROOM00064,2027-03-08,5,3985,INR,pending,failed,2027-03-06
BK000620,CUST00003,HOT00387,ROOM00333,2027-03-03,3,29297,INR,refunded,cancelled,2027-02-18
BK000621,CUST00176,HOT00180,ROOM00133,2027-03-18,2,48549,INR,refunded,confirmed,2027-03-10
BK000622,CUST00037,HOT00525,ROOM00002,2027-01-06,6,12989,INR,failed,cancelled,2026-12-25
BK000623,CUST00153,HOT00181,ROOM00094,2027-02-03,1,12956,INR,pending,initiated,2027-01-04
BK000624,CUST00057,HOT00023,ROOM00220,2026-10-03,1,43860,INR,paid,failed,2026-10-02
BK000625,CUST00146,HOT00467,ROOM00066,2026-12-23,3,27309,INR,pending,cancelled,2026-12-09
BK000626,CUST00112,HOT00159,ROOM00309,2027-01-28,4,13766,INR,failed,initiated,2027-01-25
BK000627,CUST00204,HOT00272,ROOM00360,2027-04-27,6,11859,INR,pending,failed,2027-03-30
BK000628,CUST00045,HOT00048,ROOM00065,2027-01-13,4,16644,INR,pending,cancelled,2026-12-29
BK000629,CUST00212,HOT00286,ROOM00227,2027-03-03,6,15418,INR,pending,initiated,2027-02-27
BK000630,CUST00007,HOT00526,ROOM00007,2027-02-05,3,21196,INR,paid,failed,2027-02-03
BK000631,CUST00254,HOT00227,ROOM00394,2027-02-04,6,36970,INR,paid,confirmed,2027-01-07
BK000632,CUST00260,HOT00487,ROOM00440,2026-12-26,2,34085,INR,paid,initiated,2026-11-29
BK000633,CUST00125,HOT00173,ROOM00206,2027-02-21,2,31850,INR,failed,cancelled,2027-02-10
BK000634,CUST00257,HOT00213,ROOM00314,2026-11-14,5,8772,INR,pending,failed,2026-10-17
BK000635,CUST00101,HOT00198,ROOM00380,2026-12-03,2,36650,INR,refunded,failed,2026-11-21
BK000636,CUST00112,HOT00281,ROOM00274,2027-04-12,1,17953,INR,paid,initiated,2027-03-28
BK000637,CUST00131,HOT00257,ROOM00080,2027-01-16,3,24858,INR,pending,failed,2026-12-18
BK000638,CUST00253,HOT00417,ROOM00384,2026-11-04,5,8365,INR,refunded,cancelled,2026-10-19
BK000639,CUST00019,HOT00049,ROOM00430,2027-03-23,6,40418,INR,paid,confirmed,2027-03-05
BK000640,CUST00027,HOT00262,ROOM00227,2026-10-31,6,16585,INR,failed,failed,2026-10-22
BK000641,CUST00253,HOT00559,ROOM00154,2027-03-13,4,28134,INR,pending,cancelled,2027-02-26
BK000642,CUST00046,HOT00338,ROOM00004,2026-10-31,2,49495,INR,pending,failed,2026-10-27
BK000643,CUST00159,HOT00091,ROOM00295,2026-12-15,6,18807,INR,refunded,failed,2026-12-07
BK000644,CUST00070,HOT00217,ROOM00447,2027-01-03,6,26191,INR,failed,cancelled,2026-12-11
BK000645,CUST00294,HOT00224,ROOM00409,2026-11-01,2,43757,INR,refunded,confirmed,2026-10-06
BK000646,CUST00194,HOT00400,ROOM00224,2027-01-31,2,27580,INR,paid,initiated,2027-01-29
BK000647,CUST00243,HOT00004,ROOM00088,2027-03-09,3,40562,INR,pending,initiated,2027-02-10
BK000648,CUST00098,HOT00461,ROOM00368,2026-12-22,1,36342,INR,pending,initiated,2026-12-13
BK000649,CUST00217,HOT00371,ROOM00418,2026-10-21,4,29819,INR,paid,cancelled,2026-10-04
BK000650,CUST00005,HOT00440,ROOM00014,2027-04-01,6,14380,INR,paid,confirmed,2027-03-30
BK000651,CUST00300,HOT00471,ROOM00238,2027-01-23,3,20022,INR,pending,confirmed,2027-01-07
BK000652,CUST00133,HOT00370,ROOM00220,2026-10-23,6,41568,INR,pending,initiated,2026-10-19
BK000653,CUST00219,HOT00083,ROOM00113,2026-10-09,2,28465,INR,pending,failed,2026-10-01
BK000654,CUST00007,HOT00414,ROOM00217,2027-03-12,3,15100,INR,paid,initiated,2027-02-24
BK000655,CUST00206,HOT00407,ROOM00231,2026-11-07,3,43297,INR,failed,failed,2026-10-23
BK000656,CUST00194,HOT00173,ROOM00084,2027-02-23,3,13490,INR,refunded,failed,2027-02-03
BK000657,CUST00009,HOT00557,ROOM00425,2027-02-05,5,10912,INR,refunded,cancelled,2027-01-09
BK000658,CUST00270,HOT00084,ROOM00481,2026-11-07,5,15735,INR,failed,failed,2026-10-27
BK000659,CUST00220,HOT00560,ROOM00148,2027-01-17,6,22880,INR,pending,cancelled,2027-01-12
BK000660,CUST00020,HOT00301,ROOM00485,2027-01-05,2,33468,INR,refunded,failed,2026-12-19
BK000661,CUST00230,HOT00365,ROOM00210,2027-01-05,5,7532,INR,refunded,cancelled,2027-01-02
BK000662,CUST00156,HOT00254,ROOM00380,2026-12-30,4,4778,INR,pending,failed,2026-12-02
BK000663,CUST00048,HOT00379,ROOM00225,2027-03-12,6,31335,INR,failed,failed,2027-02-25
BK000664,CUST00289,HOT00299,ROOM00379,2026-12-27,5,13685,INR,refunded,failed,2026-12-17
BK000665,CUST00125,HOT00327,ROOM00270,2027-04-11,2,41520,INR,paid,cancelled,2027-03-14
BK000666,CUST00156,HOT00155,ROOM00326,2026-12-15,2,42364,INR,failed,confirmed,2026-12-01
BK000667,CUST00138,HOT00232,ROOM00494,2027-04-15,5,30752,INR,pending,initiated,2027-03-19
BK000668,CUST00245,HOT00050,ROOM00009,2027-01-17,6,16026,INR,paid,initiated,2026-12-25
BK000669,CUST00018,HOT00203,ROOM00478,2026-10-12,1,17871,INR,failed,cancelled,2026-10-12
BK000670,CUST00290,HOT00026,ROOM00218,2026-11-02,4,32949,INR,failed,cancelled,2026-10-04
BK000671,CUST00162,HOT00141,ROOM00372,2027-02-17,2,46133,INR,refunded,failed,2027-01-24
BK000672,CUST00012,HOT00148,ROOM00353,2027-04-19,2,28060,INR,refunded,failed,2027-03-20
BK000673,CUST00164,HOT00142,ROOM00094,2027-01-25,2,14458,INR,paid,cancelled,2026-12-26
BK000674,CUST00256,HOT00563,ROOM00008,2027-02-28,5,16989,INR,refunded,confirmed,2027-02-19
BK000675,CUST00227,HOT00107,ROOM00043,2026-11-10,1,20521,INR,refunded,initiated,2026-10-31
BK000676,CUST00157,HOT00557,ROOM00081,2027-02-22,6,11554,INR,refunded,failed,2027-01-28
BK000677,CUST00054,HOT00357,ROOM00270,2027-02-28,4,22758,INR,pending,initiated,2027-02-17
BK000678,CUST00299,HOT00535,ROOM00368,2026-12-24,4,16219,INR,pending,cancelled,2026-12-19
BK000679,CUST00171,HOT00153,ROOM00045,2027-02-11,6,48214,INR,refunded,failed,2027-01-29
BK000680,CUST00031,HOT00150,ROOM00008,2026-11-10,2,19927,INR,pending,initiated,2026-11-02
BK000681,CUST00228,HOT00459,ROOM00054,2026-12-20,2,8953,INR,paid,confirmed,2026-12-11
BK000682,CUST00276,HOT00231,ROOM00208,2026-12-24,2,28122,INR,pending,confirmed,2026-11-25
BK000683,CUST00212,HOT00483,ROOM00500,2026-11-19,3,15046,INR,pending,initiated,2026-11-11
BK000684,CUST00090,HOT00337,ROOM00050,2026-11-09,3,17872,INR,failed,cancelled,2026-10-21
BK000685,CUST00263,HOT00272,ROOM00390,2027-03-01,3,33676,INR,pending,cancelled,2027-02-28
BK000686,CUST00216,HOT00078,ROOM00184,2027-03-02,1,2222,INR,paid,cancelled,2027-02-27
BK000687,CUST00008,HOT00480,ROOM00389,2026-11-04,4,45992,INR,paid,confirmed,2026-11-03
BK000688,CUST00185,HOT00370,ROOM00235,2026-11-12,1,39381,INR,refunded,cancelled,2026-10-19
BK000689,CUST00021,HOT00519,ROOM00402,2026-12-06,2,25575,INR,pending,confirmed,2026-11-13
BK000690,CUST00292,HOT00434,ROOM00472,2026-12-18,6,46297,INR,failed,failed,2026-12-14
BK000691,CUST00247,HOT00156,ROOM00263,2027-03-14,1,40657,INR,failed,failed,2027-02-27
BK000692,CUST00183,HOT00364,ROOM00167,2026-10-17,1,48281,INR,failed,confirmed,2026-10-10
BK000693,CUST00038,HOT00350,ROOM00079,2027-01-25,4,38930,INR,paid,initiated,2027-01-19
BK000694,CUST00207,HOT00166,ROOM00207,2026-12-20,3,1305,INR,refunded,initiated,2026-12-16
BK000695,CUST00005,HOT00250,ROOM00427,2027-02-12,6,36644,INR,refunded,initiated,2027-01-30
BK000696,CUST00264,HOT00573,ROOM00417,2026-12-14,6,34764,INR,refunded,initiated,2026-12-09
BK000697,CUST00034,HOT00535,ROOM00263,2027-02-06,4,35236,INR,pending,confirmed,2027-01-21
BK000698,CUST00072,HOT00529,ROOM00128,2026-11-22,3,7944,INR,refunded,initiated,2026-11-21
BK000699,CUST00246,HOT00114,ROOM00033,2026-12-08,3,48962,INR,refunded,cancelled,2026-12-05
BK000700,CUST00215,HOT00491,ROOM00179,2027-03-05,1,49568,INR,paid,initiated,2027-02-24
BK000701,CUST00127,HOT00526,ROOM00464,2026-11-14,1,1773,INR,pending,confirmed,2026-11-01
BK000702,CUST00062,HOT00224,ROOM00347,2026-11-04,6,48809,INR,failed,initiated,2026-10-29
BK000703,CUST00104,HOT00015,ROOM00083,2027-02-07,1,17056,INR,paid,cancelled,2027-01-14
BK000704,CUST00104,HOT00138,ROOM00468,2026-12-08,4,5042,INR,pending,cancelled,2026-11-30
BK000705,CUST00084,HOT00337,ROOM00391,2026-11-30,6,11148,INR,refunded,initiated,2026-11-16
BK000706,CUST00229,HOT00477,ROOM00136,2027-03-10,5,14361,INR,paid,failed,2027-02-21
BK000707,CUST00224,HOT00430,ROOM00452,2027-01-29,6,45310,INR,refunded,failed,2027-01-01
BK000708,CUST00062,HOT00490,ROOM00448,2027-02-14,1,18884,INR,pending,initiated,2027-02-12
BK000709,CUST00151,HOT00296,ROOM00051,2027-03-09,4,5908,INR,pending,confirmed,2027-03-05
BK000710,CUST00179,HOT00287,ROOM00004,2027-01-06,4,37112,INR,refunded,initiated,2026-12-09
BK000711,CUST00185,HOT00329,ROOM00331,2027-01-24,6,46528,INR,refunded,failed,2026-12-27
BK000712,CUST00205,HOT00513,ROOM00413,2027-01-19,1,14061,INR,paid,confirmed,2026-12-21
BK000713,CUST00043,HOT00175,ROOM00264,2026-12-22,5,46605,INR,failed,initiated,2026-11-30
BK000714,CUST00214,HOT00164,ROOM00173,2027-01-31,2,32958,INR,refunded,failed,2027-01-16
BK000715,CUST00290,HOT00414,ROOM00298,2027-03-14,3,29373,INR,refunded,confirmed,2027-03-13
BK000716,CUST00199,HOT00542,ROOM00339,2026-12-29,1,49033,INR,refunded,failed,2026-12-13
BK000717,CUST00201,HOT00379,ROOM00150,2026-12-11,6,13246,INR,paid,failed,2026-11-12
BK000718,CUST00143,HOT00446,ROOM00044,2027-03-11,1,34993,INR,pending,failed,2027-02-12
BK000719,CUST00202,HOT00259,ROOM00284,2027-04-07,3,14710,INR,failed,cancelled,2027-03-12
BK000720,CUST00179,HOT00249,ROOM00122,2027-04-19,3,3942,INR,paid,failed,2027-03-28
BK000721,CUST00130,HOT00091,ROOM00168,2026-10-21,4,47200,INR,paid,initiated,2026-10-13
BK000722,CUST00150,HOT00039,ROOM00015,2026-12-29,5,10641,INR,refunded,initiated,2026-12-06
BK000723,CUST00097,HOT00089,ROOM00381,2026-11-01,1,39927,INR,paid,failed,2026-10-18
BK000724,CUST00218,HOT00015,ROOM00137,2027-04-20,2,7003,INR,refunded,confirmed,2027-03-24
BK000725,CUST00023,HOT00436,ROOM00405,2027-02-12,4,26834,INR,refunded,initiated,2027-02-08
BK000726,CUST00002,HOT00314,ROOM00427,2027-03-26,3,42446,INR,pending,cancelled,2027-02-28
BK000727,CUST00239,HOT00183,ROOM00365,2026-10-21,2,23085,INR,pending,confirmed,2026-10-07
BK000728,CUST00067,HOT00578,ROOM00219,2027-01-15,2,7951,INR,pending,cancelled,2026-12-23
BK000729,CUST00246,HOT00445,ROOM00329,2027-01-15,4,25103,INR,failed,initiated,2026-12-29
BK000730,CUST00173,HOT00269,ROOM00197,2027-03-06,3,44877,INR,failed,initiated,2027-02-26
BK000731,CUST00036,HOT00535,ROOM00500,2027-03-20,4,28933,INR,pending,failed,2027-02-27
BK000732,CUST00210,HOT00454,ROOM00226,2027-03-05,1,44556,INR,failed,confirmed,2027-02-17
BK000733,CUST00161,HOT00477,ROOM00258,2026-11-25,5,1277,INR,paid,failed,2026-11-07
BK000734,CUST00293,HOT00104,ROOM00111,2026-10-11,6,27870,INR,failed,initiated,2026-10-02
BK000735,CUST00110,HOT00023,ROOM00167,2027-01-23,1,42464,INR,pending,cancelled,2026-12-29
BK000736,CUST00176,HOT00417,ROOM00445,2026-11-24,6,9833,INR,paid,failed,2026-11-04
BK000737,CUST00131,HOT00354,ROOM00427,2027-02-11,1,2747,INR,failed,initiated,2027-01-23
BK000738,CUST00020,HOT00452,ROOM00003,2027-03-24,5,18566,INR,refunded,cancelled,2027-03-08
BK000739,CUST00112,HOT00384,ROOM00221,2026-12-17,2,11172,INR,refunded,failed,2026-12-05
BK000740,CUST00030,HOT00418,ROOM00353,2026-12-11,6,20449,INR,failed,initiated,2026-12-07
BK000741,CUST00211,HOT00207,ROOM00066,2027-04-02,1,29526,INR,pending,initiated,2027-03-12
BK000742,CUST00220,HOT00232,ROOM00031,2027-03-19,4,7968,INR,failed,initiated,2027-03-10
BK000743,CUST00030,HOT00373,ROOM00485,2027-02-17,3,9514,INR,paid,cancelled,2027-01-23
BK000744,CUST00155,HOT00335,ROOM00309,2027-02-12,4,1963,INR,paid,cancelled,2027-02-07
BK000745,CUST00142,HOT00283,ROOM00376,2027-02-11,6,24645,INR,failed,initiated,2027-02-11
BK000746,CUST00026,HOT00222,ROOM00152,2027-03-21,4,32386,INR,pending,cancelled,2027-03-13
BK000747,CUST00114,HOT00536,ROOM00267,2027-03-15,4,22550,INR,failed,cancelled,2027-03-08
BK000748,CUST00013,HOT00494,ROOM00055,2027-03-01,3,39756,INR,paid,initiated,2027-02-06
BK000749,CUST00258,HOT00163,ROOM00241,2026-12-26,1,31018,INR,refunded,failed,2026-12-01
BK000750,CUST00182,HOT00139,ROOM00390,2027-01-06,4,21806,INR,refunded,confirmed,2026-12-29
BK000751,CUST00028,HOT00080,ROOM00360,2027-01-31,2,17157,INR,paid,confirmed,2027-01-11
BK000752,CUST00227,HOT00410,ROOM00022,2027-01-05,1,32466,INR,paid,cancelled,2026-12-07
BK000753,CUST00090,HOT00437,ROOM00312,2026-12-20,2,39363,INR,failed,initiated,2026-12-17
BK000754,CUST00239,HOT00467,ROOM00384,2026-12-31,3,42397,INR,pending,confirmed,2026-12-03
BK000755,CUST00049,HOT00507,ROOM00247,2027-02-09,6,49926,INR,failed,initiated,2027-01-25
BK000756,CUST00067,HOT00463,ROOM00369,2026-11-01,3,14322,INR,paid,cancelled,2026-10-31
BK000757,CUST00219,HOT00238,ROOM00488,2027-01-15,3,38460,INR,failed,failed,2026-12-21
BK000758,CUST00076,HOT00527,ROOM00229,2027-02-10,4,12969,INR,paid,failed,2027-01-31
BK000759,CUST00248,HOT00576,ROOM00465,2026-12-11,2,7650,INR,refunded,failed,2026-11-20
BK000760,CUST00228,HOT00094,ROOM00116,2027-01-30,6,25082,INR,refunded,failed,2027-01-10
BK000761,CUST00295,HOT00066,ROOM00029,2026-10-26,4,12279,INR,paid,initiated,2026-10-25
BK000762,CUST00123,HOT00166,ROOM00364,2027-04-03,6,19567,INR,refunded,initiated,2027-03-22
BK000763,CUST00167,HOT00053,ROOM00159,2026-11-20,5,5008,INR,failed,initiated,2026-10-29
BK000764,CUST00208,HOT00002,ROOM00034,2027-03-13,6,47466,INR,failed,confirmed,2027-02-25
BK000765,CUST00122,HOT00389,ROOM00411,2027-02-18,4,38864,INR,pending,cancelled,2027-02-08
BK000766,CUST00133,HOT00072,ROOM00210,2026-11-11,5,29062,INR,pending,confirmed,2026-10-26
BK000767,CUST00296,HOT00078,ROOM00369,2026-11-11,3,35238,INR,refunded,cancelled,2026-11-11
BK000768,CUST00134,HOT00219,ROOM00006,2026-10-16,4,42715,INR,failed,failed,2026-10-08
BK000769,CUST00098,HOT00263,ROOM00262,2027-03-08,3,46956,INR,pending,confirmed,2027-02-12
BK000770,CUST00050,HOT00485,ROOM00409,2027-02-11,5,28991,INR,refunded,cancelled,2027-01-15
BK000771,CUST00250,HOT00412,ROOM00166,2027-02-12,1,12337,INR,paid,initiated,2027-02-07
BK000772,CUST00065,HOT00208,ROOM00231,2027-03-29,5,2627,INR,refunded,failed,2027-03-22
BK000773,CUST00084,HOT00561,ROOM00197,2026-12-16,1,7531,INR,failed,confirmed,2026-11-22
BK000774,CUST00136,HOT00350,ROOM00163,2027-02-15,4,19484,INR,failed,initiated,2027-01-29
BK000775,CUST00061,HOT00439,ROOM00247,2027-03-28,4,18216,INR,refunded,failed,2027-02-26
BK000776,CUST00044,HOT00576,ROOM00090,2027-03-06,2,3072,INR,failed,failed,2027-03-01
BK000777,CUST00120,HOT00216,ROOM00239,2026-10-18,1,17584,INR,pending,initiated,2026-10-18
BK000778,CUST00095,HOT00121,ROOM00035,2027-02-15,4,35626,INR,refunded,confirmed,2027-02-09
BK000779,CUST00209,HOT00500,ROOM00473,2026-11-24,6,29594,INR,refunded,failed,2026-11-11
BK000780,CUST00019,HOT00128,ROOM00119,2026-10-15,2,25674,INR,failed,failed,2026-10-12
BK000781,CUST00104,HOT00113,ROOM00139,2027-03-21,1,32905,INR,refunded,initiated,2027-02-22
BK000782,CUST00044,HOT00089,ROOM00020,2027-01-07,2,7108,INR,paid,cancelled,2026-12-31
BK000783,CUST00136,HOT00103,ROOM00345,2027-01-19,4,41064,INR,failed,cancelled,2027-01-10
BK000784,CUST00211,HOT00377,ROOM00395,2026-12-25,6,30386,INR,failed,cancelled,2026-12-25
BK000785,CUST00160,HOT00560,ROOM00426,2027-03-17,6,32116,INR,paid,initiated,2027-03-01
BK000786,CUST00160,HOT00400,ROOM00415,2026-12-10,5,25399,INR,paid,cancelled,2026-12-07
BK000787,CUST00023,HOT00128,ROOM00106,2027-01-20,2,41519,INR,pending,cancelled,2027-01-19
BK000788,CUST00271,HOT00254,ROOM00346,2026-10-28,4,23532,INR,failed,cancelled,2026-10-08
BK000789,CUST00292,HOT00336,ROOM00315,2027-03-04,2,5257,INR,refunded,failed,2027-02-28
BK000790,CUST00045,HOT00058,ROOM00383,2026-11-27,3,31514,INR,refunded,initiated,2026-11-24
BK000791,CUST00044,HOT00138,ROOM00212,2026-11-02,1,35493,INR,paid,confirmed,2026-10-07
BK000792,CUST00274,HOT00519,ROOM00087,2026-12-03,1,31844,INR,paid,failed,2026-11-17
BK000793,CUST00142,HOT00441,ROOM00049,2027-04-02,2,19910,INR,pending,confirmed,2027-03-14
BK000794,CUST00190,HOT00501,ROOM00389,2027-04-15,1,2564,INR,refunded,initiated,2027-03-17
BK000795,CUST00145,HOT00099,ROOM00148,2027-03-15,1,23579,INR,refunded,initiated,2027-02-22
BK000796,CUST00030,HOT00337,ROOM00166,2026-12-14,5,18514,INR,paid,failed,2026-11-26
BK000797,CUST00167,HOT00432,ROOM00049,2027-03-29,3,5745,INR,failed,failed,2027-03-12
BK000798,CUST00087,HOT00148,ROOM00113,2026-12-08,5,46387,INR,pending,cancelled,2026-11-24
BK000799,CUST00248,HOT00465,ROOM00329,2027-02-27,1,20085,INR,paid,cancelled,2027-02-26
BK000800,CUST00238,HOT00203,ROOM00464,2027-02-08,6,4951,INR,paid,cancelled,2027-02-03
BK000801,CUST00071,HOT00560,ROOM00135,2026-11-07,6,36578,INR,pending,initiated,2026-10-11
BK000802,CUST00271,HOT00362,ROOM00082,2026-12-29,5,48455,INR,refunded,cancelled,2026-12-09
BK000803,CUST00212,HOT00532,ROOM00215,2027-01-16,3,25688,INR,pending,initiated,2027-01-06
BK000804,CUST00148,HOT00408,ROOM00106,2026-11-29,2,7644,INR,failed,initiated,2026-11-19
BK000805,CUST00062,HOT00436,ROOM00388,2026-12-13,6,13978,INR,refunded,confirmed,2026-11-17
BK000806,CUST00144,HOT00320,ROOM00389,2027-04-02,1,11514,INR,paid,initiated,2027-03-14
BK000807,CUST00098,HOT00187,ROOM00163,2026-12-30,2,24307,INR,pending,cancelled,2026-12-13
BK000808,CUST00151,HOT00473,ROOM00153,2027-03-20,4,17728,INR,refunded,cancelled,2027-03-01
BK000809,CUST00121,HOT00566,ROOM00014,2026-12-13,4,37039,INR,refunded,initiated,2026-12-10
BK000810,CUST00017,HOT00319,ROOM00440,2027-01-12,1,29798,INR,paid,cancelled,2027-01-05
BK000811,CUST00080,HOT00508,ROOM00193,2026-11-15,5,15146,INR,refunded,cancelled,2026-10-28
BK000812,CUST00144,HOT00127,ROOM00250,2027-03-30,2,11149,INR,paid,confirmed,2027-03-17
BK000813,CUST00225,HOT00349,ROOM00106,2027-01-03,5,30672,INR,failed,confirmed,2026-12-08
BK000814,CUST00042,HOT00358,ROOM00172,2026-10-16,4,13113,INR,pending,confirmed,2026-10-15
BK000815,CUST00140,HOT00319,ROOM00346,2026-10-22,2,22451,INR,refunded,failed,2026-10-01
BK000816,CUST00135,HOT00023,ROOM00166,2026-10-07,5,44488,INR,failed,initiated,2026-10-03
BK000817,CUST00125,HOT00427,ROOM00061,2027-02-05,6,23401,INR,pending,confirmed,2027-01-24
BK000818,CUST00069,HOT00467,ROOM00413,2026-11-17,4,2709,INR,pending,initiated,2026-11-13
BK000819,CUST00151,HOT00452,ROOM00109,2027-02-22,5,40946,INR,refunded,failed,2027-01-30
BK000820,CUST00140,HOT00315,ROOM00382,2027-02-12,1,27307,INR,pending,cancelled,2027-01-29
BK000821,CUST00296,HOT00116,ROOM00274,2026-11-07,1,5794,INR,refunded,initiated,2026-10-22
BK000822,CUST00079,HOT00493,ROOM00063,2027-03-15,2,8084,INR,refunded,confirmed,2027-02-14
BK000823,CUST00045,HOT00487,ROOM00178,2027-02-12,5,36109,INR,refunded,initiated,2027-02-03
BK000824,CUST00249,HOT00541,ROOM00081,2026-10-23,5,39552,INR,pending,cancelled,2026-10-17
BK000825,CUST00254,HOT00066,ROOM00343,2027-01-31,3,44698,INR,pending,failed,2027-01-27
BK000826,CUST00021,HOT00161,ROOM00490,2027-03-05,3,45728,INR,pending,initiated,2027-03-01
BK000827,CUST00093,HOT00551,ROOM00482,2027-01-11,2,33834,INR,paid,failed,2027-01-09
BK000828,CUST00010,HOT00457,ROOM00010,2026-11-26,3,42848,INR,refunded,cancelled,2026-11-06
BK000829,CUST00100,HOT00062,ROOM00153,2027-04-16,3,11162,INR,failed,failed,2027-03-30
BK000830,CUST00214,HOT00151,ROOM00360,2027-02-10,1,34048,INR,pending,initiated,2027-01-13
BK000831,CUST00051,HOT00465,ROOM00488,2026-12-17,2,6533,INR,paid,initiated,2026-11-19
BK000832,CUST00120,HOT00165,ROOM00066,2026-12-05,1,6241,INR,refunded,cancelled,2026-12-05
BK000833,CUST00071,HOT00314,ROOM00276,2026-11-25,3,7624,INR,paid,cancelled,2026-11-14
BK000834,CUST00293,HOT00462,ROOM00267,2026-11-07,6,22996,INR,failed,cancelled,2026-11-01
BK000835,CUST00093,HOT00519,ROOM00407,2026-11-30,4,42868,INR,refunded,initiated,2026-11-29
BK000836,CUST00276,HOT00564,ROOM00338,2027-01-07,5,4244,INR,failed,failed,2026-12-08
BK000837,CUST00222,HOT00256,ROOM00111,2026-11-02,2,17241,INR,failed,initiated,2026-10-08
BK000838,CUST00112,HOT00492,ROOM00146,2027-04-03,5,49549,INR,refunded,failed,2027-03-19
BK000839,CUST00043,HOT00517,ROOM00330,2026-10-14,6,3891,INR,paid,cancelled,2026-10-01
BK000840,CUST00154,HOT00500,ROOM00266,2027-03-06,3,37235,INR,pending,cancelled,2027-03-01
BK000841,CUST00085,HOT00009,ROOM00014,2027-03-30,2,14669,INR,refunded,failed,2027-03-15
BK000842,CUST00162,HOT00064,ROOM00389,2026-12-01,4,39609,INR,paid,confirmed,2026-11-08
BK000843,CUST00142,HOT00180,ROOM00233,2027-02-26,1,39923,INR,failed,initiated,2027-02-12
BK000844,CUST00278,HOT00443,ROOM00193,2027-02-03,2,42707,INR,refunded,failed,2027-02-03
BK000845,CUST00297,HOT00100,ROOM00226,2026-10-21,2,44766,INR,failed,initiated,2026-10-05
BK000846,CUST00148,HOT00309,ROOM00311,2026-11-24,3,49349,INR,failed,failed,2026-11-23
BK000847,CUST00297,HOT00041,ROOM00454,2027-01-31,4,19942,INR,failed,failed,2027-01-16
BK000848,CUST00099,HOT00566,ROOM00403,2026-11-13,2,36235,INR,failed,initiated,2026-11-07
BK000849,CUST00072,HOT00021,ROOM00047,2026-11-07,1,9404,INR,paid,cancelled,2026-10-16
BK000850,CUST00204,HOT00515,ROOM00083,2026-11-27,5,23223,INR,paid,cancelled,2026-11-12
BK000851,CUST00262,HOT00477,ROOM00099,2027-02-26,2,49357,INR,paid,cancelled,2027-02-01
BK000852,CUST00079,HOT00125,ROOM00464,2027-03-05,1,7812,INR,failed,failed,2027-02-06
BK000853,CUST00226,HOT00151,ROOM00018,2027-02-17,4,31020,INR,refunded,confirmed,2027-02-15
BK000854,CUST00169,HOT00241,ROOM00364,2027-01-28,3,28304,INR,pending,initiated,2027-01-21
BK000855,CUST00290,HOT00082,ROOM00212,2027-04-11,4,1911,INR,failed,initiated,2027-03-20
BK000856,CUST00196,HOT00394,ROOM00326,2026-11-11,3,18772,INR,refunded,confirmed,2026-10-12
BK000857,CUST00208,HOT00114,ROOM00448,2027-04-07,6,44391,INR,failed,initiated,2027-03-10
BK000858,CUST00210,HOT00340,ROOM00260,2027-03-08,6,11879,INR,pending,confirmed,2027-02-10
BK000859,CUST00038,HOT00527,ROOM00033,2026-11-17,5,14211,INR,refunded,confirmed,2026-10-27
BK000860,CUST00079,HOT00143,ROOM00172,2026-11-11,3,11809,INR,refunded,cancelled,2026-11-06
BK000861,CUST00185,HOT00185,ROOM00309,2027-01-23,4,3657,INR,refunded,cancelled,2027-01-20
BK000862,CUST00234,HOT00314,ROOM00329,2027-02-02,3,37763,INR,refunded,cancelled,2027-01-16
BK000863,CUST00299,HOT00250,ROOM00017,2027-04-22,2,49607,INR,refunded,cancelled,2027-03-29
BK000864,CUST00147,HOT00386,ROOM00302,2027-01-06,5,48218,INR,pending,cancelled,2026-12-28
BK000865,CUST00182,HOT00510,ROOM00310,2026-12-01,2,18032,INR,refunded,failed,2026-11-15
BK000866,CUST00068,HOT00268,ROOM00451,2026-10-20,5,8762,INR,paid,cancelled,2026-10-19
BK000867,CUST00200,HOT00466,ROOM00381,2026-11-08,5,28194,INR,paid,cancelled,2026-11-06
BK000868,CUST00021,HOT00017,ROOM00021,2027-02-18,2,31840,INR,failed,initiated,2027-02-16
BK000869,CUST00222,HOT00004,ROOM00322,2027-03-28,4,16492,INR,pending,confirmed,2027-03-01
BK000870,CUST00235,HOT00529,ROOM00499,2027-03-08,1,46221,INR,failed,confirmed,2027-02-28
BK000871,CUST00131,HOT00227,ROOM00437,2027-01-27,5,17588,INR,failed,cancelled,2026-12-31
BK000872,CUST00120,HOT00156,ROOM00094,2026-12-05,6,45575,INR,pending,failed,2026-11-12
BK000873,CUST00171,HOT00423,ROOM00474,2027-03-06,3,17095,INR,failed,confirmed,2027-02-06
BK000874,CUST00007,HOT00512,ROOM00374,2026-10-28,6,7731,INR,failed,confirmed,2026-10-28
BK000875,CUST00156,HOT00494,ROOM00123,2027-02-24,4,43734,INR,paid,cancelled,2027-02-09
BK000876,CUST00200,HOT00080,ROOM00168,2026-11-03,6,3541,INR,refunded,failed,2026-10-10
BK000877,CUST00211,HOT00498,ROOM00490,2027-01-07,2,12637,INR,refunded,cancelled,2026-12-17
BK000878,CUST00296,HOT00452,ROOM00317,2026-12-03,1,38290,INR,refunded,initiated,2026-11-15
BK000879,CUST00030,HOT00545,ROOM00084,2026-12-04,3,48784,INR,failed,confirmed,2026-11-09
BK000880,CUST00158,HOT00059,ROOM00211,2027-01-02,3,13772,INR,paid,initiated,2026-12-19
BK000881,CUST00155,HOT00057,ROOM00213,2027-04-10,5,4449,INR,pending,initiated,2027-03-19
BK000882,CUST00030,HOT00333,ROOM00056,2026-10-18,1,45316,INR,failed,confirmed,2026-10-14
BK000883,CUST00140,HOT00452,ROOM00489,2027-04-01,3,30320,INR,failed,initiated,2027-03-28
BK000884,CUST00295,HOT00264,ROOM00080,2026-12-31,6,36298,INR,refunded,failed,2026-12-01
BK000885,CUST00270,HOT00445,ROOM00025,2026-11-03,3,26798,INR,refunded,failed,2026-10-16
BK000886,CUST00230,HOT00495,ROOM00500,2026-10-28,2,6614,INR,paid,cancelled,2026-10-24
BK000887,CUST00070,HOT00053,ROOM00249,2027-01-08,6,27130,INR,paid,initiated,2027-01-07
BK000888,CUST00276,HOT00195,ROOM00147,2026-11-30,1,13509,INR,paid,confirmed,2026-11-02
BK000889,CUST00040,HOT00020,ROOM00213,2026-12-31,5,22476,INR,refunded,cancelled,2026-12-21
BK000890,CUST00245,HOT00313,ROOM00010,2026-11-24,4,41815,INR,pending,failed,2026-11-06
BK000891,CUST00048,HOT00243,ROOM00063,2027-02-28,3,46694,INR,refunded,confirmed,2027-02-11
BK000892,CUST00184,HOT00105,ROOM00329,2026-11-22,2,20769,INR,refunded,initiated,2026-11-03
BK000893,CUST00049,HOT00452,ROOM00127,2026-10-21,6,38758,INR,pending,cancelled,2026-10-04
BK000894,CUST00083,HOT00498,ROOM00156,2027-01-11,4,36786,INR,refunded,cancelled,2027-01-01
BK000895,CUST00217,HOT00139,ROOM00394,2027-02-03,4,36135,INR,failed,cancelled,2027-01-22
BK000896,CUST00168,HOT00321,ROOM00027,2026-10-21,2,10906,INR,paid,confirmed,2026-10-17
BK000897,CUST00122,HOT00333,ROOM00401,2027-01-26,3,31623,INR,pending,initiated,2027-01-13
BK000898,CUST00095,HOT00213,ROOM00476,2026-10-11,3,33803,INR,failed,initiated,2026-10-02
BK000899,CUST00160,HOT00278,ROOM00173,2027-02-28,5,26818,INR,refunded,initiated,2027-02-20
BK000900,CUST00037,HOT00412,ROOM00076,2027-02-03,3,45567,INR,pending,failed,2027-01-08
BK000901,CUST00146,HOT00342,ROOM00187,2026-11-05,4,22234,INR,pending,cancelled,2026-11-03
BK000902,CUST00039,HOT00395,ROOM00338,2026-11-21,2,24655,INR,refunded,failed,2026-11-02
BK000903,CUST00295,HOT00213,ROOM00450,2027-04-02,6,3148,INR,paid,failed,2027-03-21
BK000904,CUST00085,HOT00348,ROOM00392,2026-11-03,5,10975,INR,refunded,initiated,2026-10-10
BK000905,CUST00099,HOT00083,ROOM00400,2027-02-20,2,8466,INR,failed,cancelled,2027-01-25
BK000906,CUST00195,HOT00202,ROOM00316,2026-10-28,5,4640,INR,failed,confirmed,2026-10-18
BK000907,CUST00203,HOT00002,ROOM00028,2027-02-28,6,20655,INR,paid,initiated,2027-02-06
BK000908,CUST00176,HOT00204,ROOM00015,2027-01-25,1,21207,INR,refunded,confirmed,2027-01-24
BK000909,CUST00075,HOT00239,ROOM00296,2026-12-01,5,17168,INR,pending,confirmed,2026-11-26
BK000910,CUST00237,HOT00438,ROOM00249,2027-03-08,6,22770,INR,failed,cancelled,2027-02-20
BK000911,CUST00230,HOT00233,ROOM00149,2026-11-23,4,27036,INR,pending,initiated,2026-11-02
BK000912,CUST00256,HOT00007,ROOM00232,2026-11-14,2,14165,INR,paid,confirmed,2026-11-09
BK000913,CUST00029,HOT00182,ROOM00219,2026-12-04,1,32738,INR,refunded,initiated,2026-11-24
BK000914,CUST00084,HOT00084,ROOM00142,2026-12-06,1,41567,INR,pending,confirmed,2026-12-06
BK000915,CUST00233,HOT00542,ROOM00276,2026-10-18,5,24132,INR,failed,cancelled,2026-10-01
BK000916,CUST00278,HOT00015,ROOM00264,2026-12-25,4,15495,INR,pending,initiated,2026-12-16
BK000917,CUST00280,HOT00101,ROOM00477,2027-02-14,3,33348,INR,failed,failed,2027-01-22
BK000918,CUST00208,HOT00076,ROOM00277,2026-11-19,6,21429,INR,paid,confirmed,2026-10-30
BK000919,CUST00088,HOT00185,ROOM00103,2027-03-11,6,12332,INR,failed,failed,2027-02-13
BK000920,CUST00005,HOT00130,ROOM00002,2027-04-24,6,10793,INR,paid,confirmed,2027-03-29
BK000921,CUST00012,HOT00212,ROOM00438,2026-12-01,3,29593,INR,failed,initiated,2026-11-05
BK000922,CUST00256,HOT00513,ROOM00351,2026-11-27,5,27538,INR,pending,initiated,2026-11-01
BK000923,CUST00247,HOT00317,ROOM00341,2026-11-18,4,47371,INR,refunded,cancelled,2026-11-01
BK000924,CUST00155,HOT00343,ROOM00036,2027-04-08,2,17130,INR,pending,cancelled,2027-03-14
BK000925,CUST00160,HOT00088,ROOM00368,2026-10-29,3,13343,INR,pending,cancelled,2026-10-02
BK000926,CUST00216,HOT00473,ROOM00269,2026-12-16,3,7883,INR,failed,confirmed,2026-12-16
BK000927,CUST00198,HOT00553,ROOM00048,2026-10-27,5,45757,INR,failed,initiated,2026-10-13
BK000928,CUST00031,HOT00338,ROOM00051,2026-12-05,6,26289,INR,paid,initiated,2026-11-13
BK000929,CUST00077,HOT00377,ROOM00411,2027-03-10,5,4923,INR,pending,cancelled,2027-02-24
BK000930,CUST00185,HOT00113,ROOM00126,2027-02-20,4,46299,INR,failed,cancelled,2027-01-30
BK000931,CUST00261,HOT00103,ROOM00243,2026-10-25,6,42967,INR,failed,confirmed,2026-10-24
BK000932,CUST00275,HOT00295,ROOM00230,2026-10-21,3,2902,INR,paid,cancelled,2026-10-04
BK000933,CUST00161,HOT00379,ROOM00454,2026-12-03,1,20822,INR,paid,failed,2026-11-29
BK000934,CUST00009,HOT00263,ROOM00092,2027-01-07,6,39711,INR,failed,initiated,2026-12-26
BK000935,CUST00187,HOT00484,ROOM00109,2026-12-12,4,38687,INR,pending,failed,2026-12-01
BK000936,CUST00284,HOT00530,ROOM00330,2026-11-28,5,19525,INR,refunded,confirmed,2026-10-29
BK000937,CUST00205,HOT00160,ROOM00469,2027-04-11,4,33728,INR,refunded,confirmed,2027-03-19
BK000938,CUST00010,HOT00123,ROOM00100,2027-02-08,2,45185,INR,paid,confirmed,2027-01-29
BK000939,CUST00247,HOT00389,ROOM00420,2027-03-06,6,22843,INR,refunded,cancelled,2027-02-05
BK000940,CUST00086,HOT00059,ROOM00366,2027-01-01,4,27454,INR,refunded,confirmed,2027-01-01
BK000941,CUST00285,HOT00183,ROOM00278,2027-02-25,1,13441,INR,refunded,failed,2027-01-30
BK000942,CUST00055,HOT00371,ROOM00073,2026-11-01,1,16473,INR,pending,initiated,2026-10-23
BK000943,CUST00029,HOT00204,ROOM00201,2026-12-04,3,19047,INR,failed,confirmed,2026-11-26
BK000944,CUST00232,HOT00507,ROOM00107,2027-02-01,4,24640,INR,pending,initiated,2027-01-29
BK000945,CUST00144,HOT00531,ROOM00075,2026-11-27,5,11742,INR,pending,confirmed,2026-11-06
BK000946,CUST00230,HOT00353,ROOM00316,2027-01-31,4,7421,INR,failed,initiated,2027-01-07
BK000947,CUST00070,HOT00417,ROOM00326,2026-12-28,6,29900,INR,refunded,failed,2026-12-09
BK000948,CUST00273,HOT00310,ROOM00387,2027-03-26,2,26165,INR,failed,failed,2027-03-04
BK000949,CUST00292,HOT00535,ROOM00150,2026-12-08,5,37417,INR,failed,initiated,2026-11-27
BK000950,CUST00145,HOT00305,ROOM00462,2027-01-21,4,19274,INR,pending,cancelled,2027-01-05
BK000951,CUST00016,HOT00559,ROOM00038,2027-02-24,1,31760,INR,pending,confirmed,2027-02-09
BK000952,CUST00142,HOT00473,ROOM00399,2027-02-18,5,10864,INR,refunded,failed,2027-02-17
BK000953,CUST00206,HOT00504,ROOM00335,2027-01-30,1,30603,INR,failed,cancelled,2027-01-06
BK000954,CUST00034,HOT00091,ROOM00463,2027-02-05,1,18410,INR,paid,failed,2027-01-15
BK000955,CUST00256,HOT00095,ROOM00101,2026-11-19,4,22546,INR,failed,initiated,2026-11-11
BK000956,CUST00041,HOT00001,ROOM00145,2026-11-08,2,46220,INR,failed,failed,2026-10-13
BK000957,CUST00280,HOT00074,ROOM00413,2026-12-26,6,24735,INR,paid,failed,2026-12-04
BK000958,CUST00106,HOT00265,ROOM00240,2027-01-28,1,19704,INR,refunded,confirmed,2027-01-15
BK000959,CUST00295,HOT00459,ROOM00019,2027-01-09,1,19353,INR,failed,confirmed,2026-12-11
BK000960,CUST00119,HOT00013,ROOM00470,2027-02-25,5,25042,INR,paid,failed,2027-02-09
BK000961,CUST00235,HOT00432,ROOM00247,2026-12-27,4,30713,INR,refunded,initiated,2026-12-19
BK000962,CUST00223,HOT00216,ROOM00390,2026-11-19,6,7650,INR,pending,initiated,2026-10-25
BK000963,CUST00137,HOT00139,ROOM00447,2027-03-25,6,21867,INR,pending,cancelled,2027-02-26
BK000964,CUST00018,HOT00184,ROOM00454,2027-02-23,2,43176,INR,failed,failed,2027-02-14
BK000965,CUST00172,HOT00365,ROOM00489,2027-02-17,1,40052,INR,failed,cancelled,2027-02-01
BK000966,CUST00071,HOT00038,ROOM00316,2027-01-18,2,22625,INR,paid,confirmed,2027-01-13
BK000967,CUST00266,HOT00230,ROOM00185,2027-01-26,1,9433,INR,refunded,cancelled,2027-01-21
BK000968,CUST00054,HOT00154,ROOM00155,2026-12-02,2,43099,INR,failed,initiated,2026-11-14
BK000969,CUST00212,HOT00564,ROOM00345,2026-10-10,3,34799,INR,failed,failed,2026-10-08
BK000970,CUST00110,HOT00386,ROOM00091,2027-04-04,4,33105,INR,refunded,failed,2027-03-08
BK000971,CUST00203,HOT00333,ROOM00462,2027-02-03,1,19393,INR,paid,initiated,2027-01-15
BK000972,CUST00038,HOT00473,ROOM00020,2027-01-01,2,42336,INR,refunded,cancelled,2026-12-17
BK000973,CUST00130,HOT00465,ROOM00067,2026-10-19,4,27548,INR,pending,initiated,2026-10-02
BK000974,CUST00043,HOT00550,ROOM00069,2026-12-29,3,3340,INR,failed,confirmed,2026-12-21
BK000975,CUST00165,HOT00126,ROOM00023,2027-04-14,5,20516,INR,pending,failed,2027-03-16
BK000976,CUST00053,HOT00391,ROOM00338,2027-02-19,1,42104,INR,paid,failed,2027-01-22
BK000977,CUST00103,HOT00415,ROOM00315,2026-12-10,5,29910,INR,failed,cancelled,2026-11-14
BK000978,CUST00117,HOT00538,ROOM00126,2026-10-20,3,19530,INR,paid,confirmed,2026-10-03
BK000979,CUST00235,HOT00242,ROOM00476,2027-01-26,6,26913,INR,paid,cancelled,2027-01-04
BK000980,CUST00015,HOT00186,ROOM00384,2026-12-30,1,36025,INR,failed,initiated,2026-11-30
BK000981,CUST00019,HOT00482,ROOM00281,2027-01-28,5,27287,INR,refunded,failed,2027-01-19
BK000982,CUST00108,HOT00228,ROOM00257,2027-01-27,5,22206,INR,pending,failed,2027-01-03
BK000983,CUST00076,HOT00378,ROOM00400,2026-12-29,3,22395,INR,refunded,initiated,2026-12-15
BK000984,CUST00153,HOT00297,ROOM00488,2026-11-20,5,48217,INR,paid,failed,2026-10-27
BK000985,CUST00122,HOT00543,ROOM00148,2027-03-24,1,36297,INR,failed,failed,2027-02-24
BK000986,CUST00158,HOT00258,ROOM00041,2026-12-14,1,34236,INR,refunded,cancelled,2026-11-16
BK000987,CUST00147,HOT00155,ROOM00401,2027-01-12,6,16526,INR,pending,cancelled,2027-01-12
BK000988,CUST00129,HOT00388,ROOM00197,2027-03-22,6,9187,INR,failed,initiated,2027-03-20
BK000989,CUST00229,HOT00182,ROOM00218,2027-02-14,5,16448,INR,failed,initiated,2027-02-04
BK000990,CUST00296,HOT00333,ROOM00366,2026-12-10,4,22353,INR,refunded,failed,2026-11-10
BK000991,CUST00104,HOT00316,ROOM00060,2026-10-10,4,47167,INR,pending,confirmed,2026-10-10
BK000992,CUST00236,HOT00442,ROOM00123,2026-11-29,5,43520,INR,pending,confirmed,2026-11-21
BK000993,CUST00079,HOT00434,ROOM00219,2026-11-14,1,33425,INR,refunded,cancelled,2026-11-07
BK000994,CUST00133,HOT00569,ROOM00087,2027-02-19,2,29298,INR,refunded,failed,2027-02-08
BK000995,CUST00216,HOT00270,ROOM00431,2026-10-21,6,41252,INR,failed,confirmed,2026-10-19
BK000996,CUST00139,HOT00113,ROOM00034,2026-12-30,2,44362,INR,refunded,initiated,2026-12-25
BK000997,CUST00270,HOT00358,ROOM00028,2027-03-23,2,47542,INR,failed,cancelled,2027-03-10
BK000998,CUST00137,HOT00497,ROOM00457,2027-01-12,4,29401,INR,pending,initiated,2026-12-16
BK000999,CUST00202,HOT00413,ROOM00277,2027-04-02,5,3491,INR,pending,failed,2027-03-18
BK001000,CUST00221,HOT00019,ROOM00310,2027-03-17,6,25351,INR,refunded,initiated,2027-02-28
