id,Month,Hotel Name,Area,Price,Rating,Number of Reviews
0,February,"Vivanta Goa, Panaji",Panaji,103,0.0,407
1,February,Goa Marriott Resort & Spa,Panaji,172,0.0,426
2,February,"Taj Cidade de Goa Horizon, Goa",Dona Paula,156,0.0,179
3,February,"Taj Cidade de Goa Horizon, Goa",Dona Paula,156,9.4,179
4,February,DoubleTree by Hilton Goa-Panaji,Chimbel,92,8.8,90
5,February,"Hyatt Ronil Goa, part of JdV by Hyatt",Baga,75,9.2,35
6,February,The Fern Kadamba Hotel and Spa,Old Goa,78,8.0,7
7,February,"La Estória, Goa – IHCL SeleQtions",Candolim,90,8.0,161
8,February,The Westin Goa,Anjuna,161,8.8,66
9,February,White Wharf Beach Resort Morjim Goa,Morjim,103,0.0,0
10,February,"Vivanta Goa, Panaji",Panaji,103,9.4,407
11,February,Citadines Arpora Nagoa Goa,Nagoa,69,10.0,2
12,February,JW Marriott Goa,Chapora,213,9.8,20
13,February,Regenta Central North Goa,Nagoa,46,10.0,1
14,February,Fairfield by Marriott Goa Anjuna,Anjuna,59,8.2,138
15,February,Holiday Inn Goa Candolim by IHG,Sinquerim,80,8.6,46
16,February,DoubleTree by Hilton Hotel Goa - Arpora - Baga,Arpora,59,7.0,148
17,February,Ginger Goa Candolim,Candolim,47,10.0,1
18,February,"Nanu Resort & Spa, Arambol",Arambol,58,9.6,16
19,February,HOLITEL ANJUNA GOA,Anjuna,59,9.0,6
20,February,Novotel GOA Panjim,Panaji,104,8.0,3
21,February,"Lazy Lagoon, Baga A Lemon Tree Resort",Arpora,49,7.0,25
22,February,Hilton Goa Resort Candolim,Saipem,138,8.0,42
23,February,"Vivanta Goa, Miramar",Miramar,109,9.2,47
24,February,Amritara Aura Resort & Spa,Mandrem,70,8.6,17
25,February,Park Inn by Radisson Goa Candolim,Candolim,70,7.2,177
26,February,"Taj Cidade de Goa Heritage, Goa",Vainguinim,195,8.6,209
27,February,"Fortune Miramar, Goa - Member ITC Hotels' Group",Panaji,100,7.2,22
28,February,Rewas Guest House,Arpora,23,0.0,0
29,February,"Taj Cidade de Goa Heritage, Goa",Vainguinim,195,8.6,209
30,February,DoubleTree by Hilton Goa-Panaji,Chimbel,92,8.8,90
31,February,Taj Holiday Village Resort & Spa,Sinquerim,152,8.6,251
32,February,SPARV Aulakhs Resort,Mandrem,31,7.0,2
33,February,SN Blue Hotel,Betim,46,0.0,0
34,February,Pride Sun Village Resort & Spa,Arpora,44,6.8,28
35,February,Sandalwood Hotel & Retreat,Vainguinim,57,7.6,78
36,February,Hotel Quinta Da Branca,Baga,48,9.0,7
37,February,Casa Albuquerque,Vagator,46,7.0,2
38,February,Sahaswara Luxury Resort,Anjuna,109,0.0,0
39,February,Comfort Inn Elite Goa,Carambolim,46,8.0,2
40,February,Goa Marriott Resort & Spa,Panaji,172,9.0,426
41,February,Sonnet - A boutique hotel by Lotus leaf Hotels,Vagator,35,8.6,8
42,February,W Goa,Chapora,241,8.2,101
43,February,JW Marriott Goa,Chapora,213,9.8,20
44,February,Riva Beach Resort,Mandrem,58,7.4,50
45,February,Woodpegger By The Beach,Mandrem,36,8.6,13
46,February,The Westin Goa,Anjuna,161,8.8,66
47,February,Grand Continent Anjuna A Sarovar Portico Affiliate Hotel,Anjuna,46,10.0,1
48,February,"Vivanta Goa, Miramar",Miramar,109,9.2,47
49,February,Novotel GOA Panjim,Panaji,104,8.0,3
50,February,"The Yellow House, Goa – IHCL SeleQtions",Mazal Waddo,98,8.4,54
51,February,Morjim Sunset Hotel,Morjim,22,9.0,2
52,February,Godwin Goa,Candolim,49,7.0,13
53,February,Habitus Resort,Morjim,42,9.2,44
54,February,Deep International a Luxury Hotel,Mandrem,45,0.0,0
55,February,Nazri Resort,Baga,80,7.2,64
56,February,Koko Maya By Stone Wood,Morjim,40,0.0,0
57,February,Fairfield by Marriott Goa Anjuna,Anjuna,59,8.2,138
58,February,W Goa,Chapora,241,8.2,101
59,February,Magnum Resorts- Near Candolim Beach,Candolim,37,6.0,5
60,February,Monarch suites,Candolim,29,4.8,4
61,February,Foxoso LA Beach Resort,Morjim,98,0.0,0
62,February,MARCELO PLACE 3,Baga,15,5.0,18
63,February,Jamboree Creek Yoga,Mandrem,69,7.8,28
64,February,Aaria Hills,Arambol,64,8.0,2
65,February,Hotel Grand Kadamba,Porvorim,33,6.8,3
66,February,Dragonfly Goa,Arambol,13,10.0,1
67,February,Casablanca,Candolim,39,6.8,57
68,February,Saraya Art Cafe B&B,Pilerne,9,8.0,19
69,February,The Cool Huts,Mandrem,28,9.0,2
70,February,Salotel- near Mae De Deus Church,Saligao,25,7.8,4
71,February,Anahata Retreat Sea Front Resort,Ashvem,149,8.2,23
72,February,AlohaStayz,Anjuna,49,0.0,0
73,February,Acron Seaway Resort,Candolim,41,7.2,5
74,February,VAGATOR DOWNTOWN,Vagator,69,6.0,1
75,February,La Gracia Resort,Morjim,25,6.0,2
76,February,Falcon Resorts by Dia Hotels,Calangute,24,10.0,1
77,February,RENTON MANOR BY JOY STAYS,"Sleeps 3, 1 bathroom",17,0.0,0
78,February,"Mandrem Beach Resort, a member of Radisson Individuals Retreat",Mandrem,140,0.0,0
79,February,Bay Breeze Hotels & Resorts,Morjim,40,0.0,0
80,February,"Hotel Miramar, Miramar Beach, Goa",Caranzalem,27,6.0,5
81,February,Sinon Baga Retreat,Baga,103,7.0,7
82,February,La Sea Vue Vacation Home Stay Goa,Candolim,29,10.0,1
83,February,Hibis Hotels and Resorts Ashvem,Ashvem,37,0.0,0
84,February,Sunset & Waves Resort,Mandrem,53,9.0,4
85,February,Unicorn Mandrem,Mandrem,58,0.0,0
86,February,Jolene's Ashvem,Ashvem,30,8.6,37
87,February,"Le Méridien Goa, Calangute",Gauravaddo,92,8.8,241
88,February,Hilton Goa Resort Candolim,Saipem,138,8.0,42
89,February,"Le Méridien Goa, Calangute",Gauravaddo,92,8.8,241
90,February,BluO Amani Vagator - Boutique Hotel Goa,Vagator,60,7.0,2
91,February,Fairfield by Marriott Goa Calangute,Gauravaddo,59,8.4,100
92,February,Xenious Micro Villas Goa,Vagator,55,0.0,0
93,February,Resort De Coracao-Calangute,Calangute,59,8.0,51
94,February,Ocean Ashoka Garden,Candolim,58,0.0,0
95,February,Omkar Wellness Inn,Arambol,25,7.8,189
96,February,Palmorama Retreat Home,Mandrem,80,0.0,0
97,February,Candolim Suites,Candolim,69,0.0,0
98,February,The Inner Temple,Moira,92,0.0,0
99,February,ibis Styles Goa Calangute Hotel,Calangute,51,8.2,188
100,February,Fahrenheit Hotel,Calangute,77,8.8,39
101,February,VISTAR HOLIDAYS,Candolim,34,0.0,0
102,February,Casa Almeida Guest House,Candolim,21,6.0,9
103,February,AlohaGoa,Anjuna,57,10.0,1
104,February,Papilio Beach Front Cottages,Baga,30,8.2,50
105,February,Casa Philomena,Calangute,52,7.6,11
106,February,Mamata Courtyard Anjuna,Mazal Waddo,17,7.2,59
107,February,Etereo Stays Luxury Apartments in Arpora,Arpora,62,10.0,4
108,February,Marine Castle,Miramar,31,0.0,0
109,February,VNE Mira Resort,Morjim,57,0.0,0
110,February,StayAtAloha-Lite,Anjuna,42,0.0,0
111,February,Little India Beach Cottages,Calangute,46,8.2,29
112,February,Laguna Anjuna,Mazal Waddo,46,7.8,66
113,February,Jangala Resort,Baga,29,10.0,1
114,February,Royal Village Resort By Savani Enterpris,Dongorpur,21,0.0,0
115,February,We Hotels Morjim Goa,Morjim,72,0.0,0
116,February,Sydney X cafe and Huts,Arambol,92,6.4,4
117,February,Asgard Apartments & Hotels,Siolim,98,9.2,83
118,February,Hotel All Seasons Beach Calangute Goa,Gauravaddo,34,0.0,0
119,February,Villa Venus - 2BR w Pvt Pool 9 min From Vagator,Entire home,188,0.0,0
120,February,Calangute Tower- AM Hotel Kollection,Calangute,36,7.2,12
121,February,Hotel Calangute Central,Calangute,36,7.6,5
122,February,Krish Holiday Inn,Baga,35,0.0,0
123,February,CASA FREDNA,Mazal Waddo,29,0.0,0
124,February,Hotel ramdev,Arambol,14,6.0,4
125,February,Brij Paraiso,Saligao,177,10.0,1
126,February,Casa Riana,Pilerne,172,0.0,0
127,February,Evoke Lifestyle Candolim,Candolim,75,4.0,1
128,February,Santa Monica Resorte,Calangute,30,8.0,3
129,February,JAS HOLIDAYS MORJIM,Morjim,14,0.0,0
130,February,Seascape Floating Paradise,Parcem,172,0.0,0
131,February,Per Avel Beach Holiday Home,Sinquerim,14,5.4,19
132,February,Naisha Boutique Hotel,Baga,345,1.0,1
133,February,The Mint Resort by WS & GoG,Calangute,45,0.0,0
134,February,Hotel Plaza Inn by Rio,Calangute,32,7.2,521
135,February,Kahaani by The Human Happiness Project,Vagator,10,0.0,0
136,February,Romaldo Guest House,Calangute,17,8.2,47
137,February,So My Resort,Calangute,67,6.6,7
138,February,Summerville Beach Resort,Sinquerim,57,4.6,23
139,February,HOTEL Golden Rice,Sainagar,259,0.0,0
140,February,"amã Stays & Trails, Braganza House - Goa",Entire home,483,9.0,2
141,February,TreeHouse Neptune Inn,Panaji,44,4.6,4
142,February,2 luxry bedroom @anjuna,Anjuna,60,0.0,0
143,February,El Arbol by Hireavilla-2br w Rooftop Pool in Nerul,Entire apartment,91,0.0,0
144,February,Blue Orchid Holiday Home,Calangute,32,0.0,0
145,February,Luxe Loft Villa,Pilerne,299,10.0,1
146,February,Irene Altezza by Hireavilla -2br w Pool in Pilerne,Entire apartment,81,0.0,0
147,February,Candolim Beach Place,Candolim,70,9.0,14
148,February,"Casavilasa-2BHK Ground Floor park facing fully loaded Kitchen, AC, Balcony, WIFI",Assagao,85,0.0,0
149,February,Orabella Villas & Suites,Calangute,56,7.0,6
150,February,Ondas Do Mar Beach Resort Phase 2,Gauravaddo,35,6.6,59
151,February,3 luxurious room @vagator sunburn beach,Parcem,70,0.0,0
152,February,Clarence Cottage Villa 27,Entire home,253,8.0,1
153,February,Grandeur De Sanchi,Gauravaddo,56,6.8,9
154,February,"Sunkissed Premium By WSI,Calangute Beach",Calangute,40,5.2,18
155,February,Spacious 3-br Apartment With Pool in Candolim,Entire apartment,140,0.0,0
156,February,Casa Rosita Portuguese Villa w Pool in North Goa,Entire home,222,0.0,0
157,February,Villa Tulip Hosted by Masaya Stays,Entire home,402,0.0,0
158,February,Kanai by Hireavilla - 4BR w Private Pool in Arpora,Entire home,399,0.0,0
159,February,Avior by Hireavilla - 4BR w Infinity Pool in Parra,Entire home,399,0.0,0
160,February,Wood House Beach Resort,Calangute,40,0.0,0
161,February,Villa Zaia - 3BR With Private Pool in North Goa,Entire home,325,0.0,0
162,February,Aria - Lux 5BR Villa in Anjuna Perfect for Groups,Entire home,584,0.0,0
163,February,Hotel Bella Residency - Goa,Calangute,22,5.0,1
164,February,Route 77,Calangute,460,0.0,0
165,February,W.S BEACH RESORT & SPA,Calangute,460,6.0,1
166,February,Santana Beach Resort,Sinquerim,0,8.8,194
167,March,"Taj Cidade de Goa Horizon, Goa",Dona Paula,155,0.0,179
168,March,"Vivanta Goa, Panaji",Panaji,80,0.0,407
169,March,The Westin Goa,Anjuna,144,0.0,66
170,March,Ramada by Wyndham Goa Arpora,Nagoa,59,10.0,1
171,March,"Taj Cidade de Goa Horizon, Goa",Dona Paula,155,9.4,179
172,March,DoubleTree by Hilton Goa-Panaji,Chimbel,93,8.8,90
173,March,"Vivanta Goa, Panaji",Panaji,80,9.4,407
174,March,Ginger Dona Paula,Dona Paula,45,7.6,44
175,March,"Taj Cidade de Goa Heritage, Goa",Vainguinim,155,8.6,209
176,March,Jungle Boutique by sturmfrei Vagator,Chapora,23,0.0,0
177,March,Citadines Arpora Nagoa Goa,Nagoa,63,10.0,2
178,March,HOLITEL ANJUNA GOA,Anjuna,56,9.0,6
179,March,"Vivanta Goa, Miramar",Miramar,92,9.2,47
180,March,Fairfield by Marriott Goa Anjuna,Anjuna,56,8.2,138
181,March,Zone Connect by The Park Parra Goa,Parra,58,0.0,0
182,March,Holiday Inn Goa Candolim by IHG,Sinquerim,75,8.6,46
183,March,Varanda Do Mar,Caranzalem,54,8.4,70
184,March,"Vivanta Goa, Miramar",Miramar,92,9.2,47
185,March,Beach Street Resort,Mandrem,34,8.4,17
186,March,Regenta Central North Goa,Nagoa,53,10.0,1
187,March,Novotel GOA Panjim,Panaji,97,8.0,3
188,March,"Taj Cidade de Goa Heritage, Goa",Vainguinim,155,8.6,209
189,March,DoubleTree by Hilton Hotel Goa - Arpora - Baga,Arpora,78,7.0,148
190,March,De Mandarin Beach Resort Suites & Villas,Candolim,57,9.2,32
191,March,Ginger Goa Candolim,Candolim,43,10.0,1
192,March,Hilton Goa Resort Candolim,Saipem,132,8.0,42
193,March,Sandalwood Hotel & Retreat,Vainguinim,56,7.6,78
194,March,Hotel Gopika International,Panaji,26,8.6,7
195,March,Woodpegger By The Beach,Mandrem,35,8.6,13
196,March,JW Marriott Goa,Chapora,195,9.8,20
197,March,Novotel GOA Panjim,Panaji,97,8.0,3
198,March,Swim Sea Beach Resort,Miramar,34,9.0,2
199,March,"La Estória, Goa – IHCL SeleQtions",Candolim,95,8.0,161
200,March,Resort Lagoa Azul,Arpora,39,7.6,44
201,March,W Goa,Chapora,218,8.2,101
202,March,Ariena By Spree Hotels Goa,Morjim,24,10.0,1
203,March,Pride Sun Village Resort & Spa,Arpora,48,6.8,28
204,March,Casa De Katson,Penha de França,72,0.0,0
205,March,De Mandarin goa,Candolim,55,8.6,7
206,March,Zense Resort,Candolim,30,7.2,42
207,March,Le Magnifique,Pilerne,35,8.4,8
208,March,The Tamarind Hotel Anjuna Asgaon,Anjuna,36,7.6,61
209,March,Moyrah By Greenpark,Anjuna,74,10.0,3
210,March,The Verda De Miranda Resort,Morjim,48,0.0,0
211,March,Resort Rio,Arpora,127,8.2,262
212,March,Timber Tide Beach Cottages By Green Concept,Candolim,52,9.8,5
213,March,Goa Marriott Resort & Spa,Panaji,161,9.0,426
214,March,La Oasis by Meraden,Mazal Waddo,37,6.6,26
215,March,Fairfield by Marriott Goa Anjuna,Anjuna,56,8.2,138
216,March,W Goa,Chapora,218,8.2,101
217,March,The Westin Goa,Anjuna,144,8.8,66
218,March,Neelam's The Grand Hotel Goa,Calangute,53,7.2,71
219,March,Imperial Goa,Ella,106,10.0,2
220,March,Marina Bay Beach Resort,Gauravaddo,30,7.8,65
221,March,JW Marriott Goa,Chapora,195,9.8,20
222,March,HUE GUH The Porto Candolim,Pilerne Industrial Estates,41,9.2,21
223,March,Saraya Art Cafe B&B,Pilerne,24,8.0,19
224,March,Hilton Goa Resort Candolim,Saipem,132,8.0,42
225,March,"Le Méridien Goa, Calangute",Gauravaddo,92,8.8,241
226,March,Hotel Kia inn- Anjuna,Mazal Waddo,30,0.0,0
227,March,The International Centre Goa,Dona Paula,43,7.2,12
228,March,Avataara Resort & Spa,Vagator,110,9.0,2
229,March,Whispering Palms Beach Resort,Candolim,91,7.6,45
230,March,Cavala Seaside Resort,Baga,44,8.8,35
231,March,Meraden Opus,Anjuna,32,6.0,52
232,March,Foxoso LA Beach Resort,Morjim,88,0.0,0
233,March,Nazri Resort,Baga,72,7.2,64
234,March,Habitus Resort,Morjim,42,9.2,44
235,March,Lar Amorosa- Portuguese Stay in Goa,Sangolda,58,10.0,5
236,March,Aqua Vista,Morjim,15,0.0,0
237,March,Passions de Goa,Anjuna,31,7.8,9
238,March,Magnum Resorts- Near Candolim Beach,Candolim,37,6.0,5
239,March,Sonnet - A boutique hotel by Lotus leaf Hotels,Vagator,34,8.6,8
240,March,Koko Maya By Stone Wood,Morjim,40,0.0,0
241,March,Siolim House,Siolim,95,7.8,29
242,March,Veda5 Wellness Retreat & Spa,Arambol,87,10.0,1
243,March,You are the key Viila,Anjuna,25,8.0,5
244,March,VAGATOR DOWNTOWN,Vagator,52,6.0,1
245,March,Serenity by the Sea Beach Resort,Candolim,34,7.4,15
246,March,Aldeia Santa Rita,Sinquerim,48,7.0,17
247,March,ibis Styles Goa Calangute Hotel,Calangute,52,8.2,188
248,March,The Baga Beach Resort,Baga,98,7.6,39
249,March,Casablanca,Candolim,37,6.8,57
250,March,Resort De Coracao-Calangute,Calangute,58,8.0,51
251,March,Jacks Resort,Vagator,48,9.0,8
252,March,Colonia Santa Maria,Baga,82,7.4,66
253,March,"Le Méridien Goa, Calangute",Gauravaddo,92,8.8,241
254,March,Mateus Boutique Hotel,Fontainhas,87,7.4,17
255,March,DoubleTree by Hilton Hotel Goa - Arpora - Baga,Arpora,78,7.0,148
256,March,Holiday Inn Goa Candolim by IHG,Sinquerim,75,8.6,46
257,March,"Bedzzz Xclusiv Morjim, Goa By Leisure Hotels",Morjim,52,10.0,6
258,March,Veronica Guest House,Calangute,23,7.8,120
259,March,The Postcard Velha,Ella,261,10.0,2
260,March,Echor Samara Morjim Goa Sea View Restro,Morjim,56,9.8,11
261,March,La Gracia Resort,Morjim,33,6.0,2
262,March,Meritas Auberge Calangute Goa,Calangute,51,9.4,3
263,March,JP Resort,Arambol,26,7.0,89
264,March,Aqua Marina Beach Cottages,Gauravaddo,38,6.8,10
265,March,Aaria Hills,Arambol,57,8.0,2
266,March,Fairfield by Marriott Goa Calangute,Gauravaddo,66,8.4,100
267,March,Park Regis Goa,Arpora,84,6.6,23
268,March,Bambolim Beach Resort,Siridao,70,5.6,16
269,March,Fort Tiracol Heritage Hotel,Tiracol,110,9.6,5
270,March,YU Hotel Candolim,Candolim,84,8.0,3
271,March,Bloom Hotel – Calangute,Calangute,39,8.4,25
272,March,Skon Morjim Beach Resort by Orion Hotels,Morjim,33,7.4,3
273,March,shradha luxury room,Gauravaddo,33,10.0,1
274,March,Monarch suites,Candolim,24,4.8,4
275,March,Grand Vatika Resort,Arambol,44,8.0,6
276,March,PRESA di GOA,Nagoa,49,8.6,54
277,March,Fahrenheit Hotel,Calangute,77,8.8,39
278,March,Anahata Retreat Sea Front Resort,Ashvem,132,8.2,23
279,March,Red Thread Calangute,Calangute,45,8.4,142
280,March,Lotus & Orchid Villas by Ramnath Homes,Pilerne,176,10.0,2
281,March,VITS Shanti Solitaire Arpora,Arpora,42,6.8,31
282,March,Poonam Village Resort,Anjuna,14,6.4,25
283,March,juSTa  Morjim Beach Resort and Spa,Morjim,96,7.0,4
284,March,Lillas White house,Baga,36,0.0,0
285,March,Jolene's Ashvem,Ashvem,19,8.6,37
286,March,The Upper House By Skazka Resorts,Morjim,24,8.0,1
287,March,Minimalist Panjim,Panaji,39,0.0,0
288,March,COCO GOA VILLA BY SAVANI ENTERPRISE,Arpora,20,0.0,0
289,March,La Vaiencia Beach Resort,Morjim,44,6.0,1
290,March,Bay15,Dona Paula,92,7.6,8
291,March,Hotel Calangute Central,Calangute,39,7.6,5
292,March,Olive Zip Calangute Mira by Embassy Group,Calangute,23,7.4,3
293,March,Park Prime Goa,Panaji,46,6.0,24
294,March,Laguna Anjuna,Mazal Waddo,32,7.8,66
295,March,Casa Obrigado Beach Cottages Goa,Morjim,32,6.6,4
296,March,White Tree Resort,Arambol,26,10.0,1
297,March,"Mandrem Beach Resort, a member of Radisson Individuals Retreat",Mandrem,140,0.0,0
298,March,De Baga Deck Comforts,Calangute,35,9.0,10
299,March,Leoney Resort,Vagator,47,7.6,121
300,March,BluO Amani Vagator - Boutique Hotel Goa,Vagator,47,7.0,2
301,March,"The Fern Residency Calangute-Baga, Goa",Calangute,49,8.0,5
302,March,Hotel Viva Baga,Baga,24,7.0,7
303,March,Little India Beach Cottages,Calangute,43,8.2,29
304,March,Olive Hotel Calangute Niwasa by Embassy Group,Calangute,25,8.0,1
305,March,"FabHotel Royal Mirage With Pool & GYM, Candolim Beach",Candolim,36,7.4,3
306,March,The Ocean Park Resort,Gauravaddo,45,10.0,1
307,March,The Fern Residency Miramar,Caranzalem,42,8.4,38
308,March,"Treebo Premium Dona Eliza, 700 metres from Calangute Beach",Calangute,27,8.0,3
309,March,RENTON MANOR BY JOY STAYS,"Sleeps 3, 1 bathroom",17,0.0,0
310,March,Palmarinha De Goa unit of GKP Real Estat,Calangute,61,0.0,0
311,March,Janet & Johns Beach Resort Since 1989,Anjuna,97,0.0,0
312,March,Bob Beach Hotel,Calangute,16,10.0,1
313,March,Summerville Beach Resort,Sinquerim,43,4.6,23
314,March,Royale Amata By the Beach,Morjim,42,0.0,0
315,March,Aurum Resorts,Morjim,56,7.8,62
316,March,Casa Almeida Guest House,Candolim,41,6.0,9
317,March,iNDO Homtel,Saligao,24,8.0,50
318,March,Santa Monica Resorte,Calangute,26,8.0,3
319,March,Sea Pearl Guest house,Candolim,25,8.0,2
320,March,La Cabana Beach and Spa,Ashvem,112,7.6,27
321,March,"Fabhotel Prime Swarnam, Old Goa",Ella,23,7.0,2
322,March,Verandah Goa,Anjuna,35,8.2,37
323,March,Regenta Central Imperial Candolim Goa,Candolim,49,4.8,8
324,March,Evoke Lifestyle Candolim,Candolim,67,4.0,1
325,March,Sukhmantra Resort,Candolim,55,5.6,17
326,March,Hotel Campal,Panaji,30,6.0,17
327,March,Hotel 7 Sea's Vagator,Vagator,34,8.0,2
328,March,Coco Teros Resort,Mandrem,35,8.0,1
329,March,Titanic Boutique Hotel,Arpora,47,0.0,0
330,March,Fabhotel Prime Amazonika Boutique Resort,Arpora,23,7.2,65
331,March,Papilio Beach Front Cottages,Baga,30,8.2,50
332,March,Jingle Tree Resort,Arambol,25,0.0,0
333,March,Hotel All Seasons Beach Calangute Goa,Gauravaddo,34,0.0,0
334,March,The Inner Temple,Moira,92,0.0,0
335,March,Fabhotel Baga Tulip,Baga,25,0.0,0
336,March,Renest Calangute Goa,Calangute,40,6.0,1
337,March,Palmorama Retreat Home,Mandrem,80,0.0,0
338,March,The Baga Village,Baga,18,6.8,282
339,March,Baga Fantacia Beach Inn,Baga,32,4.6,4
340,March,"Locomo Boutique, Morjim - Stay Work Eat",Morjim,30,8.8,84
341,March,Casa De Goa Boutique Resort,Calangute,65,8.4,131
342,March,Vilmaris Luxury Hotel in Calangute,Gauravaddo,39,0.0,0
343,March,Radha House Siolim,Kudal,58,0.0,0
344,March,Fabexpress After Shore,Baga,21,0.0,0
345,March,See Ya Heritage Stays,Anjuna,6,10.0,1
346,March,Seré Resort Goa,Vagator,355,10.0,1
347,March,Etereo Stays Luxury Apartments in Arpora,Arpora,49,10.0,4
348,March,Boshan Hotels,Mapusa,42,6.8,3
349,March,The Mint Resort by WS & GoG,Calangute,37,0.0,0
350,March,Rainbow Resort Bar and Restaurant,Morjim,17,0.0,0
351,March,"Hotel Bom Sucesso, Candolim Beach",Candolim,30,6.6,4
352,March,Khushi Resort Pernem,Mandrem,21,0.0,0
353,March,Resort Terra Paraiso,Calangute,67,8.0,105
354,March,Hotel God's Gift,Morjim,99,7.8,91
355,March,Kahaani by The Human Happiness Project,Vagator,25,0.0,0
356,March,The Eden Inn By The Saga Stays,Mazal Waddo,52,9.4,3
357,March,Grandeur De Sanchi,Gauravaddo,61,6.8,9
358,March,FabHotel Jingle Tree Resort Nr Arambol Beach,Arambol,28,0.0,0
359,March,"AM Hotel Kollection:Ivy, Morjim",Morjim,38,6.4,6
360,March,Thomas Ashwem x One Light Stays,Ashvem,16,9.0,3
361,March,Royale Exotica,Calangute,80,5.8,9
362,March,"amã Stays and Trails , Cardozo House",Entire home,575,10.0,2
363,March,Villa AlexMarie guest house,Candolim,22,9.4,14
364,March,"FabHotel Casa Dos Reis, Candolim Beach",Candolim,20,7.8,10
365,March,Fabexpress Horizon Hideaway Anjuna,Anjuna,15,3.0,3
366,March,Villa Theresa Beach Resort,Calangute,32,6.0,8
367,March,Brij Paraiso,Saligao,177,10.0,1
368,March,Casa Colvale,Chikhli,370,8.6,10
369,March,The Park Calangute Goa,Calangute,111,6.8,56
370,March,Villa Venus - 2BR w Pvt Pool 9 min From Vagator,Entire home,197,0.0,0
371,March,Casa Comfort,Vagator,132,0.0,0
372,March,Hotel Plaza Inn by Rio,Calangute,32,7.2,521
373,March,Fabhotel Sai Swastik Nr. Candolim Beach,Nerul,21,8.0,1
374,March,Hotel Lua Nova,Baga,53,6.0,12
375,March,Sea Breeze Beach Resort Candolim,Candolim,33,4.8,5
376,March,Itsy Hotels De Classio,Nerul,17,6.0,2
377,March,Casa Amore Baia,Mandrem,238,0.0,0
378,March,Nazri Hotel,Arambol,49,0.0,0
379,March,Villa Rodriguez,Arambol,115,0.0,0
380,March,La Vaiencia Luxury Apartments,Entire apartment,83,0.0,0
381,March,Seascape Floating Paradise,Parcem,172,0.0,0
382,March,Fabhotel Anna Waddo,Candolim,51,0.0,0
383,March,House of Brothers,Arambol,48,8.8,95
384,March,JAS HOLIDAYS MORJIM,Morjim,14,0.0,0
385,March,Ashvem Evaddo,Ashvem,18,10.0,5
386,March,Valentines Retreat- Near Candolim Beach,Candolim,38,6.0,7
387,March,Swizel Nook Stay,Calangute,24,6.0,1
388,March,Viva Guest House,Panaji,14,5.4,17
389,March,"amã Stays & Trails, Braganza House - Goa",Entire home,575,9.0,2
390,March,FabHotel Kris Resort Calangute Beach,Calangute,25,0.0,0
391,March,Papa Jolly Eco Resort - Near Morjim Beach,Morjim,145,4.0,1
392,March,Villa by Olive - Nerul,Nerul,211,9.6,2
393,March,Abode Bungalow 05,Vagator,109,0.0,0
394,March,Casa Britona,Britona,414,10.0,1
395,March,"amã Stays & Trails Villa No 1, Goa",Entire home,368,10.0,2
396,March,El Arbol by Hireavilla-2br w Rooftop Pool in Nerul,Entire apartment,93,0.0,0
397,March,Maple Leaf Residency Homes Calangute,Calangute,68,0.0,0
398,March,Sea Breeze Beach,Calangute,28,4.8,3
399,March,Hotel Southgate Goa,Calangute,55,0.0,0
400,March,Ancora Beach Resort,Baga,16,4.6,27
401,March,Jolene's Mandrem,Mandrem,29,8.6,15
402,March,La Perla Resort By Circle Hotels&Resort,Morjim,20,4.0,1
403,March,"amã Stays & Trails Villa Siolim, Goa",Entire home,891,0.0,0
404,March,Sharanam Green Resort,Gauravaddo,37,6.2,56
405,March,acanoa,Calangute,48,0.0,0
406,March,The Terra Hotel,Arpora,77,6.0,1
407,March,JW Heritage,Anjuna,36,7.2,12
408,March,Echor Reis Magos Villa Goa,Reis Magos,581,0.0,0
409,March,2 luxry bedroom @anjuna,Anjuna,60,0.0,0
410,March,Rosastays Panjim Goa,Entire home,460,0.0,0
411,March,Bells Beach Resort Goa,Calangute,57,5.6,4
412,March,Small Daddy Plus,Calangute,25,8.4,124
413,March,Inaari - 5BR w Private Pool 5km to Anjuna Beach,Entire home,500,0.0,0
414,March,3 luxurious room @vagator sunburn beach,Parcem,70,0.0,0
415,March,Aastha Escape Resort,Calangute,58,5.6,27
416,March,Fabhotel Raj Resort,Calangute,19,7.6,106
417,April,DoubleTree by Hilton Goa-Panaji,Chimbel,98,0.0,90
418,April,"Taj Cidade de Goa Horizon, Goa",Dona Paula,176,0.0,179
419,April,The Westin Goa,Anjuna,144,0.0,66
420,April,Ginger Dona Paula,Dona Paula,47,7.6,44
421,April,"Taj Cidade de Goa Horizon, Goa",Dona Paula,176,9.4,179
422,April,DoubleTree by Hilton Goa-Panaji,Chimbel,98,8.8,90
423,April,"Vivanta Goa, Panaji",Panaji,92,9.4,407
424,April,Novotel GOA Panjim,Panaji,99,8.0,3
425,April,"Vivanta Goa, Panaji",Panaji,92,9.4,407
426,April,White Wharf Beach Resort Morjim Goa,Morjim,74,0.0,0
427,April,"Taj Cidade de Goa Heritage, Goa",Vainguinim,145,8.6,209
428,April,Taj Holiday Village Resort & Spa,Sinquerim,112,8.6,251
429,April,"Taj Cidade de Goa Heritage, Goa",Vainguinim,145,8.6,209
430,April,Beach Street Resort,Mandrem,34,8.4,17
431,April,"Nanu Resort & Spa, Arambol",Arambol,55,9.6,16
432,April,Hyatt Place Candolim GOA,Candolim,64,9.4,46
433,April,Holiday Inn Goa Candolim by IHG,Sinquerim,79,8.6,46
434,April,"Vivanta Goa, Miramar",Miramar,92,9.2,47
435,April,Zone Connect by The Park Parra Goa,Parra,55,0.0,0
436,April,Fairfield by Marriott Goa Anjuna,Anjuna,60,8.2,138
437,April,Resorte Marinha Dourada,Arpora,43,7.6,49
438,April,"Lemon Tree Amarante Beach Resort, Goa",Candolim,61,8.4,198
439,April,Woodpegger By The Beach,Mandrem,39,8.6,13
440,April,Stone Wood Resort,Mandrem,38,8.8,10
441,April,The Crown Goa,Panaji,73,8.0,130
442,April,Goa Marriott Resort & Spa,Panaji,161,9.0,426
443,April,JW Marriott Goa,Chapora,195,9.8,20
444,April,De Mandarin goa,Candolim,55,8.6,7
445,April,W Goa,Chapora,241,8.2,101
446,April,"Vivanta Goa, Miramar",Miramar,92,9.2,47
447,April,JW Marriott Goa,Chapora,195,9.8,20
448,April,Regenta Central North Goa,Nagoa,58,10.0,1
449,April,The Westin Goa,Anjuna,144,8.8,66
450,April,DoubleTree by Hilton Hotel Goa - Arpora - Baga,Arpora,86,7.0,148
451,April,Novotel Goa Candolim Hotel,Candolim,83,8.0,330
452,April,HUE GUH The Porto Candolim,Pilerne Industrial Estates,52,9.2,21
453,April,Hilton Goa Resort Candolim,Saipem,161,8.0,42
454,April,The Park Baga River Goa,Arpora,149,8.8,22
455,April,Casa Albuquerque,Vagator,43,7.0,2
456,April,Hotel Kia inn- Anjuna,Mazal Waddo,59,0.0,0
457,April,Half Hotel,Gauravaddo,22,9.0,6
458,April,Ibis Styles Goa Vagator,Chapora,63,8.4,5
459,April,Veda5 Wellness Retreat & Spa,Arambol,77,10.0,1
460,April,The Postcard Velha,Ella,261,10.0,2
461,April,Aaria Hills,Arambol,46,8.0,2
462,April,Serenity by the Sea Beach Resort,Candolim,27,7.4,15
463,April,Resort Lagoa Azul,Arpora,34,7.6,44
464,April,Aldeia Santa Rita,Sinquerim,50,7.0,17
465,April,Novotel GOA Panjim,Panaji,99,8.0,3
466,April,W Goa,Chapora,241,8.2,101
467,April,Siolim House,Siolim,94,7.8,29
468,April,Sonnet - A boutique hotel by Lotus leaf Hotels,Vagator,26,8.6,8
469,April,The Grand Leoney Resort,Chapora,28,8.4,16
470,April,Morjim Sunset Hotel,Morjim,19,9.0,2
471,April,Riva Boutique Apartments,Pilerne,40,7.6,11
472,April,Grand Vatika Resort,Arambol,41,8.0,6
473,April,Lar Amorosa- Portuguese Stay in Goa,Sangolda,32,10.0,5
474,April,Fairfield by Marriott Goa Anjuna,Anjuna,60,8.2,138
475,April,Hilton Goa Resort Candolim,Saipem,161,8.0,42
476,April,Monarch suites,Candolim,24,4.8,4
477,April,Seré Resort Goa,Vagator,359,10.0,1
478,April,Goa Crescent Resort - A Hilltop Seaview Escape,Morjim,61,0.0,0
479,April,Amoravida By 7 Apple Resorts,Pernem,266,7.2,5
480,April,Sohum Spiritual Resort,Arambol,40,0.0,0
481,April,Coco Teros Resort,Mandrem,35,8.0,1
482,April,La Cabana Beach and Spa,Ashvem,112,7.6,27
483,April,The Fern Residency Miramar,Caranzalem,47,8.4,38
484,April,La Vaiencia Beach Resort,Morjim,44,6.0,1
485,April,"Aalia Villas Anjuna, Goa by Aalia Collection",Anjuna,476,10.0,13
486,April,Elara by Hireavilla - 4BR w Infinity Pool Parra,Entire home,428,0.0,0
487,April,Casa Almeida Guest House,Candolim,17,6.0,9
488,April,Nazri Hotel,Arambol,60,0.0,0
489,April,Fairfield by Marriott Goa Calangute,Gauravaddo,66,8.4,100
490,April,Fabhotel Prime 4D'S Coast Resort,Vagator,150,0.0,0
491,April,Psygroover Rococco,Mandrem,103,0.0,0
492,April,"Le Méridien Goa, Calangute",Gauravaddo,98,8.8,241
493,April,House of Brothers,Arambol,48,8.8,95
494,April,Sairaj Beach Resort,Calangute,58,10.0,1
495,April,De Baga Deck Comforts,Calangute,31,9.0,10
496,April,Hotel Calangute Central,Calangute,46,7.6,5
497,April,Palmarinha De Goa unit of GKP Real Estat,Calangute,52,0.0,0
498,April,Sol Banyan by Hireavilla - 1BR w Pool in Candolim,Entire apartment,67,0.0,0
499,April,Adamo The Bellus Calangute,Calangute,57,7.6,38
500,April,Lillywoods NV beach Resort,Calangute,46,5.8,19
501,April,Elegant Studio In Assagaon,Entire apartment,33,7.6,2
502,April,Casa De Arambol,Arambol,88,6.0,1
503,April,Luna by Hireavilla - 2BR w Private Pool in Anjuna,Entire home,194,0.0,0
504,April,Irene Altezza by Hireavilla -2br w Pool in Pilerne,Entire apartment,77,0.0,0
505,April,"Le Méridien Goa, Calangute",Gauravaddo,98,8.8,241
506,April,DoubleTree by Hilton Hotel Goa - Arpora - Baga,Arpora,86,7.0,148
507,April,Bob Beach Hotel,Calangute,16,10.0,1
508,April,"Hotel Bom Sucesso, Candolim Beach",Candolim,19,6.6,4
509,April,Boshan Hotels,Mapusa,43,6.8,3
510,April,Santa Monica Resorte,Calangute,25,8.0,3
511,April,Renzo's Inn,Gauravaddo,23,8.6,37
512,April,Candolim Beach Place,Candolim,63,9.0,14
513,April,SinQ Beach Resort,Calangute,35,7.6,24
514,April,Neelams The Glitz,Calangute,88,7.8,27
515,April,Summerville Beach Resort,Sinquerim,41,4.6,23
516,April,Spicy Bella Resort,Gauravaddo,30,6.0,1
517,May,DoubleTree by Hilton Goa-Panaji,Chimbel,108,0.0,90
518,May,"Taj Cidade de Goa Horizon, Goa",Dona Paula,171,0.0,179
519,May,"Vivanta Goa, Panaji",Panaji,103,0.0,407
520,May,"Taj Cidade de Goa Horizon, Goa",Dona Paula,171,9.4,179
521,May,DoubleTree by Hilton Goa-Panaji,Chimbel,108,8.8,90
522,May,"Vivanta Goa, Panaji",Panaji,103,9.4,407
523,May,Novotel GOA Panjim,Panaji,113,8.0,3
524,May,"Fortune Miramar, Goa - Member ITC Hotels' Group",Panaji,88,7.2,22
525,May,The Westin Goa,Anjuna,155,8.8,66
526,May,Titanic Boutique Hotel,Arpora,47,0.0,0
527,May,The Crown Goa,Panaji,78,8.0,130
528,May,"Taj Cidade de Goa Heritage, Goa",Vainguinim,155,8.6,209
529,May,"Taj Cidade de Goa Heritage, Goa",Vainguinim,155,8.6,209
530,May,"Taj Fort Aguada Resort & Spa, Goa",Aguada Fort Area,221,9.0,398
531,May,"Vivanta Goa, Miramar",Miramar,80,9.2,47
532,May,"Lemon Tree Amarante Beach Resort, Goa",Candolim,61,8.4,198
533,May,Holiday Inn Goa Candolim by IHG,Sinquerim,98,8.6,46
534,May,Fairfield by Marriott Goa Anjuna,Anjuna,66,8.2,138
535,May,Hyatt Place Candolim GOA,Candolim,94,9.4,46
536,May,W Goa,Chapora,218,8.2,101
537,May,Goa Marriott Resort & Spa,Panaji,172,9.0,426
538,May,JW Marriott Goa,Chapora,207,9.8,20
539,May,Hilton Goa Resort Candolim,Saipem,161,8.0,42
540,May,HUE GUH The Porto Candolim,Pilerne Industrial Estates,52,9.2,21
541,May,Novotel Goa Resort & Spa Hotel,Candolim,105,8.2,165
542,May,The Westin Goa,Anjuna,155,8.8,66
543,May,DoubleTree by Hilton Hotel Goa - Arpora - Baga,Arpora,88,7.0,148
544,May,Treebo Green Park,Guirim,30,10.0,2
545,May,Colonia Santa Maria,Baga,58,7.4,66
546,May,"Vivanta Goa, Miramar",Miramar,80,9.2,47
547,May,JW Marriott Goa,Chapora,207,9.8,20
548,May,Taj Holiday Village Resort & Spa,Sinquerim,288,8.6,251
549,May,Ibis Styles Goa Vagator,Chapora,60,8.4,5
550,May,Siolim House,Siolim,83,7.8,29
551,May,Fort Tiracol Heritage Hotel,Tiracol,124,9.6,5
552,May,Marina Bay Beach Resort,Gauravaddo,23,7.8,65
553,May,The Bodhi Tree Resort,Morjim,17,10.0,7
554,May,Magnum Resorts- Near Candolim Beach,Candolim,49,6.0,5
555,May,Resort Primo Bom Terra Verde,Baga,27,7.0,36
556,May,Hotel 7 Sea's Vagator,Vagator,42,8.0,2
557,May,Artham Guesthouse,Morjim,16,0.0,0
558,May,SinQ Edge,Dona Paula,35,6.0,3
559,May,Celeb Da Luna,Chopdem,31,0.0,0
560,May,Leoney Resort,Vagator,47,7.6,121
561,May,Shree Rajeshwari Resort,Morjim,38,8.0,1
562,May,Aqua Marina Beach Cottages,Gauravaddo,72,6.8,10
563,May,La Vaiencia Beach Resort,Morjim,45,6.0,1
564,May,Fairfield by Marriott Goa Calangute,Gauravaddo,64,8.4,100
565,May,Novotel GOA Panjim,Panaji,113,8.0,3
566,May,W Goa,Chapora,218,8.2,101
567,May,"Le Méridien Goa, Calangute",Gauravaddo,121,8.8,241
568,May,Mi Kasa by Hireavilla - 3BR w Pvt Pool in Assagao,Entire home,530,0.0,0
569,May,Olive Hotel Calangute Niwasa by Embassy Group,Calangute,28,8.0,1
570,May,Sol Banyan by Hireavilla - 1BR w Pool in Candolim,Entire apartment,67,0.0,0
571,May,Ashvem Evaddo,Ashvem,11,10.0,5
572,May,ibis Styles Goa Calangute Hotel,Calangute,55,8.2,188
573,May,Fabhotel Anna Waddo,Candolim,50,0.0,0
574,May,Fairfield by Marriott Goa Anjuna,Anjuna,66,8.2,138
575,May,Hilton Goa Resort Candolim,Saipem,161,8.0,42
576,May,Elegant Studio In Assagaon,Entire apartment,33,7.6,2
577,May,The Ocean Park Resort,Gauravaddo,37,10.0,1
578,May,La Vida Studio Inn Baga - Goa By Lords Hotels & Resorts,Arpora,30,6.8,3
579,May,Vrihi A-Frame Villa: Aranya AC 2-Bed Wi-Fi Mandrem Beach,Mandrem,89,0.0,0
580,May,BloomSuites - Calangute,Calangute,121,7.8,27
581,May,VISTA Montanha  GOA,Dongorpur,103,0.0,0
582,May,Casa Almeida Guest House,Candolim,7,6.0,9
583,May,Paradise Village Beach Resort,Calangute,43,6.4,112
584,May,De Baga Deck Comforts,Calangute,25,9.0,10
585,May,Olive Zip Calangute Mira by Embassy Group,Calangute,26,7.4,3
586,May,Hotel Celi,Calangute,16,8.0,3
587,May,Alcove Resort,Vagator,48,5.6,4
588,May,SinQ Beach Resort,Calangute,41,7.6,24
589,May,Renest Calangute Goa,Calangute,35,6.0,1
590,May,Grandeur De Sanchi,Gauravaddo,54,6.8,9
591,May,La Vie Woods,Calangute,77,8.4,10
592,May,Neelam the Glitz,Calangute,62,0.0,0
593,May,Ancora Beach Resort,Baga,14,4.6,27
594,May,The Park Calangute Goa,Calangute,106,6.8,56
595,May,Ticlo Resort,Calangute,37,6.0,11
596,May,Fabhotel Raj Resort,Calangute,43,7.6,106
597,May,Small Daddy Plus,Calangute,24,8.4,124
598,May,FabExpress Alor holiday Resort,Calangute,18,6.0,1
599,May,Vrihi Boutique Resort: Nirja: Open-air Hot Tub: Luxury A-Frame: Mandrem Beach,Mandrem,89,0.0,0
600,May,Vrihi Scenic Villa: Aabha a Boutique Resort near Mandrem Beach,Mandrem,89,0.0,0
601,May,Vrihi : Utpala - Panoramic Farm Villa Boutique Resort Mandrem Beach,Mandrem,89,0.0,0
602,May,Albenjoh Guesthouse,Calangute,13,6.2,10
603,May,Hiline Hotels and Resorts,Calangute,25,3.4,3
604,May,"Le Méridien Goa, Calangute",Gauravaddo,121,8.8,241
605,May,DoubleTree by Hilton Hotel Goa - Arpora - Baga,Arpora,88,7.0,148
606,June,DoubleTree by Hilton Goa-Panaji,Chimbel,109,0.0,90
607,June,"Taj Cidade de Goa Horizon, Goa",Dona Paula,171,0.0,179
608,June,The Westin Goa,Anjuna,144,0.0,66
609,June,"Taj Cidade de Goa Horizon, Goa",Dona Paula,171,9.4,179
610,June,DoubleTree by Hilton Goa-Panaji,Chimbel,109,8.8,90
611,June,The Fern Kadamba Hotel and Spa,Old Goa,103,8.0,7
612,June,"Vivanta Goa, Panaji",Panaji,103,9.4,407
613,June,"Taj Fort Aguada Resort & Spa, Goa",Aguada Fort Area,181,9.0,398
614,June,"Vivanta Goa, Panaji",Panaji,103,9.4,407
615,June,Artham Guesthouse,Morjim,13,0.0,0
616,June,Novotel GOA Panjim,Panaji,113,8.0,3
617,June,Resorte Marinha Dourada,Arpora,29,7.6,49
618,June,"Taj Cidade de Goa Heritage, Goa",Vainguinim,155,8.6,209
619,June,"Vivanta Goa, Miramar",Miramar,98,9.2,47
620,June,"Taj Cidade de Goa Heritage, Goa",Vainguinim,155,8.6,209
621,June,W Goa,Chapora,195,8.2,101
622,June,Holiday Inn Goa Candolim by IHG,Sinquerim,98,8.6,46
623,June,Fairfield by Marriott Goa Anjuna,Anjuna,64,8.2,138
624,June,Hyatt Place Candolim GOA,Candolim,79,9.4,46
625,June,Whispering Palms Beach Resort,Candolim,80,7.6,45
626,June,Swim Sea Beach Resort,Miramar,31,9.0,2
627,June,Goa Marriott Resort & Spa,Panaji,154,9.0,426
628,June,Hyatt Centric Candolim Goa,Gauravaddo,102,8.6,284
629,June,Stone Wood Resort,Mandrem,60,8.8,10
630,June,Moyrah By Greenpark,Anjuna,87,10.0,3
631,June,Indie Stays Goa,Candolim,29,7.4,3
632,June,JW Marriott Goa,Chapora,184,9.8,20
633,June,The Westin Goa,Anjuna,144,8.8,66
634,June,DoubleTree by Hilton Hotel Goa - Arpora - Baga,Arpora,87,7.0,148
635,June,"Vivanta Goa, Miramar",Miramar,98,9.2,47
636,June,JW Marriott Goa,Chapora,184,9.8,20
637,June,Novotel Goa Resort & Spa Hotel,Candolim,107,8.2,165
638,June,Habitus Resort,Morjim,57,9.2,44
639,June,Hilton Goa Resort Candolim,Saipem,163,8.0,42
640,June,Yellow House,Vagator,14,7.8,88
641,June,Aaria Hills,Arambol,47,8.0,2
642,June,Monarch suites,Candolim,37,4.8,4
643,June,Casa Anjuna,Anjuna,88,7.6,8
644,June,Villa Donna,La Citadel Colony,56,9.2,7
645,June,Resort Primo Bom Terra Verde,Baga,27,7.0,36
646,June,Grand Vatika Resort,Arambol,41,8.0,6
647,June,La Cabana Beach and Spa,Ashvem,106,7.6,27
648,June,Seré Resort Goa,Vagator,359,10.0,1
649,June,Avataara Resort & Spa,Vagator,222,9.0,2
650,June,Hotel Viva Baga,Baga,19,7.0,7
651,June,The Upper House By Skazka Resorts,Morjim,66,8.0,1
652,June,Radha House Siolim,Kudal,58,0.0,0
653,June,Itsy Hotels De Classio,Nerul,56,6.0,2
654,June,Novotel GOA Panjim,Panaji,113,8.0,3
655,June,W Goa,Chapora,195,8.2,101
656,June,Fabexpress Horizon Hideaway Anjuna,Anjuna,66,3.0,3
657,June,Veronica Guest House,Calangute,18,7.8,120
658,June,Fabhotel Sai Swastik Nr. Candolim Beach,Nerul,97,8.0,1
659,June,Casa Almeida Guest House,Candolim,15,6.0,9
660,June,Casa Obrigado Beach Cottages Goa,Morjim,23,6.6,4
661,June,Just B Boutique Hotel,Entire home,310,8.4,3
662,June,Fairfield by Marriott Goa Calangute,Gauravaddo,79,8.4,100
663,June,Fairfield by Marriott Goa Anjuna,Anjuna,64,8.2,138
664,June,Hilton Goa Resort Candolim,Saipem,163,8.0,42
665,June,Sol Banyan by Hireavilla - 1BR w Pool in Candolim,Entire apartment,67,0.0,0
666,June,"Le Méridien Goa, Calangute",Gauravaddo,132,8.8,241
667,June,Elegant Studio In Assagaon,Entire apartment,33,7.6,2
668,June,Palmarinha De Goa unit of GKP Real Estat,Calangute,44,0.0,0
669,June,Echor Reis Magos Villa Goa,Reis Magos,714,0.0,0
670,June,Casa De Arambol,Arambol,88,6.0,1
671,June,Per Avel Beach Holiday Home,Sinquerim,14,5.4,19
672,June,Hotel Celi,Calangute,16,8.0,3
673,June,"Treebo Premium Dona Eliza, 700 metres from Calangute Beach",Calangute,87,8.0,3
674,June,Summerville Beach Resort,Sinquerim,29,4.6,23
675,June,Motel La Grandeur,Karaswada,16,4.0,2
676,June,Calangute Beach Stay,Calangute,26,0.0,0
677,June,Orabella Villas & Suites,Calangute,56,7.0,6
678,June,Renest Calangute Goa,Calangute,37,6.0,1
679,June,Casa Sumanjo,Calangute,12,0.0,0
680,June,Ondas Do Mar Beach Resort Phase 1,Gauravaddo,20,5.8,8
681,June,Raya Resorts,Vagator,54,2.0,1
682,June,"Le Méridien Goa, Calangute",Gauravaddo,132,8.8,241
683,June,DoubleTree by Hilton Hotel Goa - Arpora - Baga,Arpora,87,7.0,148
684,July,DoubleTree by Hilton Goa-Panaji,Chimbel,109,0.0,90
685,July,"Taj Cidade de Goa Horizon, Goa",Dona Paula,171,0.0,179
686,July,"Vivanta Goa, Panaji",Panaji,109,0.0,407
687,July,"Taj Cidade de Goa Horizon, Goa",Dona Paula,171,9.4,179
688,July,DoubleTree by Hilton Goa-Panaji,Chimbel,109,8.8,90
689,July,"Vivanta Goa, Miramar",Miramar,80,9.2,47
690,July,Fairfield by Marriott Goa Anjuna,Anjuna,65,8.2,138
691,July,Novotel GOA Panjim,Panaji,107,8.0,3
692,July,The Westin Goa,Anjuna,213,8.8,66
693,July,Goa Crescent Resort - A Hilltop Seaview Escape,Morjim,68,0.0,0
694,July,"Vivanta Goa, Panaji",Panaji,109,9.4,407
695,July,W Goa,Chapora,195,8.2,101
696,July,"Taj Cidade de Goa Heritage, Goa",Vainguinim,155,8.6,209
697,July,Holiday Inn Goa Candolim by IHG,Sinquerim,103,8.6,46
698,July,"Taj Cidade de Goa Heritage, Goa",Vainguinim,155,8.6,209
699,July,Goa Marriott Resort & Spa,Panaji,149,9.0,426
700,July,Hyatt Centric Candolim Goa,Gauravaddo,95,8.6,284
701,July,Hyatt Place Candolim GOA,Candolim,84,9.4,46
702,July,Indie Stays Goa,Candolim,29,7.4,3
703,July,DoubleTree by Hilton Hotel Goa - Arpora - Baga,Arpora,86,7.0,148
704,July,The Grand Leoney Resort,Chapora,26,8.4,16
705,July,Hilton Goa Resort Candolim,Saipem,162,8.0,42
706,July,JW Marriott Goa,Chapora,184,9.8,20
707,July,Fairfield by Marriott Goa Calangute,Gauravaddo,79,8.4,100
708,July,The Westin Goa,Anjuna,213,8.8,66
709,July,VITS Shanti Solitaire Arpora,Arpora,45,6.8,31
710,July,"Le Méridien Goa, Calangute",Gauravaddo,144,8.8,241
711,July,Artham Guesthouse,Morjim,11,0.0,0
712,July,Elegant Studio In Assagaon,Entire apartment,33,7.6,2
713,July,"Vivanta Goa, Miramar",Miramar,80,9.2,47
714,July,JW Marriott Goa,Chapora,184,9.8,20
715,July,Novotel GOA Panjim,Panaji,107,8.0,3
716,July,W Goa,Chapora,195,8.2,101
717,July,Fairfield by Marriott Goa Anjuna,Anjuna,65,8.2,138
718,July,Hilton Goa Resort Candolim,Saipem,162,8.0,42
719,July,"Le Méridien Goa, Calangute",Gauravaddo,144,8.8,241
720,July,DoubleTree by Hilton Hotel Goa - Arpora - Baga,Arpora,86,7.0,148
721,February,The St. Regis Goa Resort,Cavelossim,333,0.0,564
722,February,Heritage Village Resort & Spa Goa,Arossim,148,0.0,173
723,February,Fairfield by Marriott Goa Benaulim,Benaulim,101,0.0,146
724,February,Planet Hollywood Goa Beach Resort,Uttorda,83,8.0,98
725,February,"Relax Holiday Home,Margao Railway Station",Margao,23,9.0,4
726,February,TreeHouse Nova,Arossim,48,8.0,12
727,February,Bogmallo Beach Resort,Bogmolo,93,7.2,126
728,February,Ginger Goa Madgaon,Margao,31,7.6,22
729,February,Courtyard By Marriott Goa Colva,Fatona,132,10.0,26
730,February,The Nine Beach Resort Patnem Goa,Palolem,58,9.4,19
731,February,Azaya Beach Resort,Benaulim,186,7.8,81
732,February,VEGA - A boutique hotel by Lotus Leaf Hotels,Mulgao,36,9.0,2
733,February,"Taj Exotica Resort & Spa, Goa",Benaulim,272,9.6,324
734,February,Courtyard By Marriott Goa Colva,Fatona,132,10.0,26
735,February,The Rose Goa Beach Resort,Agonda,149,8.0,1
736,February,Sea Queen Beach Resort and Spa,Fatona,92,8.0,13
737,February,La-Paz Gardens Beacon Hotel - Vasco da Gama Goa,Vasco da Gama,36,7.6,53
738,February,Novotel Goa Dona Sylvia Resort,Cavelossim,121,8.6,144
739,February,Kenilworth Resort & Spa,Uttorda,128,8.2,169
740,February,"The Fern Kesarval Hotel & Spa Verna Plateau, Goa",Verna,39,7.0,4
741,February,Fairfield by Marriott Goa Benaulim,Benaulim,101,9.2,146
742,February,Apricus Inn Riverside,Cavelossim,29,0.0,0
743,February,Holiday Inn Resort Goa by IHG,Cavelossim,107,8.6,201
744,February,Jasminn Hotel - AM Hotel Kollection,Fatona,68,8.2,48
745,February,The HQ,Vasco da Gama,43,7.6,56
746,February,Heritage Village Resort & Spa Goa,Arossim,148,8.6,173
747,February,"Taj Exotica Resort & Spa, Goa",Benaulim,272,9.6,324
748,February,The St. Regis Goa Resort,Cavelossim,333,9.6,564
749,February,Viva Hotel,Margao,30,8.2,11
750,February,Dudhsagar Plantation,Cormonem,80,10.0,8
751,February,Krishna Seacoin Hotel,Colva,32,7.2,6
752,February,Mariaariose - Melody Of The Sea,Bogmolo,29,7.0,63
753,February,TGF Dream Guest House,Majorda,25,9.0,4
754,February,The Queeny,Consua,26,6.2,55
755,February,"The Zuri White Sands, Goa Resort & Casino",Orlim,230,8.2,321
756,February,The LaLiT Golf & Spa Resort Goa,Palolem,152,7.8,207
757,February,New Common Home,Agonda,62,8.6,382
758,February,Rio De Grande,Agonda,63,0.0,0
759,February,Lykke Suites A Unit by Goan Felicidade,Fatona,38,0.0,0
760,February,Feather Touch Hotels and Resorts Palolem,Palolem,47,7.4,6
761,February,Mansao Curtorim- CGH Earth SAHA,Curtorim,119,9.6,2
762,February,Palolem Luxurious Cottages,Palolem,52,6.6,121
763,February,Cozy Cabana - The Perfect Getaway,Entire apartment,25,0.0,0
764,February,Casa Ruya-Fuego,Entire apartment,35,0.0,0
765,February,Om Shanti Residence,Palolem,56,9.2,17
766,February,Colva pearl Single bedroom apt,Entire apartment,36,0.0,0
767,February,Sobit Sarovar Portico Goa,Palolem,110,9.4,64
768,February,Colours fly Hotel,Fatona,22,0.0,0
769,February,Ramsons Resort,Agonda,52,10.0,2
770,February,The Flora Grand,Vasco da Gama,53,6.8,16
771,February,Goan Bliss,Varca,49,0.0,0
772,February,shepherds 2 bhk apartment,Entire apartment,48,0.0,0
773,February,Patnem Palolem Beach Park Appt,Palolem,39,8.6,19
774,February,Nemmin Apt Uno - Budget Stay - Insta @little.yellow.house1943,Entire apartment,32,0.0,0
775,February,"Charming building in delightful Dabolim with WiFi, AC",Entire home,16,0.0,0
776,February,Devasthali - The Valley of Gods,Bogmolo,32,6.8,146
777,February,Colva Comfort- 5 minutes to the beach,Entire apartment,52,0.0,0
778,February,margaritas residency,Benaulim,17,8.6,22
779,February,GLEN RESIDENCY,Chinchinim,35,0.0,0
780,February,1 BHK Sunrise & Seaside Solitude,Entire apartment,26,9.6,25
781,February,Comfortable 2 BHK with pool Betalbatim beach,Entire apartment,47,0.0,0
782,February,Sand Tent Beach House,Palolem,39,10.0,2
783,February,Serene Room on Rent,Entire apartment,12,0.0,0
784,February,Vega Suites with Private Indoor Pool,Entire home,172,0.0,0
785,February,Serene 1 bed apartment at Beseco bed and breakfast,Entire apartment,60,9.8,18
786,February,Cuba Agonda,Agonda,80,8.0,37
787,February,Cozy Agonda by Epictea R and H,Agonda,35,0.0,0
788,February,Tranquil Stay Canacona,Entire apartment,26,0.0,0
789,February,"The Honeymooners Houstel ,193 year old Heritage House",Entire condo,63,0.0,0
790,February,Comfortable 2 BHK with pool Betalbatim Beach,Entire apartment,65,0.0,0
791,February,Cupids Heaven Resort,Agonda,19,6.0,3
792,February,Moonlight Resorts Agonda,Agonda,20,0.0,0
793,February,Krishna Beach Resort and Spa,Fatona,57,5.6,5
794,February,Godwill Kimo Guest House,Fatona,7,7.6,203
795,February,Kings Villa Resort,Palolem,27,6.4,6
796,February,Secret Garden - Premium Hut #1,Entire home,74,0.0,0
797,February,10 min from GOI airport! Family sized apartment w/deck. Pool. Sauna. Wi-Fi.,Entire apartment,80,0.0,0
798,February,Secret Garden - Premium Hut #2,Entire home,74,0.0,0
799,February,Quaint Goan Villa With Compounded Garden Space,Entire home,200,0.0,0
800,February,"Charming 3-bedroom villa with WiFi, AC in marvelous Colva",Entire home,132,0.0,0
801,February,Azaya 7BHK-Villa with Private Pool,Entire home,1499,0.0,0
802,February,Casa Ruya-Viento,Entire apartment,40,0.0,0
803,February,Casa Ruya-Amaya,Entire apartment,35,0.0,0
804,February,Coconut Grove Beach Resort,Fatona,64,3.4,3
805,February,Imperial Goa,Unknown,105,10.0,2
806,February,"Fabhotel Prime Swarnam, Old Goa",Unknown,23,7.0,2
807,February,"Taj Cidade de Goa Heritage, Goa",Unknown,195,8.6,209
808,February,Ginger Dona Paula,Unknown,59,7.6,44
809,February,"Taj Cidade de Goa Horizon, Goa",Unknown,156,9.4,179
810,February,Chances Resort and Casino An Indy Resort,Unknown,87,6.0,7
811,February,DoubleTree by Hilton Goa-Panaji,Unknown,92,8.8,90
812,February,Hotel Shell Top,Unknown,22,5.4,5
813,February,"Vivanta Goa, Miramar",Unknown,109,9.2,47
814,February,Varanda Do Mar,Unknown,49,8.4,70
815,February,Novotel GOA Panjim,Panaji,104,8.0,3
816,February,Fabhotel Comfort Stays,Panaji,17,2.0,2
817,February,Hotel Gopika International,Panaji,26,8.6,7
818,February,Minimalist Panjim,Panaji,44,0.0,0
819,February,Goa Marriott Resort & Spa,Panaji,172,9.0,426
820,February,"Vivanta Goa, Panaji",Panaji,103,9.4,407
821,February,The Crown Goa,Panaji,68,8.0,130
822,February,Echor Reis Magos Villa Goa,Unknown,596,0.0,0
823,February,Fabhotel Sai Swastik Nr. Candolim Beach,Unknown,27,8.0,1
824,February,Le Magnifique,Unknown,38,8.4,8
825,February,Villa by Olive - Nerul,Unknown,156,9.6,2
826,February,Itsy Hotels De Classio,Unknown,17,6.0,2
827,February,Hotel Devdeep,Unknown,44,10.0,1
828,February,HUE GUH The Porto Candolim,Unknown,45,9.2,21
829,February,"Taj Fort Aguada Resort & Spa, Goa",Unknown,152,9.0,398
830,February,Grand Mercure Goa Candolim,Unknown,73,7.4,3
831,February,Holiday Inn Goa Candolim by IHG,Unknown,80,8.6,46
832,February,Hilton Goa Resort Candolim,Unknown,138,8.0,42
833,February,Lotus & Orchid Villas by Ramnath Homes,Unknown,190,10.0,2
834,February,"amã Stays and Trails , Cardozo House",Entire home,575,10.0,2
835,February,"O Hotel Goa, Candolim Beach",Unknown,72,7.6,80
836,February,Whispering Palms Beach Resort,Unknown,72,7.6,45
837,February,Serenity by the Sea Beach Resort,Unknown,34,7.4,15
838,February,The Acacia Hotel & Spa Goa,Unknown,86,8.0,96
839,February,"amã Stays & Trails Villa No 1, Goa",Entire home,345,10.0,2
840,February,Hyatt Place Candolim GOA,Unknown,65,9.4,46
841,February,Fabexpress Springs,Unknown,78,0.0,0
842,February,Casa De Katson,Unknown,72,0.0,0
843,February,Lemon Tree Hotel Candolim Goa,Unknown,48,7.0,20
844,February,Candolim Aloft,Unknown,16,8.2,43
845,February,Holiday Beach Resort,Unknown,31,8.2,5
846,February,Timber Tide Beach Cottages By Green Concept,Unknown,52,9.8,5
847,February,iNDO Homtel,Unknown,24,8.0,50
848,February,Brij Paraiso,Unknown,177,10.0,1
849,February,Daksh Elite Candolim Goa,Unknown,26,9.4,5
850,February,YU Hotel Candolim,Unknown,87,8.0,3
851,February,Fabhotel Anna Waddo,Unknown,47,0.0,0
852,February,Half Hotel,Unknown,24,9.0,6
853,February,Fairfield by Marriott Goa Calangute,Unknown,59,8.4,100
854,February,Renzo's Inn,Unknown,22,8.6,37
855,February,HOTEL THE GOLDEN SANDS,Unknown,37,7.6,10
856,February,Summit Calangute Resort & Spa,Unknown,59,8.2,20
857,February,So My Resort,Unknown,67,6.6,7
858,February,BloomSuites - Calangute,Unknown,55,7.8,27
859,February,Neelams The Glitz,Unknown,46,7.8,27
860,February,Sairaj Beach Resort,Unknown,55,10.0,1
861,February,Andores Resort And Spa,Unknown,205,9.0,36
862,February,Zone Connect by The Park Goa Calangute,Unknown,58,8.4,87
863,February,Swizel Nook Stay,Unknown,15,6.0,1
864,February,tio carmino resort,Unknown,29,0.0,0
865,February,Calangute Tower- AM Hotel Kollection,Unknown,36,7.2,12
866,February,Fabhotel Raj Resort,Unknown,22,7.6,106
867,February,Calangute Grande,Unknown,40,7.6,159
868,February,FabHotel Kris Resort Calangute Beach,Unknown,25,0.0,0
869,February,Palmarinha De Goa unit of GKP Real Estat,Unknown,69,0.0,0
870,February,Hard Rock Hotel Goa Calangute,Unknown,70,8.0,191
871,February,Small Daddy Plus,Unknown,24,8.4,124
872,February,acanoa,Unknown,29,0.0,0
873,February,Treebo Green Park,Unknown,23,10.0,2
874,February,Ramada by Wyndham Goa Arpora,Unknown,69,10.0,1
875,February,"The Fern Residency Calangute-Baga, Goa",Unknown,50,8.0,5
876,February,Lillas White house,Unknown,36,0.0,0
877,February,Fabhotel Prime Amazonika Boutique Resort,Unknown,23,7.2,65
878,February,Hotel Quinta Da Branca,Unknown,48,9.0,7
879,February,VITS Shanti Solitaire Arpora,Unknown,42,6.8,31
880,February,Star Moon Villa,Unknown,69,0.0,0
881,February,Resort Lagoa Azul,Unknown,44,7.6,44
882,February,Sun City Resort,Unknown,37,6.0,27
883,February,Olive Hotel Alidia Beach Resort by Embassy Group,Unknown,32,8.0,1
884,February,Fabhotel Baga Tulip,Unknown,25,0.0,0
885,February,Fabexpress After Shore,Unknown,19,0.0,0
886,February,Resort Rio,Unknown,115,8.2,262
887,February,Cavala Seaside Resort,Unknown,43,8.8,35
888,February,Resorte Marinha Dourada,Unknown,51,7.6,49
889,February,ROSHNI - THE LUXURY GUEST HOUSE,Unknown,25,6.8,3
890,February,Riverside Regency Resort,Unknown,39,5.8,30
891,February,RIVER DECK BAGA,Unknown,59,0.0,0
892,February,Origin Boutique Hotel,Unknown,45,10.0,1
893,February,"Lazy Lagoon, Baga A Lemon Tree Resort",Unknown,49,7.0,25
894,February,Acron Waterfront Resort,Unknown,66,9.2,87
895,February,Titanic Boutique Hotel,Unknown,41,0.0,0
896,February,Park Regis Goa,Unknown,68,6.6,23
897,February,Fairfield by Marriott Goa Anjuna,Unknown,59,8.2,138
898,February,"Justa Casa Frangipani Assagao, Goa",Unknown,63,8.4,18
899,February,See Ya Heritage Stays,Unknown,6,10.0,1
900,February,The Tamarind Hotel Anjuna Asgaon,Unknown,53,7.6,61
901,February,Janet & Johns Beach Resort Since 1989,Unknown,97,0.0,0
902,February,Seclude Eco Cottages,Unknown,30,9.0,8
903,February,Moyrah By Greenpark,Unknown,74,10.0,3
904,February,Avataara Resort & Spa,Unknown,115,9.0,2
905,February,Jacks Resort,Unknown,48,9.0,8
906,February,JW Marriott Goa,Unknown,213,9.8,20
907,February,Sashas Holiday Village,Unknown,60,7.8,10
908,February,Cozy Stayz,Unknown,172,0.0,0
909,February,Siolim House,Unknown,95,7.8,29
910,February,Vibes Hotel,Unknown,37,0.0,0
911,February,Casa Vagator,Unknown,80,7.0,22
912,February,Casa Colvale,Unknown,378,8.6,10
913,February,The Bodhi Tree Resort,Unknown,17,10.0,7
914,February,Celeb Da Luna,Unknown,25,0.0,0
915,February,La Perla Resort By Circle Hotels&Resort,Unknown,20,4.0,1
916,February,Rainbow Resort Bar and Restaurant,Unknown,17,0.0,0
917,February,Shree Rajeshwari Resort,Unknown,39,8.0,1
918,February,The Verda De Miranda Resort,Unknown,59,0.0,0
919,February,Larisa Beach Resort,Unknown,146,10.0,2
920,February,Artham Guesthouse,Unknown,22,0.0,0
921,February,juSTa  Morjim Beach Resort and Spa,Unknown,109,7.0,4
922,February,Royale Amata By the Beach,Unknown,42,0.0,0
923,February,The Acacia Morjim,Unknown,58,6.0,12
924,February,Hotel God's Gift,Unknown,100,7.8,91
925,February,White woods Resort & Spa,Unknown,48,8.4,14
926,February,"Locomo Boutique, Morjim - Stay Work Eat",Unknown,35,8.8,84
927,February,Aqua Vista,Unknown,15,0.0,0
928,February,Thomas Ashwem x One Light Stays,Unknown,16,9.0,3
929,February,Tvessa A Boutique Hotel Goa,Unknown,48,0.0,0
930,February,Stone Wood Resort,Unknown,50,8.8,10
931,February,Coco Teros Resort,Unknown,35,8.0,1
932,February,Mandrem Retreat Beach Resort,Unknown,6,10.0,1
933,February,Sterling Karwar,Karwar,41,7.4,11
934,February,Beach Street Resort,Unknown,34,8.4,17
935,February,Jolene's Mandrem,Unknown,29,8.6,15
936,February,Khushi Resort Pernem,Unknown,14,0.0,0
937,February,JP Resort,Unknown,24,7.0,89
938,February,Sohum Spiritual Resort,Unknown,63,0.0,0
939,February,Hotel Eden,Karwar,40,10.0,2
940,February,Ashoka jungle river resort,Unknown,58,0.0,0
941,February,Whistling Woodzs Resort,Joida,135,7.4,3
942,February,Red Earth Gokarna,Unknown,80,9.0,4
943,February,The Acanti Gokarna,Unknown,7,2.0,1
944,February,R K Beach Cottage,Unknown,40,6.6,4
945,February,Monsoon Beach Front Hut:104,Entire home,0,0.0,0
946,March,The St. Regis Goa Resort,Cavelossim,374,0.0,564
947,March,Heritage Village Resort & Spa Goa,Arossim,135,0.0,173
948,March,Fairfield by Marriott Goa Benaulim,Benaulim,112,0.0,146
949,March,Martin's Comfort,Betalbatim,33,8.2,40
950,March,"Relax Holiday Home,Margao Railway Station",Margao,27,9.0,4
951,March,Silva Heritage Resort Goa,Cana,90,10.0,1
952,March,Ginger Goa Madgaon,Margao,34,7.6,22
953,March,VEGA - A boutique hotel by Lotus Leaf Hotels,Mulgao,36,9.0,2
954,March,Courtyard By Marriott Goa Colva,Fatona,115,10.0,26
955,March,Mistral by the Sea,Benaulim,83,0.0,0
956,March,Courtyard By Marriott Goa Colva,Fatona,115,10.0,26
957,March,Bogmallo Beach Resort,Bogmolo,88,7.2,126
958,March,"Taj Exotica Resort & Spa, Goa",Benaulim,310,9.6,324
959,March,The Diwa Club by Alila Diwa Goa - A Hyatt Brand,Majorda,172,9.6,44
960,March,Sterling Goa Varca,Fatrade,78,8.6,106
961,March,Elements by Rosetta - Varca Goa,Fatrade,90,0.0,0
962,March,Sea Queen Beach Resort and Spa,Fatona,76,8.0,13
963,March,Beleza By The Beach,Fatona,107,8.6,339
964,March,"ITC Grand Goa, a Luxury Collection Resort & Spa, Goa",Arossim,207,8.6,181
965,March,Azaya Beach Resort,Benaulim,186,7.8,81
966,March,"The Fern Kesarval Hotel & Spa Verna Plateau, Goa",Verna,40,7.0,4
967,March,Goa Woodlands Hotel,Margao,39,8.6,4
968,March,The Rose Goa Beach Resort,Agonda,109,8.0,1
969,March,Novotel Goa Dona Sylvia Resort,Cavelossim,122,8.6,144
970,March,Nanutel Margao,Pajifond,61,8.6,38
971,March,"Regenta Beach House Resort, Goa",Sernabatim,72,10.0,1
972,March,Salcete Beach Resort,Fatona,68,7.6,7
973,March,Holiday Inn Resort Goa by IHG,Cavelossim,113,8.6,201
974,March,Azalea By Stone Wood Carmona,Fatrade,45,6.0,1
975,March,Paloma De Goa Resort,Sernabatim,29,8.0,178
976,March,Carina Beach Resort,Benaulim,29,8.2,29
977,March,TreeHouse Blue Hotel & Serviced Apartments,Dongorim,43,8.2,49
978,March,Fairfield by Marriott Goa Benaulim,Benaulim,112,9.2,146
979,March,Ala Goa Resort,Fatona,36,7.4,15
980,March,Hotel Laxmi Empire,Margao,26,7.6,15
981,March,Nanu Beach Resort and Spa,Fatona,66,8.2,21
982,March,"Taj Exotica Resort & Spa, Goa",Benaulim,310,9.6,324
983,March,La Ben Resort,Fatona,22,8.4,17
984,March,Apricus Inn Riverside,Cavelossim,26,0.0,0
985,March,Radisson Blu Resort Goa Cavelossim Beach,Cavelossim,144,8.6,85
986,March,The HQ,Vasco da Gama,56,7.6,56
987,March,Heritage Village Resort & Spa Goa,Arossim,135,8.6,173
988,March,Alila Diwa Goa - A Hyatt Brand,Majorda,149,9.2,288
989,March,"Soul Vacation Resort and Spa, Colva",Fatona,89,7.8,121
990,March,Regenta Place Vasco Goa,Vasco da Gama,53,9.0,12
991,March,De Garland Palolem - AM Hotel Kollection,Canacona,52,8.0,2
992,March,The Orchid Passaros Goa,Benaulim,81,7.0,264
993,March,Krishna Seacoin Hotel,Colva,22,7.2,6
994,March,Viva Hotel,Margao,30,8.2,11
995,March,Seasons Hotels & Resorts,Margao,25,7.2,15
996,March,TGF Dream Guest House,Majorda,20,9.0,4
997,March,"The Zuri White Sands, Goa Resort & Casino",Orlim,190,8.2,321
998,March,The St. Regis Goa Resort,Cavelossim,374,9.6,564
999,March,Sea Breeze Sarovar Portico Varca Goa,Carmona,45,6.0,2
1000,March,Regenta Baywatch Resort Goa,Sernabatim,63,6.8,35
1001,March,Neemrana's Three Waters,Betul,110,8.0,1
1002,March,La-Paz Gardens Beacon Hotel - Vasco da Gama Goa,Vasco da Gama,54,7.6,53
1003,March,The Queeny,Consua,22,6.2,55
1004,March,Dersy Beach Resort,Agonda,31,0.0,0
1005,March,New Common Home,Agonda,64,8.6,382
1006,March,The Sequeira Guest House,Majorda,23,9.0,2
1007,March,Sobit Sarovar Portico Goa,Palolem,81,9.4,64
1008,March,Om Shanti Residence,Palolem,31,9.2,17
1009,March,The Postcard Cuelim,Velsao,275,10.0,1
1010,March,Rio De Grande,Agonda,57,0.0,0
1011,March,The Flora Grand,Vasco da Gama,51,6.8,16
1012,March,Devasthali - The Valley of Gods,Bogmolo,34,6.8,146
1013,March,Mansao Curtorim- CGH Earth SAHA,Curtorim,110,9.6,2
1014,March,Nasyas Beachside Cottages,Benaulim,50,6.0,1
1015,March,Ourem Palace Luxury Beach Huts,Palolem,56,7.4,168
1016,March,Colours fly Hotel,Fatona,22,0.0,0
1017,March,Sai Valentine's - Goa,Palolem,54,4.0,3
1018,March,Cozy Cabana - The Perfect Getaway,Entire apartment,31,0.0,0
1019,March,The LaLiT Golf & Spa Resort Goa,Palolem,143,7.8,207
1020,March,Goan Bliss,Varca,48,0.0,0
1021,March,Patnem Palolem Beach Park Appt,Palolem,35,8.6,19
1022,March,Om Shanti Patnem,Palolem,36,9.2,25
1023,March,All Seasons Guest House,Margao,5,8.0,5
1024,March,Colva pearl Single bedroom apt,Entire apartment,36,0.0,0
1025,March,Casa Ruya-Fuego,Entire apartment,35,0.0,0
1026,March,The Tubki Resort,Palolem,32,8.0,55
1027,March,"Country Inn Tarika, Goa, Varca Beach",Varca,75,5.4,8
1028,March,Tropical Bay,Palolem,30,6.0,2
1029,March,Eve Resort,Palolem,37,8.0,1
1030,March,shepherds 2 bhk apartment,Entire apartment,48,0.0,0
1031,March,Treebo Grand Royale Eco Residency,Benaulim,172,0.0,0
1032,March,"Amã Stays & Trails Lamp House, Goa",Uttorda,862,0.0,0
1033,March,margaritas residency,Benaulim,16,8.6,22
1034,March,The Postcard Hideaway Netravali Goa,Neturlim,304,8.0,1
1035,March,Niraamaya Private Residences Benaulim,Benaulim,550,5.0,1
1036,March,Colva Comfort- 5 minutes to the beach,Entire apartment,52,0.0,0
1037,March,1 BHK Near Varca Beach,Entire apartment,30,0.0,0
1038,March,Sand Tent Beach House,Palolem,29,10.0,2
1039,March,Sand Tent Beach Resort Patnem,Palolem,47,0.0,0
1040,March,Green Leaf Resort,Palolem,86,0.0,0
1041,March,Krishna Beach Resort and Spa,Fatona,35,5.6,5
1042,March,GLEN RESIDENCY,Chinchinim,30,0.0,0
1043,March,Nemmin Apt Uno - Budget Stay - Insta @little.yellow.house1943,Entire apartment,32,0.0,0
1044,March,Lovely double room with a balcony,Entire apartment,36,0.0,0
1045,March,Vega Suites with Private Indoor Pool,Entire home,172,0.0,0
1046,March,Casanova by the Sea,Palolem,7,6.0,1
1047,March,Comfortable 2 BHK with pool Betalbatim beach,Entire apartment,47,0.0,0
1048,March,'Casa Sossegado'- Apartment within 0.62 miles from Varca beach,Entire apartment,51,10.0,7
1049,March,Serene 1 bed apartment at Beseco bed and breakfast,Entire apartment,60,9.8,18
1050,March,Cozy Agonda by Epictea R and H,Agonda,31,0.0,0
1051,March,Tranquil Stay Canacona,Entire apartment,26,0.0,0
1052,March,Cupids Heaven Resort,Agonda,14,6.0,3
1053,March,Charming bungalow with AC and WiFi in beautiful Dabolim,Entire home,16,0.0,0
1054,March,Comfortable 2 BHK with pool Betalbatim Beach,Entire apartment,65,0.0,0
1055,March,"The Honeymooners Houstel ,193 year old Heritage House",Entire condo,63,0.0,0
1056,March,Sapana Meadows by Nanu Resorts,Fatona,50,0.0,0
1057,March,Serene Room on Rent,Entire apartment,12,0.0,0
1058,March,B R Cottages,Entire home,34,10.0,1
1059,March,"1 bhk apt in Marcel, near Old Goa, Panjim in Goa, India includes amenities.",Entire home,25,0.0,0
1060,March,Luxury Beach villa Absolut,Entire home,1035,0.0,0
1061,March,Secret Garden,Entire apartment,55,0.0,0
1062,March,Portuguese Era Goan Home • Swimming Pool • Insta: @little.yellow.house1943,Entire home,60,10.0,3
1063,March,Atmani Waterfront Resort,Agonda,40,9.0,11
1064,March,The Earthen Nest,Canacona,62,0.0,0
1065,March,An Independent Sunset villa in South Goa !,Entire home,185,0.0,0
1066,March,Secret Garden - Premium Hut #4,Entire home,74,0.0,0
1067,March,10 min from GOI airport! Family sized apartment w/deck. Pool. Sauna. Wi-Fi.,Entire apartment,80,0.0,0
1068,March,"Charming 3-bedroom villa with WiFi, AC in marvelous Colva",Entire home,132,0.0,0
1069,March,Secret Garden - Premium Hut #1,Entire home,74,0.0,0
1070,March,Godwill Kimo Guest House,Fatona,7,7.6,203
1071,March,TreeHouse Blue Hotel & Villas,Fatona,138,6.0,2
1072,March,Swamighar : A Goan Farmhouse in Nature's Haven,Ponda,70,10.0,3
1073,March,Quaint Goan Villa With Compounded Garden Space,Entire home,200,0.0,0
1074,March,Jeet Hostel and Rooms Palolem Goa,Palolem,7,0.0,0
1075,March,Azaya 7BHK-Villa with Private Pool,Entire home,1499,0.0,0
1076,March,Olive Beach House,Canacona,41,4.0,1
1077,March,colva pearl 1bhk apt 2,Entire apartment,36,0.0,0
1078,March,Royal Agonda,Agonda,86,6.0,1
1079,March,BRAND NEW VILLA LARGE POOL 5 STAR AMENITIES WALKING DISTANCE TO  BEAUTIFUL BEACH,Entire home,300,10.0,28
1080,March,Casa Ruya-Viento,Entire apartment,40,0.0,0
1081,March,Casa ruya-Tierra,Entire apartment,40,0.0,0
1082,March,Casa Ruya-Amaya,Entire apartment,35,0.0,0
1083,March,Monsoon Beach Front Hut:104,Entire home,130,0.0,0
1084,March,"Charming building in delightful Dabolim with WiFi, AC",Entire home,16,0.0,0
1085,March,Secret Garden - Premium Hut #2,Entire home,74,0.0,0
1086,March,Secret Garden - Premium Hut #3,Entire home,74,0.0,0
1087,March,Coconut Grove Beach Resort,Fatona,55,3.4,3
1088,March,Comfort Inn Elite Goa,Carambolim,42,8.0,2
1089,March,Imperial Goa,Unknown,106,10.0,2
1090,March,"Fabhotel Prime Swarnam, Old Goa",Unknown,23,7.0,2
1091,March,The International Centre Goa,Unknown,43,7.2,12
1092,March,Sandalwood Hotel & Retreat,Unknown,56,7.6,78
1093,March,Ginger Dona Paula,Unknown,45,7.6,44
1094,March,DoubleTree by Hilton Goa-Panaji,Unknown,93,8.8,90
1095,March,The Hawaii Comforts,Unknown,20,8.6,130
1096,March,The Fern Residency Miramar,Unknown,42,8.4,38
1097,March,Hotel Vemara,Panaji,54,7.0,21
1098,March,Varanda Do Mar,Unknown,54,8.4,70
1099,March,Fabhotel Comfort Stays,Panaji,17,2.0,2
1100,March,Hotel Gopika International,Panaji,26,8.6,7
1101,March,Minimalist Panjim,Panaji,39,0.0,0
1102,March,Goa Marriott Resort & Spa,Panaji,161,9.0,426
1103,March,The Crown Goa,Panaji,81,8.0,130
1104,March,Surya Kiran Heritage Hotel,Panaji,71,10.0,2
1105,March,Echor Reis Magos Villa Goa,Unknown,581,0.0,0
1106,March,Casa Britona,Unknown,414,10.0,1
1107,March,Rio Boutique,Unknown,39,7.6,4
1108,March,Fabhotel Sai Swastik Nr. Candolim Beach,Unknown,21,8.0,1
1109,March,Le Magnifique,Unknown,35,8.4,8
1110,March,Villa by Olive - Nerul,Unknown,211,9.6,2
1111,March,Itsy Hotels De Classio,Unknown,17,6.0,2
1112,March,Hotel Devdeep,Unknown,43,10.0,1
1113,March,Saraya Art Cafe B&B,Unknown,24,8.0,19
1114,March,HUE GUH The Porto Candolim,Unknown,41,9.2,21
1115,March,"Taj Fort Aguada Resort & Spa, Goa",Unknown,166,9.0,398
1116,March,Taj Holiday Village Resort & Spa,Unknown,210,8.6,251
1117,March,Holiday Inn Goa Candolim by IHG,Unknown,75,8.6,46
1118,March,"amã Stays and Trails , Cardozo House",Entire home,575,10.0,2
1119,March,"Fortune Select Candolim, Goa - Member ITC Hotels' Group",Unknown,92,9.6,5
1120,March,"O Hotel Goa, Candolim Beach",Unknown,76,7.6,80
1121,March,Radisson Goa Candolim,Unknown,93,7.2,50
1122,March,Whispering Palms Beach Resort,Unknown,91,7.6,45
1123,March,De Mandarin goa,Unknown,55,8.6,7
1124,March,"amã Stays & Trails Villa No 1, Goa",Entire home,368,10.0,2
1125,March,Hyatt Place Candolim GOA,Unknown,63,9.4,46
1126,March,Magnum Resorts- Near Candolim Beach,Unknown,37,6.0,5
1127,March,Fabexpress Springs,Unknown,200,0.0,0
1128,March,Casa De Katson,Unknown,72,0.0,0
1129,March,"amã Stays & Trails, Braganza House - Goa",Entire home,575,9.0,2
1130,March,Park Inn by Radisson Goa Candolim,Unknown,93,7.2,177
1131,March,De Mandarin Beach Resort Suites & Villas,Unknown,57,9.2,32
1132,March,Lemon Tree Hotel Candolim Goa,Unknown,49,7.0,20
1133,March,Candolim Aloft,Unknown,20,8.2,43
1134,March,Villa AlexMarie guest house,Unknown,22,9.4,14
1135,March,"FabHotel Casa Dos Reis, Candolim Beach",Unknown,20,7.8,10
1136,March,Ginger Goa Candolim,Unknown,43,10.0,1
1137,March,Timber Tide Beach Cottages By Green Concept,Unknown,52,9.8,5
1138,March,iNDO Homtel,Unknown,24,8.0,50
1139,March,Brij Paraiso,Unknown,177,10.0,1
1140,March,YU Hotel Candolim,Unknown,84,8.0,3
1141,March,Fabhotel Anna Waddo,Unknown,51,0.0,0
1142,March,Marina Bay Beach Resort,Unknown,30,7.8,65
1143,March,Hyatt Centric Candolim Goa,Unknown,82,8.6,284
1144,March,Vilmaris Luxury Hotel in Calangute,Unknown,39,0.0,0
1145,March,Renzo's Inn,Unknown,23,8.6,37
1146,March,The Ocean Park Resort,Unknown,45,10.0,1
1147,March,So My Resort,Unknown,62,6.6,7
1148,March,Bob Beach Hotel,Unknown,16,10.0,1
1149,March,VISTA Montanha  GOA,Unknown,48,0.0,0
1150,March,BloomSuites - Calangute,Unknown,55,7.8,27
1151,March,Neelam's The Grand Hotel Goa,Unknown,53,7.2,71
1152,March,Neelams The Glitz,Unknown,49,7.8,27
1153,March,Casa De Goa Boutique Resort,Unknown,65,8.4,131
1154,March,Swizel Nook Stay,Unknown,24,6.0,1
1155,March,Calangute Tower- AM Hotel Kollection,Unknown,43,7.2,12
1156,March,Veronica Guest House,Unknown,23,7.8,120
1157,March,The Mint Resort by WS & GoG,Unknown,37,0.0,0
1158,March,Calangute Grande,Unknown,36,7.6,159
1159,March,PRESA di GOA,Unknown,49,8.6,54
1160,March,FabHotel Kris Resort Calangute Beach,Unknown,25,0.0,0
1161,March,Palmarinha De Goa unit of GKP Real Estat,Unknown,61,0.0,0
1162,March,Hard Rock Hotel Goa Calangute,Unknown,67,8.0,191
1163,March,Citadines Arpora Nagoa Goa,Unknown,63,10.0,2
1164,March,Regenta Central North Goa,Unknown,53,10.0,1
1165,March,Bloom Hotel – Calangute,Unknown,39,8.4,25
1166,March,Small Daddy Plus,Unknown,25,8.4,124
1167,March,Treebo Green Park,Unknown,23,10.0,2
1168,March,Storii By ITC Hotels Moira Riviera,Unknown,115,8.6,9
1169,March,Ramada by Wyndham Goa Arpora,Unknown,59,10.0,1
1170,March,"The Fern Residency Calangute-Baga, Goa",Unknown,49,8.0,5
1171,March,Zone Connect by The Park Parra Goa,Unknown,58,0.0,0
1172,March,Lillas White house,Unknown,36,0.0,0
1173,March,Fabhotel Prime Amazonika Boutique Resort,Unknown,23,7.2,65
1174,March,Hotel Viva Baga,Unknown,24,7.0,7
1175,March,Colonia Santa Maria,Unknown,82,7.4,66
1176,March,Hotel Quinta Da Branca,Unknown,43,9.0,7
1177,March,"Hyatt Ronil Goa, part of JdV by Hyatt",Unknown,75,9.2,35
1178,March,VITS Shanti Solitaire Arpora,Unknown,42,6.8,31
1179,March,THE GOA COURTYARD,Unknown,27,0.0,0
1180,March,Star Moon Villa,Unknown,62,0.0,0
1181,March,The Baga Beach Resort,Unknown,98,7.6,39
1182,March,Resort Lagoa Azul,Unknown,39,7.6,44
1183,March,Etereo Stays Luxury Apartments in Arpora,Unknown,49,10.0,4
1184,March,RENTON MANOR BY JOY STAYS,"Sleeps 3, 1 bathroom",17,0.0,0
1185,March,The Baga Village,Unknown,18,6.8,282
1186,March,Krish Holiday Inn,Unknown,32,0.0,0
1187,March,Fabhotel Baga Tulip,Unknown,25,0.0,0
1188,March,Fabexpress After Shore,Unknown,21,0.0,0
1189,March,Resort Rio,Unknown,127,8.2,262
1190,March,Nazri Resort,Unknown,72,7.2,64
1191,March,Cavala Seaside Resort,Unknown,44,8.8,35
1192,March,The Park Baga River Goa,Unknown,90,8.8,22
1193,March,Riverside Regency Resort,Unknown,35,5.8,30
1194,March,RIVER DECK BAGA,Unknown,53,0.0,0
1195,March,Radisson Resort Goa Baga,Unknown,90,7.0,10
1196,March,RIVER DECK BAGA,Unknown,53,0.0,0
1197,March,Radisson Resort Goa Baga,Unknown,90,7.0,10
1198,March,Acron Waterfront Resort,Unknown,52,9.2,87
1199,March,Titanic Boutique Hotel,Unknown,47,0.0,0
1200,March,Pride Sun Village Resort & Spa,Unknown,48,6.8,28
1201,March,Park Regis Goa,Unknown,84,6.6,23
1202,March,DoubleTree by Hilton Hotel Goa - Arpora - Baga,Unknown,78,7.0,148
1203,March,Assagao Residency,Unknown,47,0.0,0
1204,March,The Eden Inn By The Saga Stays,Unknown,52,9.4,3
1205,March,Meraden Opus,Unknown,32,6.0,52
1206,March,"Justa Casa Frangipani Assagao, Goa",Unknown,57,8.4,18
1207,March,HOLITEL ANJUNA GOA,Unknown,56,9.0,6
1208,March,See Ya Heritage Stays,Unknown,6,10.0,1
1209,March,Anamiva,Unknown,46,8.6,7
1210,March,Verandah Goa,Unknown,35,8.2,37
1211,March,Janet & Johns Beach Resort Since 1989,Unknown,97,0.0,0
1212,March,Granpa's Inn Hotel Bougainvillea,Unknown,37,9.0,13
1213,March,Laguna Anjuna,Unknown,32,7.8,66
1214,March,La Oasis by Meraden,Unknown,37,6.6,26
1215,March,Fabexpress Horizon Hideaway Anjuna,Unknown,15,3.0,3
1216,March,Grand Continent Anjuna A Sarovar Portico Affiliate Hotel,Unknown,40,10.0,1
1217,March,Moyrah By Greenpark,Unknown,74,10.0,3
1218,March,Poonam Village Resort,Unknown,14,6.4,25
1219,March,Sonnet - A boutique hotel by Lotus leaf Hotels,Unknown,34,8.6,8
1220,March,Abode Bungalow 05,Unknown,109,0.0,0
1221,March,Avataara Resort & Spa,Unknown,110,9.0,2
1222,March,The Westin Goa,Unknown,144,8.8,66
1223,March,Hotel 7 Sea's Vagator,Unknown,34,8.0,2
1224,March,VAGATOR DOWNTOWN,Unknown,52,6.0,1
1225,March,Jacks Resort,Unknown,48,9.0,8
1226,March,The Porto by Lagom,Unknown,31,7.6,137
1227,March,Jungle Boutique by sturmfrei Vagator,Unknown,23,0.0,0
1228,March,Cochichos Resort,Unknown,40,9.4,15
1229,March,Cozy Stayz,Unknown,155,0.0,0
1230,March,Siolim House,Unknown,95,7.8,29
1231,March,Villa Venus - 2BR w Pvt Pool 9 min From Vagator,Entire home,197,0.0,0
1232,March,Vibes Hotel,Unknown,33,0.0,0
1233,March,The Grand Leoney Resort,Unknown,33,8.4,16
1234,March,Radha House Siolim,Unknown,58,0.0,0
1235,March,Casa Vagator,Unknown,80,7.0,22
1236,March,W Goa,Unknown,218,8.2,101
1237,March,Casa Colvale,Unknown,370,8.6,10
1238,March,"amã Stays & Trails Villa Siolim, Goa",Entire home,891,0.0,0
1239,March,"Bedzzz Xclusiv Morjim, Goa By Leisure Hotels",Unknown,52,10.0,6
1240,March,Turtle Beach Resort - Morjim,Unknown,38,7.2,7
1241,March,Echor Samara Morjim Goa Sea View Restro,Unknown,56,9.8,11
1242,March,Celeb Da Luna,Unknown,23,0.0,0
1243,March,La Perla Resort By Circle Hotels&Resort,Unknown,20,4.0,1
1244,March,Rainbow Resort Bar and Restaurant,Unknown,17,0.0,0
1245,March,Skon Morjim Beach Resort by Orion Hotels,Unknown,33,7.4,3
1246,March,Azora by Ayatana Goa,Unknown,83,8.0,1
1247,March,Foxoso LA Beach Resort,Unknown,88,0.0,0
1248,March,The Verda De Miranda Resort,Unknown,48,0.0,0
1249,March,Seascape Floating Paradise,Unknown,172,0.0,0
1250,March,JAS HOLIDAYS MORJIM,Unknown,14,0.0,0
1251,March,Artham Guesthouse,Unknown,20,0.0,0
1252,March,White Wharf Beach Resort Morjim Goa,Unknown,92,0.0,0
1253,March,The Upper House By Skazka Resorts,Unknown,24,8.0,1
1254,March,Royale Amata By the Beach,Unknown,42,0.0,0
1255,March,Ariena By Spree Hotels Goa,Unknown,24,10.0,1
1256,March,The Acacia Morjim,Unknown,57,6.0,12
1257,March,Red Thread Morjim,Unknown,175,7.4,17
1258,March,Koko Maya By Stone Wood,Unknown,40,0.0,0
1259,March,Hotel God's Gift,Unknown,99,7.8,91
1260,March,La Gracia Resort,Unknown,33,6.0,2
1261,March,"Locomo Boutique, Morjim - Stay Work Eat",Unknown,30,8.8,84
1262,March,Aqua Vista,Unknown,15,0.0,0
1263,March,The Regalia Resort,Unknown,40,7.4,11
1264,March,Anahata Retreat Sea Front Resort,Unknown,132,8.2,23
1265,March,Habitus Resort,Unknown,42,9.2,44
1266,March,Thomas Ashwem x One Light Stays,Unknown,16,9.0,3
1267,March,Hibis Hotels and Resorts Ashvem,Unknown,43,0.0,0
1268,March,Camp Riveredge Paradise,Karwar,25,0.0,0
1269,March,Palmorama Retreat Home,Unknown,80,0.0,0
1270,March,La Cabana Beach and Spa,Unknown,112,7.6,27
1271,March,Casa Amore Baia,Unknown,238,0.0,0
1272,March,"Mandrem Beach Resort, a member of Radisson Individuals Retreat",Unknown,140,0.0,0
1273,March,Woodpegger By The Beach,Unknown,35,8.6,13
1274,March,Coco Teros Resort,Unknown,35,8.0,1
1275,March,The Blackbuck Ashwem,Unknown,13,0.0,0
1276,March,Mandrem Retreat Beach Resort,Unknown,5,10.0,1
1277,March,Sterling Karwar,Karwar,37,7.4,11
1278,March,Beach Street Resort,Unknown,34,8.4,17
1279,March,Jolene's Mandrem,Unknown,29,8.6,15
1280,March,Khushi Resort Pernem,Unknown,21,0.0,0
1281,March,JP Resort,Unknown,26,7.0,89
1282,March,Veda5 Wellness Retreat & Spa,Unknown,87,10.0,1
1283,March,Sohum Spiritual Resort,Unknown,40,0.0,0
1284,March,Hotel Eden,Karwar,40,10.0,2
1285,March,White Water Resort,Unknown,575,7.4,5
1286,March,Ashoka jungle river resort,Unknown,52,0.0,0
1287,March,Whistling Woodzs Resort,Joida,130,7.4,3
1288,March,Stone Wood Jungle Resort,Joida,52,9.0,2
1289,March,Red Earth Gokarna,Unknown,76,9.0,4
1290,March,The Acanti Gokarna,Unknown,6,2.0,1
1291,March,Livin Waves Beach stay and cafe,Unknown,31,0.0,0
1292,March,Gokarna Stay Raj kencha's,Unknown,12,6.4,6
1293,March,Sunset Cafe Beach Stay,Unknown,23,10.0,2
1294,April,The St. Regis Goa Resort,Cavelossim,310,0.0,564
1295,April,Heritage Village Resort & Spa Goa,Arossim,135,0.0,173
1296,April,"Taj Exotica Resort & Spa, Goa",Benaulim,201,0.0,324
1297,April,Courtyard By Marriott Goa Colva,Fatona,124,10.0,26
1298,April,Sterling Goa Varca,Fatrade,83,8.6,106
1299,April,"Taj Exotica Resort & Spa, Goa",Benaulim,201,9.6,324
1300,April,Beleza By The Beach,Fatona,80,8.6,339
1301,April,The Diwa Club by Alila Diwa Goa - A Hyatt Brand,Majorda,190,9.6,44
1302,April,Courtyard By Marriott Goa Colva,Fatona,124,10.0,26
1303,April,Rosastays South Goa,Cuncolim,78,8.2,36
1304,April,Elements by Rosetta - Varca Goa,Fatrade,105,0.0,0
1305,April,Nanutel Margao,Pajifond,51,8.6,38
1306,April,Fairfield by Marriott Goa Benaulim,Benaulim,84,9.2,146
1307,April,Heritage Village Resort & Spa Goa,Arossim,135,8.6,173
1308,April,Holiday Inn Resort Goa by IHG,Cavelossim,118,8.6,201
1309,April,Fairfield by Marriott Goa Benaulim,Benaulim,84,9.2,146
1310,April,The St. Regis Goa Resort,Cavelossim,310,9.6,564
1311,April,Alila Diwa Goa - A Hyatt Brand,Majorda,161,9.2,288
1312,April,Azaya Beach Resort,Benaulim,166,7.8,81
1313,April,Viva Hotel,Margao,30,8.2,11
1314,April,ORANGE SKY INN,Palolem,32,7.8,57
1315,April,Sobit Sarovar Portico Goa,Palolem,65,9.4,64
1316,April,New Common Home,Agonda,34,8.6,382
1317,April,Palolem Luxurious Cottages,Palolem,52,6.6,121
1318,April,La-Paz Gardens Beacon Hotel - Vasco da Gama Goa,Vasco da Gama,31,7.6,53
1319,April,Lykke Suites A Unit by Goan Felicidade,Fatona,38,0.0,0
1320,April,Simrose Resort South End of Agonda Beach,Agonda,61,8.4,9
1321,April,Ourem Palace Luxury Beach Huts,Palolem,56,7.4,168
1322,April,Raikar Guest House,Bogmolo,15,7.0,7
1323,April,Regenta Baywatch Resort Goa,Sernabatim,85,6.8,35
1324,April,Sai Valentine's - Goa,Palolem,54,4.0,3
1325,April,Villa Reverie 6 Bedroom Ultra Modern,Entire home,276,10.0,1
1326,April,Hotel Menino Executive,Ponda,29,6.0,3
1327,April,Cuba Agonda,Agonda,58,8.0,37
1328,April,Suchi's villa,Entire home,230,6.0,1
1329,April,Agonda Heritage,Agonda,52,0.0,0
1330,April,Moonlight Resorts Agonda,Agonda,20,0.0,0
1331,April,Atmani Waterfront Resort,Agonda,40,9.0,11
1332,April,Kings Villa Resort,Palolem,25,6.4,6
1333,April,Godwill Kimo Guest House,Fatona,6,7.6,203
1334,April,The Fern Kadamba Hotel and Spa,Unknown,68,8.0,7
1335,April,Ginger Dona Paula,Unknown,47,7.6,44
1336,April,The Fern Residency Miramar,Unknown,47,8.4,38
1337,April,"Vivanta Goa, Miramar",Unknown,92,9.2,47
1338,April,Novotel GOA Panjim,Panaji,99,8.0,3
1339,April,"Vivanta Goa, Panaji",Panaji,92,9.4,407
1340,April,Villa by Olive - Nerul,Unknown,166,9.6,2
1341,April,Hotel Devdeep,Unknown,57,10.0,1
1342,April,Taj Holiday Village Resort & Spa,Unknown,112,8.6,251
1343,April,Holiday Inn Goa Candolim by IHG,Unknown,79,8.6,46
1344,April,Serenity by the Sea Beach Resort,Unknown,27,7.4,15
1345,April,De Mandarin goa,Unknown,55,8.6,7
1346,April,Hyatt Place Candolim GOA,Unknown,64,9.4,46
1347,April,"Lemon Tree Amarante Beach Resort, Goa",Unknown,61,8.4,198
1348,April,Fabexpress Springs,Unknown,129,0.0,0
1349,April,Seashell Suites and Villas,Unknown,94,9.8,133
1350,April,Novotel Goa Resort & Spa Hotel,Unknown,90,8.2,165
1351,April,"FabHotel Casa Dos Reis, Candolim Beach",Unknown,102,7.8,10
1352,April,Novotel Goa Candolim Hotel,Unknown,83,8.0,330
1353,April,De Alturas Resort,Unknown,70,6.6,51
1354,April,Half Hotel,Unknown,22,9.0,6
1355,April,"Le Méridien Goa, Calangute",Unknown,98,8.8,241
1356,April,Renzo's Inn,Unknown,23,8.6,37
1357,April,Ondas Do Mar Beach Resort Phase 2,Unknown,24,6.6,59
1358,April,HOTEL THE GOLDEN SANDS,Unknown,36,7.6,10
1359,April,The Ocean Park Resort,Unknown,35,10.0,1
1360,April,SinQ Beach Resort,Unknown,35,7.6,24
1361,April,Bob Beach Hotel,Unknown,16,10.0,1
1362,April,Neelams The Glitz,Unknown,88,7.8,27
1363,April,Sairaj Beach Resort,Unknown,58,10.0,1
1364,April,Andores Resort And Spa,Unknown,156,9.0,36
1365,April,Palmarinha De Goa unit of GKP Real Estat,Unknown,52,0.0,0
1366,April,Adamo The Bellus Calangute,Unknown,57,7.6,38
1367,April,Regenta Central North Goa,Unknown,58,10.0,1
1368,April,Zone Connect by The Park Parra Goa,Unknown,55,0.0,0
1369,April,"Estrela Do Mar Beach Resort - A Beach Property, Goa",Unknown,51,6.2,344
1370,April,Resort Lagoa Azul,Unknown,34,7.6,44
1371,April,Fiesta Beach Resort,Unknown,58,9.0,24
1372,April,The Park Baga River Goa,Unknown,149,8.8,22
1373,April,Resorte Marinha Dourada,Unknown,42,7.6,49
1374,April,Park Regis Goa,Unknown,76,6.6,23
1375,April,Fairfield by Marriott Goa Anjuna,Unknown,60,8.2,138
1376,April,Fabexpress Horizon Hideaway Anjuna,Unknown,62,3.0,3
1377,April,Sonnet - A boutique hotel by Lotus leaf Hotels,Unknown,26,8.6,8
1378,April,Fabhotel Prime 4D'S Coast Resort,Unknown,150,0.0,0
1379,April,Blu Resorts,Unknown,58,8.0,7
1380,April,Hotel 7 Sea's Vagator,Unknown,41,8.0,2
1381,April,Ibis Styles Goa Vagator,Unknown,63,8.4,5
1382,April,JW Marriott Goa,Unknown,195,9.8,20
1383,April,Siolim House,Unknown,94,7.8,29
1384,April,Casa Albuquerque,Unknown,43,7.0,2
1385,April,The Grand Leoney Resort,Unknown,28,8.4,16
1386,April,La Vaiencia Beach Resort,Unknown,44,6.0,1
1387,April,Amoravida By 7 Apple Resorts,Unknown,266,7.2,5
1388,April,Shree Rajeshwari Resort,Unknown,38,8.0,1
1389,April,White Wharf Beach Resort Morjim Goa,Unknown,74,0.0,0
1390,April,Goa Crescent Resort - A Hilltop Seaview Escape,Unknown,61,0.0,0
1391,April,Sibaya Beach Resort,Unknown,57,6.8,13
1392,April,Ariena By Spree Hotels Goa,Unknown,61,10.0,1
1393,April,White woods Resort & Spa,Unknown,41,8.4,14
1394,April,Habitus Resort,Unknown,58,9.2,44
1395,April,La Cabana Beach and Spa,Unknown,112,7.6,27
1396,April,Stone Wood Resort,Unknown,38,8.8,10
1397,April,Woodpegger By The Beach,Unknown,39,8.6,13
1398,April,Coco Teros Resort,Unknown,35,8.0,1
1399,April,Beach Street Resort,Unknown,34,8.4,17
1400,April,Psygroover Rococco,Unknown,103,0.0,0
1401,April,Veda5 Wellness Retreat & Spa,Unknown,77,10.0,1
1402,April,Sohum Spiritual Resort,Unknown,40,0.0,0
1403,April,Whistling Woodzs Resort,Joida,130,7.4,3
1404,April,Red Earth Gokarna,Unknown,78,9.0,4
1405,April,SEA SPRAY RESORT,Unknown,19,0.0,0
1406,April,Hotel Menino Executive,Ponda,0,6.0,3
1407,May,The St. Regis Goa Resort,Cavelossim,230,0.0,564
1408,May,Heritage Village Resort & Spa Goa,Arossim,149,0.0,173
1409,May,"Taj Exotica Resort & Spa, Goa",Benaulim,264,0.0,324
1410,May,Planet Hollywood Goa Beach Resort,Uttorda,68,8.0,98
1411,May,Martin's Comfort,Betalbatim,30,8.2,40
1412,May,"Relax Holiday Home,Margao Railway Station",Margao,25,9.0,4
1413,May,Courtyard By Marriott Goa Colva,Fatona,109,10.0,26
1414,May,Sterling Goa Varca,Fatrade,80,8.6,106
1415,May,Courtyard By Marriott Goa Colva,Fatona,109,10.0,26
1416,May,Tranquil Stay Canacona,Entire apartment,23,0.0,0
1417,May,Beleza By The Beach,Fatona,79,8.6,339
1418,May,The St. Regis Goa Resort,Cavelossim,230,9.6,564
1419,May,Fairfield by Marriott Goa Benaulim,Benaulim,89,9.2,146
1420,May,Nanutel Margao,Pajifond,48,8.6,38
1421,May,"Soul Vacation Resort and Spa, Colva",Fatona,69,7.8,121
1422,May,Holiday Inn Resort Goa by IHG,Cavelossim,114,8.6,201
1423,May,Fairfield by Marriott Goa Benaulim,Benaulim,89,9.2,146
1424,May,"Taj Exotica Resort & Spa, Goa",Benaulim,264,9.6,324
1425,May,"The Zuri White Sands, Goa Resort & Casino",Orlim,143,8.2,321
1426,May,"Regenta Beach House Resort, Goa",Sernabatim,59,10.0,1
1427,May,Heritage Village Resort & Spa Goa,Arossim,149,8.6,173
1428,May,Viva Hotel,Margao,30,8.2,11
1429,May,Seasons Hotels & Resorts,Margao,31,7.2,15
1430,May,La-Paz Gardens Beacon Hotel - Vasco da Gama Goa,Vasco da Gama,31,7.6,53
1431,May,Simrose Resort South End of Agonda Beach,Agonda,61,8.4,9
1432,May,Ourem Palace Luxury Beach Huts,Palolem,56,7.4,168
1433,May,The Flora Grand,Vasco da Gama,57,6.8,16
1434,May,Palolem Luxurious Cottages,Palolem,62,6.6,121
1435,May,Niraamaya Private Residences Benaulim,Benaulim,505,5.0,1
1436,May,Amigo Plaza,Fatona,14,8.2,50
1437,May,Indira Farms,Sanguem,106,10.0,1
1438,May,The LaLiT Golf & Spa Resort Goa,Palolem,271,7.8,207
1439,May,Cozy Cabana - The Perfect Getaway,Entire apartment,31,0.0,0
1440,May,Agonda Heritage,Agonda,52,0.0,0
1441,May,Moonlight Resorts Agonda,Agonda,20,0.0,0
1442,May,Kings Villa Resort,Palolem,25,6.4,6
1443,May,Atmani Waterfront Resort,Agonda,42,9.0,11
1444,May,Godwill Kimo Guest House,Fatona,6,7.6,203
1445,May,Coconut Grove Beach Resort,Fatona,44,3.4,3
1446,May,SinQ Edge,Unknown,35,6.0,3
1447,May,"Fortune Miramar, Goa - Member ITC Hotels' Group",Panaji,88,7.2,22
1448,May,"Vivanta Goa, Panaji",Panaji,103,9.4,407
1449,May,The Crown Goa,Panaji,78,8.0,130
1450,May,Hotel Devdeep,Unknown,57,10.0,1
1451,May,HUE GUH The Porto Candolim,Unknown,52,9.2,21
1452,May,"Taj Fort Aguada Resort & Spa, Goa",Unknown,221,9.0,398
1453,May,Taj Holiday Village Resort & Spa,Unknown,288,8.6,251
1454,May,Holiday Inn Goa Candolim by IHG,Unknown,98,8.6,46
1455,May,Hyatt Place Candolim GOA,Unknown,94,9.4,46
1456,May,Magnum Resorts- Near Candolim Beach,Unknown,49,6.0,5
1457,May,"Lemon Tree Amarante Beach Resort, Goa",Unknown,61,8.4,198
1458,May,Novotel Goa Resort & Spa Hotel,Unknown,105,8.2,165
1459,May,Fabhotel Anna Waddo,Unknown,50,0.0,0
1460,May,Marina Bay Beach Resort,Unknown,23,7.8,65
1461,May,"Le Méridien Goa, Calangute",Unknown,121,8.8,241
1462,May,HOTEL THE GOLDEN SANDS,Unknown,36,7.6,10
1463,May,The Ocean Park Resort,Unknown,37,10.0,1
1464,May,The Park Calangute Goa,Unknown,106,6.8,56
1465,May,SinQ Beach Resort,Unknown,41,7.6,24
1466,May,VISTA Montanha  GOA,Unknown,103,0.0,0
1467,May,BloomSuites - Calangute,Unknown,121,7.8,27
1468,May,ibis Styles Goa Calangute Hotel,Unknown,55,8.2,188
1469,May,Fabhotel Raj Resort,Unknown,43,7.6,106
1470,May,Neelam the Glitz,Unknown,62,0.0,0
1471,May,Small Daddy Plus,Unknown,24,8.4,124
1472,May,Treebo Green Park,Unknown,30,10.0,2
1473,May,La Vie Woods,Unknown,77,8.4,10
1474,May,"Estrela Do Mar Beach Resort - A Beach Property, Goa",Unknown,58,6.2,344
1475,May,Resort Primo Bom Terra Verde,Unknown,27,7.0,36
1476,May,Colonia Santa Maria,Unknown,58,7.4,66
1477,May,Titanic Boutique Hotel,Unknown,47,0.0,0
1478,May,DoubleTree by Hilton Hotel Goa - Arpora - Baga,Unknown,88,7.0,148
1479,May,Fairfield by Marriott Goa Anjuna,Unknown,66,8.2,138
1480,May,Hotel 7 Sea's Vagator,Unknown,42,8.0,2
1481,May,Ibis Styles Goa Vagator,Unknown,60,8.4,5
1482,May,JW Marriott Goa,Unknown,207,9.8,20
1483,May,Siolim House,Unknown,83,7.8,29
1484,May,The Bodhi Tree Resort,Unknown,17,10.0,7
1485,May,La Vaiencia Beach Resort,Unknown,45,6.0,1
1486,May,Celeb Da Luna,Unknown,31,0.0,0
1487,May,Sibaya Beach Resort,Unknown,57,6.8,13
1488,May,La Cabana Beach and Spa,Unknown,112,7.6,27
1489,May,Shatavari Eco Resort,Unknown,124,0.0,0
1490,May,Whistling Woodzs Resort,Joida,130,7.4,3
1491,June,The St. Regis Goa Resort,Cavelossim,230,0.0,564
1492,June,Heritage Village Resort & Spa Goa,Arossim,149,0.0,173
1493,June,"Taj Exotica Resort & Spa, Goa",Benaulim,259,0.0,324
1494,June,Planet Hollywood Goa Beach Resort,Uttorda,68,8.0,98
1495,June,The Rose Goa Beach Resort,Agonda,71,8.0,1
1496,June,Dom Pedros Haven Resort - Tranquil Retreat by the Sea,Majorda,28,8.0,1
1497,June,Sterling Goa Varca,Fatrade,78,8.6,106
1498,June,Courtyard By Marriott Goa Colva,Fatona,115,10.0,26
1499,June,Courtyard By Marriott Goa Colva,Fatona,115,10.0,26
1500,June,The Nine Beach Resort Patnem Goa,Palolem,46,9.4,19
1501,June,The St. Regis Goa Resort,Cavelossim,230,9.6,564
1502,June,Beleza By The Beach,Fatona,79,8.6,339
1503,June,Fairfield by Marriott Goa Benaulim,Benaulim,83,9.2,146
1504,June,The Diwa Club by Alila Diwa Goa - A Hyatt Brand,Majorda,195,9.6,44
1505,June,Fairfield by Marriott Goa Benaulim,Benaulim,83,9.2,146
1506,June,Holiday Inn Resort Goa by IHG,Cavelossim,111,8.6,201
1507,June,"Regenta Beach House Resort, Goa",Sernabatim,59,10.0,1
1508,June,Goa Woodlands Hotel,Margao,39,8.6,4
1509,June,"Taj Exotica Resort & Spa, Goa",Benaulim,259,9.6,324
1510,June,Radisson Blu Resort Goa Cavelossim Beach,Cavelossim,135,8.6,85
1511,June,Regenta Place Vasco Goa,Vasco da Gama,58,9.0,12
1512,June,Heritage Village Resort & Spa Goa,Arossim,149,8.6,173
1513,June,"The Zuri White Sands, Goa Resort & Casino",Orlim,143,8.2,321
1514,June,Alila Diwa Goa - A Hyatt Brand,Majorda,161,9.2,288
1515,June,Seasons Hotels & Resorts,Margao,31,7.2,15
1516,June,Royal Orchid Beach Resort & Spa,Uttorda,77,6.6,112
1517,June,Simrose Resort South End of Agonda Beach,Agonda,61,8.4,9
1518,June,Lykke Suites A Unit by Goan Felicidade,Fatona,47,0.0,0
1519,June,Nasyas Beachside Cottages,Benaulim,33,6.0,1
1520,June,Cozy Cabana - The Perfect Getaway,Entire apartment,31,0.0,0
1521,June,Regenta Baywatch Resort Goa,Sernabatim,102,6.8,35
1522,June,margaritas residency,Benaulim,16,8.6,22
1523,June,Niraamaya Private Residences Benaulim,Benaulim,505,5.0,1
1524,June,Hotel Menino Executive,Ponda,29,6.0,3
1525,June,Casanova by the Sea,Palolem,7,6.0,1
1526,June,The Postcard Saligao,Velsao,310,10.0,12
1527,June,The LaLiT Golf & Spa Resort Goa,Palolem,271,7.8,207
1528,June,Krishna Beach Resort and Spa,Fatona,23,5.6,5
1529,June,Godwill Kimo Guest House,Fatona,6,7.6,203
1530,June,Palolem Luxurious Cottages,Palolem,952,6.6,121
1531,June,The Fern Kadamba Hotel and Spa,Unknown,103,8.0,7
1532,June,"Taj Cidade de Goa Heritage, Goa",Unknown,155,8.6,209
1533,June,"Taj Cidade de Goa Horizon, Goa",Unknown,171,9.4,179
1534,June,DoubleTree by Hilton Goa-Panaji,Unknown,109,8.8,90
1535,June,Swim Sea Beach Resort,Unknown,31,9.0,2
1536,June,Varanda Do Mar,Unknown,63,8.4,70
1537,June,"Fortune Miramar, Goa - Member ITC Hotels' Group",Panaji,83,7.2,22
1538,June,Goa Marriott Resort & Spa,Panaji,154,9.0,426
1539,June,"Vivanta Goa, Panaji",Panaji,103,9.4,407
1540,June,The Crown Goa,Panaji,83,8.0,130
1541,June,Echor Reis Magos Villa Goa,Unknown,714,0.0,0
1542,June,Fabhotel Sai Swastik Nr. Candolim Beach,Unknown,97,8.0,1
1543,June,Itsy Hotels De Classio,Unknown,56,6.0,2
1544,June,"Taj Fort Aguada Resort & Spa, Goa",Unknown,181,9.0,398
1545,June,Holiday Inn Goa Candolim by IHG,Unknown,98,8.6,46
1546,June,Hilton Goa Resort Candolim,Unknown,163,8.0,42
1547,June,Per Avel Beach Holiday Home,Unknown,14,5.4,19
1548,June,"O Hotel Goa, Candolim Beach",Unknown,76,7.6,80
1549,June,Acron Seaway Resort,Unknown,37,7.2,5
1550,June,Whispering Palms Beach Resort,Unknown,80,7.6,45
1551,June,Sunset Beach Resort,Unknown,45,7.6,4
1552,June,La Sea Vue Vacation Home Stay Goa,Unknown,26,10.0,1
1553,June,The Acacia Hotel & Spa Goa,Unknown,75,8.0,96
1554,June,Hyatt Place Candolim GOA,Unknown,79,9.4,46
1555,June,Indie Stays Goa,Unknown,29,7.4,3
1556,June,"Lemon Tree Amarante Beach Resort, Goa",Unknown,78,8.4,198
1557,June,Park Inn by Radisson Goa Candolim,Unknown,80,7.2,177
1558,June,De Mandarin Beach Resort Suites & Villas,Unknown,83,9.2,32
1559,June,Lemon Tree Hotel Candolim Goa,Unknown,60,7.0,20
1560,June,Novotel Goa Resort & Spa Hotel,Unknown,107,8.2,165
1561,June,YU Hotel Candolim,Unknown,88,8.0,3
1562,June,Novotel Goa Candolim Hotel,Unknown,95,8.0,330
1563,June,Half Hotel,Unknown,25,9.0,6
1564,June,Hyatt Centric Candolim Goa,Unknown,102,8.6,284
1565,June,shradha luxury room,Unknown,50,10.0,1
1566,June,Summit Calangute Resort & Spa,Unknown,48,8.2,20
1567,June,Bob Beach Hotel,Unknown,16,10.0,1
1568,June,BloomSuites - Calangute,Unknown,58,7.8,27
1569,June,ibis Styles Goa Calangute Hotel,Unknown,53,8.2,188
1570,June,Veronica Guest House,Unknown,18,7.8,120
1571,June,Palmarinha De Goa unit of GKP Real Estat,Unknown,44,0.0,0
1572,June,Bloom Hotel – Calangute,Unknown,43,8.4,25
1573,June,Bloomrooms @ Calangute,Unknown,46,7.8,6
1574,June,Treebo Green Park,Unknown,71,10.0,2
1575,June,Resort Primo Bom Terra Verde,Unknown,27,7.0,36
1576,June,Hotel Viva Baga,Unknown,19,7.0,7
1577,June,THE GOA COURTYARD,Unknown,27,0.0,0
1578,June,Fiesta Beach Resort,Unknown,68,9.0,24
1579,June,Resorte Marinha Dourada,Unknown,29,7.6,49
1580,June,Origin Boutique Hotel,Unknown,58,10.0,1
1581,June,Pride Sun Village Resort & Spa,Unknown,53,6.8,28
1582,June,DoubleTree by Hilton Hotel Goa - Arpora - Baga,Unknown,87,7.0,148
1583,June,Fairfield by Marriott Goa Anjuna,Unknown,64,8.2,138
1584,June,See Ya Heritage Stays,Unknown,9,10.0,1
1585,June,Verandah Goa,Unknown,35,8.2,37
1586,June,Hotel Kia inn- Anjuna,Unknown,53,0.0,0
1587,June,"The Yellow House, Goa – IHCL SeleQtions",Unknown,109,8.4,54
1588,June,Casa Anjuna,Unknown,88,7.6,8
1589,June,Fabexpress Horizon Hideaway Anjuna,Unknown,66,3.0,3
1590,June,Moyrah By Greenpark,Unknown,87,10.0,3
1591,June,BluO Amani Vagator - Boutique Hotel Goa,Unknown,43,7.0,2
1592,June,The Westin Goa,Unknown,144,8.8,66
1593,June,3102bce A Vedic Resort,Unknown,59,9.2,24
1594,June,Seré Resort Goa,Unknown,359,10.0,1
1595,June,Cochichos Resort,Unknown,29,9.4,15
1596,June,JW Marriott Goa,Unknown,184,9.8,20
1597,June,Vibes Hotel,Unknown,40,0.0,0
1598,June,Radha House Siolim,Unknown,58,0.0,0
1599,June,Yellow House,Unknown,14,7.8,88
1600,June,W Goa,Unknown,195,8.2,101
1601,June,Casa Obrigado Beach Cottages Goa,Unknown,23,6.6,4
1602,June,Artham Guesthouse,Unknown,13,0.0,0
1603,June,The Upper House By Skazka Resorts,Unknown,66,8.0,1
1604,June,We Hotels Morjim Goa,Unknown,65,0.0,0
1605,June,Goa Crescent Resort - A Hilltop Seaview Escape,Unknown,68,0.0,0
1606,June,Sibaya Beach Resort,Unknown,60,6.8,13
1607,June,The Acacia Morjim,Unknown,60,6.0,12
1608,June,"Locomo Boutique, Morjim - Stay Work Eat",Unknown,29,8.8,84
1609,June,The Regalia Resort,Unknown,56,7.4,11
1610,June,Anahata Retreat Sea Front Resort,Unknown,121,8.2,23
1611,June,Habitus Resort,Unknown,57,9.2,44
1612,June,La Cabana Beach and Spa,Unknown,106,7.6,27
1613,June,Stone Wood Resort,Unknown,60,8.8,10
1614,June,Casa Amore Baia,Unknown,217,0.0,0
1615,June,Woodpegger By The Beach,Unknown,55,8.6,13
1616,June,Mandrem Retreat Beach Resort,Unknown,16,10.0,1
1617,July,The St. Regis Goa Resort,Cavelossim,230,0.0,564
1618,July,Heritage Village Resort & Spa Goa,Arossim,149,0.0,173
1619,July,"Taj Exotica Resort & Spa, Goa",Benaulim,270,0.0,324
1620,July,Beleza By The Beach,Fatona,75,8.6,339
1621,July,Fairfield by Marriott Goa Benaulim,Benaulim,82,9.2,146
1622,July,Nanutel Margao,Pajifond,51,8.6,38
1623,July,Courtyard By Marriott Goa Colva,Fatona,115,10.0,26
1624,July,The St. Regis Goa Resort,Cavelossim,230,9.6,564
1625,July,Courtyard By Marriott Goa Colva,Fatona,115,10.0,26
1626,July,Holiday Inn Resort Goa by IHG,Cavelossim,109,8.6,201
1627,July,"Taj Exotica Resort & Spa, Goa",Benaulim,270,9.6,324
1628,July,Heritage Village Resort & Spa Goa,Arossim,149,8.6,173
1629,July,Fairfield by Marriott Goa Benaulim,Benaulim,82,9.2,146
1630,July,Hotel Menino Executive,Ponda,29,6.0,3
1631,July,Cozy Cabana - The Perfect Getaway,Entire apartment,31,0.0,0
1632,July,Godwill Kimo Guest House,Fatona,6,7.6,203
1633,July,DoubleTree by Hilton Goa-Panaji,Unknown,109,8.8,90
1634,July,Villa by Olive - Nerul,Unknown,166,9.6,2
1635,July,Zip By Spree Hotels Hyde Goa,Unknown,41,7.6,9
1636,July,De Mandarin goa,Unknown,78,8.6,7
1637,July,The Acacia Hotel & Spa Goa,Unknown,74,8.0,96
1638,July,Indie Stays Goa,Unknown,29,7.4,3
1639,July,Hyatt Place Candolim GOA,Unknown,84,9.4,46
1640,July,Villa AlexMarie guest house,Unknown,21,9.4,14
1641,July,Hyatt Centric Candolim Goa,Unknown,95,8.6,284
1642,July,VITS Shanti Solitaire Arpora,Unknown,45,6.8,31
1643,July,The Grand Leoney Resort,Unknown,26,8.4,16
1644,July,Artham Guesthouse,Unknown,11,0.0,0
1645,July,Goa Crescent Resort - A Hilltop Seaview Escape,Unknown,68,0.0,0
1646,July,"Mandrem Beach Resort, a member of Radisson Individuals Retreat",Unknown,130,0.0,0
