runId,experimentId,variant,trial,httpStatus,errorCode,transactionId,finalState,failurePhase,idempotentReplay,endToEndMs,sagaMs,providerOps,compensationsSucceeded,compensationsFailed,paymentAuthorized,paymentCaptured,paymentReversal,locksConfirmed,locksReleased,unresolvedLocks,riskLevel,riskScore,riskDecision,recoveryRecommendation,extra
20260924_214938_o4nb,E08-duplicate-idempotency,duplicate-success,0,201,,7f6293b1-e845-41e6-8343-28cd33301644,COMPLETED,,false,381.093,286,"[{""itemType"":""hotel"",""operation"":""RESERVE"",""outcome"":""SUCCEEDED"",""latencyMs"":9},{""itemType"":""flight"",""operation"":""RESERVE"",""outcome"":""SUCCEEDED"",""latencyMs"":5},{""itemType"":""transport"",""operation"":""RESERVE"",""outcome"":""SUCCEEDED"",""latencyMs"":7},{""itemType"":""hotel"",""operation"":""CONFIRM"",""outcome"":""SUCCEEDED"",""latencyMs"":10},{""itemType"":""flight"",""operation"":""CONFIRM"",""outcome"":""SUCCEEDED"",""latencyMs"":5},{""itemType"":""transport"",""operation"":""CONFIRM"",""outcome"":""SUCCEEDED"",""latencyMs"":5}]",0,0,true,true,,3,0,0,LOW,30,PROCEED,,
20260924_214938_o4nb,E08-duplicate-idempotency,duplicate-success,1,201,,7f6293b1-e845-41e6-8343-28cd33301644,COMPLETED,,true,13.525,286,"[{""itemType"":""hotel"",""operation"":""RESERVE"",""outcome"":""SUCCEEDED"",""latencyMs"":9},{""itemType"":""flight"",""operation"":""RESERVE"",""outcome"":""SUCCEEDED"",""latencyMs"":5},{""itemType"":""transport"",""operation"":""RESERVE"",""outcome"":""SUCCEEDED"",""latencyMs"":7},{""itemType"":""hotel"",""operation"":""CONFIRM"",""outcome"":""SUCCEEDED"",""latencyMs"":10},{""itemType"":""flight"",""operation"":""CONFIRM"",""outcome"":""SUCCEEDED"",""latencyMs"":5},{""itemType"":""transport"",""operation"":""CONFIRM"",""outcome"":""SUCCEEDED"",""latencyMs"":5}]",0,0,true,true,,3,0,0,LOW,30,PROCEED,,
20260924_214938_o4nb,E08-duplicate-idempotency,duplicate-success,2,201,,7f6293b1-e845-41e6-8343-28cd33301644,COMPLETED,,true,9.486,286,"[{""itemType"":""hotel"",""operation"":""RESERVE"",""outcome"":""SUCCEEDED"",""latencyMs"":9},{""itemType"":""flight"",""operation"":""RESERVE"",""outcome"":""SUCCEEDED"",""latencyMs"":5},{""itemType"":""transport"",""operation"":""RESERVE"",""outcome"":""SUCCEEDED"",""latencyMs"":7},{""itemType"":""hotel"",""operation"":""CONFIRM"",""outcome"":""SUCCEEDED"",""latencyMs"":10},{""itemType"":""flight"",""operation"":""CONFIRM"",""outcome"":""SUCCEEDED"",""latencyMs"":5},{""itemType"":""transport"",""operation"":""CONFIRM"",""outcome"":""SUCCEEDED"",""latencyMs"":5}]",0,0,true,true,,3,0,0,LOW,30,PROCEED,,
20260924_214938_o4nb,E08-duplicate-idempotency,duplicate-success,3,201,,7f6293b1-e845-41e6-8343-28cd33301644,COMPLETED,,true,5.307,286,"[{""itemType"":""hotel"",""operation"":""RESERVE"",""outcome"":""SUCCEEDED"",""latencyMs"":9},{""itemType"":""flight"",""operation"":""RESERVE"",""outcome"":""SUCCEEDED"",""latencyMs"":5},{""itemType"":""transport"",""operation"":""RESERVE"",""outcome"":""SUCCEEDED"",""latencyMs"":7},{""itemType"":""hotel"",""operation"":""CONFIRM"",""outcome"":""SUCCEEDED"",""latencyMs"":10},{""itemType"":""flight"",""operation"":""CONFIRM"",""outcome"":""SUCCEEDED"",""latencyMs"":5},{""itemType"":""transport"",""operation"":""CONFIRM"",""outcome"":""SUCCEEDED"",""latencyMs"":5}]",0,0,true,true,,3,0,0,LOW,30,PROCEED,,
20260924_214938_o4nb,E08-duplicate-idempotency,duplicate-success,4,201,,20f3b9f1-1348-4901-94c3-4a0a0a56f6a3,COMPLETED,,false,253.375,219,"[{""itemType"":""hotel"",""operation"":""RESERVE"",""outcome"":""SUCCEEDED"",""latencyMs"":5},{""itemType"":""flight"",""operation"":""RESERVE"",""outcome"":""SUCCEEDED"",""latencyMs"":4},{""itemType"":""transport"",""operation"":""RESERVE"",""outcome"":""SUCCEEDED"",""latencyMs"":6},{""itemType"":""hotel"",""operation"":""CONFIRM"",""outcome"":""SUCCEEDED"",""latencyMs"":8},{""itemType"":""flight"",""operation"":""CONFIRM"",""outcome"":""SUCCEEDED"",""latencyMs"":6},{""itemType"":""transport"",""operation"":""CONFIRM"",""outcome"":""SUCCEEDED"",""latencyMs"":8}]",0,0,true,true,,3,0,0,LOW,30,PROCEED,,
20260924_214938_o4nb,E08-duplicate-idempotency,duplicate-success,5,201,,20f3b9f1-1348-4901-94c3-4a0a0a56f6a3,COMPLETED,,true,4.68,219,"[{""itemType"":""hotel"",""operation"":""RESERVE"",""outcome"":""SUCCEEDED"",""latencyMs"":5},{""itemType"":""flight"",""operation"":""RESERVE"",""outcome"":""SUCCEEDED"",""latencyMs"":4},{""itemType"":""transport"",""operation"":""RESERVE"",""outcome"":""SUCCEEDED"",""latencyMs"":6},{""itemType"":""hotel"",""operation"":""CONFIRM"",""outcome"":""SUCCEEDED"",""latencyMs"":8},{""itemType"":""flight"",""operation"":""CONFIRM"",""outcome"":""SUCCEEDED"",""latencyMs"":6},{""itemType"":""transport"",""operation"":""CONFIRM"",""outcome"":""SUCCEEDED"",""latencyMs"":8}]",0,0,true,true,,3,0,0,LOW,30,PROCEED,,
20260924_214938_o4nb,E08-duplicate-idempotency,duplicate-success,6,201,,20f3b9f1-1348-4901-94c3-4a0a0a56f6a3,COMPLETED,,true,3.988,219,"[{""itemType"":""hotel"",""operation"":""RESERVE"",""outcome"":""SUCCEEDED"",""latencyMs"":5},{""itemType"":""flight"",""operation"":""RESERVE"",""outcome"":""SUCCEEDED"",""latencyMs"":4},{""itemType"":""transport"",""operation"":""RESERVE"",""outcome"":""SUCCEEDED"",""latencyMs"":6},{""itemType"":""hotel"",""operation"":""CONFIRM"",""outcome"":""SUCCEEDED"",""latencyMs"":8},{""itemType"":""flight"",""operation"":""CONFIRM"",""outcome"":""SUCCEEDED"",""latencyMs"":6},{""itemType"":""transport"",""operation"":""CONFIRM"",""outcome"":""SUCCEEDED"",""latencyMs"":8}]",0,0,true,true,,3,0,0,LOW,30,PROCEED,,
20260924_214938_o4nb,E08-duplicate-idempotency,duplicate-success,7,201,,20f3b9f1-1348-4901-94c3-4a0a0a56f6a3,COMPLETED,,true,3.619,219,"[{""itemType"":""hotel"",""operation"":""RESERVE"",""outcome"":""SUCCEEDED"",""latencyMs"":5},{""itemType"":""flight"",""operation"":""RESERVE"",""outcome"":""SUCCEEDED"",""latencyMs"":4},{""itemType"":""transport"",""operation"":""RESERVE"",""outcome"":""SUCCEEDED"",""latencyMs"":6},{""itemType"":""hotel"",""operation"":""CONFIRM"",""outcome"":""SUCCEEDED"",""latencyMs"":8},{""itemType"":""flight"",""operation"":""CONFIRM"",""outcome"":""SUCCEEDED"",""latencyMs"":6},{""itemType"":""transport"",""operation"":""CONFIRM"",""outcome"":""SUCCEEDED"",""latencyMs"":8}]",0,0,true,true,,3,0,0,LOW,30,PROCEED,,
20260924_214938_o4nb,E08-duplicate-idempotency,duplicate-success,8,201,,7d821efa-2ff6-41ce-ac0f-b8b320f9a959,COMPLETED,,false,237.698,212,"[{""itemType"":""hotel"",""operation"":""RESERVE"",""outcome"":""SUCCEEDED"",""latencyMs"":14},{""itemType"":""flight"",""operation"":""RESERVE"",""outcome"":""SUCCEEDED"",""latencyMs"":3},{""itemType"":""transport"",""operation"":""RESERVE"",""outcome"":""SUCCEEDED"",""latencyMs"":4},{""itemType"":""hotel"",""operation"":""CONFIRM"",""outcome"":""SUCCEEDED"",""latencyMs"":7},{""itemType"":""flight"",""operation"":""CONFIRM"",""outcome"":""SUCCEEDED"",""latencyMs"":3},{""itemType"":""transport"",""operation"":""CONFIRM"",""outcome"":""SUCCEEDED"",""latencyMs"":3}]",0,0,true,true,,3,0,0,LOW,30,PROCEED,,
20260924_214938_o4nb,E08-duplicate-idempotency,duplicate-success,9,201,,7d821efa-2ff6-41ce-ac0f-b8b320f9a959,COMPLETED,,true,7.85,212,"[{""itemType"":""hotel"",""operation"":""RESERVE"",""outcome"":""SUCCEEDED"",""latencyMs"":14},{""itemType"":""flight"",""operation"":""RESERVE"",""outcome"":""SUCCEEDED"",""latencyMs"":3},{""itemType"":""transport"",""operation"":""RESERVE"",""outcome"":""SUCCEEDED"",""latencyMs"":4},{""itemType"":""hotel"",""operation"":""CONFIRM"",""outcome"":""SUCCEEDED"",""latencyMs"":7},{""itemType"":""flight"",""operation"":""CONFIRM"",""outcome"":""SUCCEEDED"",""latencyMs"":3},{""itemType"":""transport"",""operation"":""CONFIRM"",""outcome"":""SUCCEEDED"",""latencyMs"":3}]",0,0,true,true,,3,0,0,LOW,30,PROCEED,,
20260924_214938_o4nb,E08-duplicate-idempotency,duplicate-success,10,201,,7d821efa-2ff6-41ce-ac0f-b8b320f9a959,COMPLETED,,true,10.148,212,"[{""itemType"":""hotel"",""operation"":""RESERVE"",""outcome"":""SUCCEEDED"",""latencyMs"":14},{""itemType"":""flight"",""operation"":""RESERVE"",""outcome"":""SUCCEEDED"",""latencyMs"":3},{""itemType"":""transport"",""operation"":""RESERVE"",""outcome"":""SUCCEEDED"",""latencyMs"":4},{""itemType"":""hotel"",""operation"":""CONFIRM"",""outcome"":""SUCCEEDED"",""latencyMs"":7},{""itemType"":""flight"",""operation"":""CONFIRM"",""outcome"":""SUCCEEDED"",""latencyMs"":3},{""itemType"":""transport"",""operation"":""CONFIRM"",""outcome"":""SUCCEEDED"",""latencyMs"":3}]",0,0,true,true,,3,0,0,LOW,30,PROCEED,,
20260924_214938_o4nb,E08-duplicate-idempotency,duplicate-success,11,201,,7d821efa-2ff6-41ce-ac0f-b8b320f9a959,COMPLETED,,true,8.636,212,"[{""itemType"":""hotel"",""operation"":""RESERVE"",""outcome"":""SUCCEEDED"",""latencyMs"":14},{""itemType"":""flight"",""operation"":""RESERVE"",""outcome"":""SUCCEEDED"",""latencyMs"":3},{""itemType"":""transport"",""operation"":""RESERVE"",""outcome"":""SUCCEEDED"",""latencyMs"":4},{""itemType"":""hotel"",""operation"":""CONFIRM"",""outcome"":""SUCCEEDED"",""latencyMs"":7},{""itemType"":""flight"",""operation"":""CONFIRM"",""outcome"":""SUCCEEDED"",""latencyMs"":3},{""itemType"":""transport"",""operation"":""CONFIRM"",""outcome"":""SUCCEEDED"",""latencyMs"":3}]",0,0,true,true,,3,0,0,LOW,30,PROCEED,,
20260924_214938_o4nb,E08-duplicate-idempotency,duplicate-success,12,201,,5f3ae10f-873b-4130-a47b-5c69d2f6a194,COMPLETED,,false,326.265,291,"[{""itemType"":""hotel"",""operation"":""RESERVE"",""outcome"":""SUCCEEDED"",""latencyMs"":14},{""itemType"":""flight"",""operation"":""RESERVE"",""outcome"":""SUCCEEDED"",""latencyMs"":8},{""itemType"":""transport"",""operation"":""RESERVE"",""outcome"":""SUCCEEDED"",""latencyMs"":7},{""itemType"":""hotel"",""operation"":""CONFIRM"",""outcome"":""SUCCEEDED"",""latencyMs"":9},{""itemType"":""flight"",""operation"":""CONFIRM"",""outcome"":""SUCCEEDED"",""latencyMs"":12},{""itemType"":""transport"",""operation"":""CONFIRM"",""outcome"":""SUCCEEDED"",""latencyMs"":13}]",0,0,true,true,,3,0,0,LOW,30,PROCEED,,
20260924_214938_o4nb,E08-duplicate-idempotency,duplicate-success,13,201,,5f3ae10f-873b-4130-a47b-5c69d2f6a194,COMPLETED,,true,10.309,291,"[{""itemType"":""hotel"",""operation"":""RESERVE"",""outcome"":""SUCCEEDED"",""latencyMs"":14},{""itemType"":""flight"",""operation"":""RESERVE"",""outcome"":""SUCCEEDED"",""latencyMs"":8},{""itemType"":""transport"",""operation"":""RESERVE"",""outcome"":""SUCCEEDED"",""latencyMs"":7},{""itemType"":""hotel"",""operation"":""CONFIRM"",""outcome"":""SUCCEEDED"",""latencyMs"":9},{""itemType"":""flight"",""operation"":""CONFIRM"",""outcome"":""SUCCEEDED"",""latencyMs"":12},{""itemType"":""transport"",""operation"":""CONFIRM"",""outcome"":""SUCCEEDED"",""latencyMs"":13}]",0,0,true,true,,3,0,0,LOW,30,PROCEED,,
20260924_214938_o4nb,E08-duplicate-idempotency,duplicate-success,14,201,,5f3ae10f-873b-4130-a47b-5c69d2f6a194,COMPLETED,,true,4.057,291,"[{""itemType"":""hotel"",""operation"":""RESERVE"",""outcome"":""SUCCEEDED"",""latencyMs"":14},{""itemType"":""flight"",""operation"":""RESERVE"",""outcome"":""SUCCEEDED"",""latencyMs"":8},{""itemType"":""transport"",""operation"":""RESERVE"",""outcome"":""SUCCEEDED"",""latencyMs"":7},{""itemType"":""hotel"",""operation"":""CONFIRM"",""outcome"":""SUCCEEDED"",""latencyMs"":9},{""itemType"":""flight"",""operation"":""CONFIRM"",""outcome"":""SUCCEEDED"",""latencyMs"":12},{""itemType"":""transport"",""operation"":""CONFIRM"",""outcome"":""SUCCEEDED"",""latencyMs"":13}]",0,0,true,true,,3,0,0,LOW,30,PROCEED,,
20260924_214938_o4nb,E08-duplicate-idempotency,duplicate-success,15,201,,5f3ae10f-873b-4130-a47b-5c69d2f6a194,COMPLETED,,true,5.815,291,"[{""itemType"":""hotel"",""operation"":""RESERVE"",""outcome"":""SUCCEEDED"",""latencyMs"":14},{""itemType"":""flight"",""operation"":""RESERVE"",""outcome"":""SUCCEEDED"",""latencyMs"":8},{""itemType"":""transport"",""operation"":""RESERVE"",""outcome"":""SUCCEEDED"",""latencyMs"":7},{""itemType"":""hotel"",""operation"":""CONFIRM"",""outcome"":""SUCCEEDED"",""latencyMs"":9},{""itemType"":""flight"",""operation"":""CONFIRM"",""outcome"":""SUCCEEDED"",""latencyMs"":12},{""itemType"":""transport"",""operation"":""CONFIRM"",""outcome"":""SUCCEEDED"",""latencyMs"":13}]",0,0,true,true,,3,0,0,LOW,30,PROCEED,,
20260924_214938_o4nb,E08-duplicate-idempotency,duplicate-success,16,201,,6bb415ce-f2a3-4135-b3e5-57855cf2cf70,COMPLETED,,false,172.586,155,"[{""itemType"":""hotel"",""operation"":""RESERVE"",""outcome"":""SUCCEEDED"",""latencyMs"":8},{""itemType"":""flight"",""operation"":""RESERVE"",""outcome"":""SUCCEEDED"",""latencyMs"":6},{""itemType"":""transport"",""operation"":""RESERVE"",""outcome"":""SUCCEEDED"",""latencyMs"":3},{""itemType"":""hotel"",""operation"":""CONFIRM"",""outcome"":""SUCCEEDED"",""latencyMs"":3},{""itemType"":""flight"",""operation"":""CONFIRM"",""outcome"":""SUCCEEDED"",""latencyMs"":7},{""itemType"":""transport"",""operation"":""CONFIRM"",""outcome"":""SUCCEEDED"",""latencyMs"":7}]",0,0,true,true,,3,0,0,LOW,30,PROCEED,,
20260924_214938_o4nb,E08-duplicate-idempotency,duplicate-success,17,201,,6bb415ce-f2a3-4135-b3e5-57855cf2cf70,COMPLETED,,true,4.767,155,"[{""itemType"":""hotel"",""operation"":""RESERVE"",""outcome"":""SUCCEEDED"",""latencyMs"":8},{""itemType"":""flight"",""operation"":""RESERVE"",""outcome"":""SUCCEEDED"",""latencyMs"":6},{""itemType"":""transport"",""operation"":""RESERVE"",""outcome"":""SUCCEEDED"",""latencyMs"":3},{""itemType"":""hotel"",""operation"":""CONFIRM"",""outcome"":""SUCCEEDED"",""latencyMs"":3},{""itemType"":""flight"",""operation"":""CONFIRM"",""outcome"":""SUCCEEDED"",""latencyMs"":7},{""itemType"":""transport"",""operation"":""CONFIRM"",""outcome"":""SUCCEEDED"",""latencyMs"":7}]",0,0,true,true,,3,0,0,LOW,30,PROCEED,,
20260924_214938_o4nb,E08-duplicate-idempotency,duplicate-success,18,201,,6bb415ce-f2a3-4135-b3e5-57855cf2cf70,COMPLETED,,true,4.002,155,"[{""itemType"":""hotel"",""operation"":""RESERVE"",""outcome"":""SUCCEEDED"",""latencyMs"":8},{""itemType"":""flight"",""operation"":""RESERVE"",""outcome"":""SUCCEEDED"",""latencyMs"":6},{""itemType"":""transport"",""operation"":""RESERVE"",""outcome"":""SUCCEEDED"",""latencyMs"":3},{""itemType"":""hotel"",""operation"":""CONFIRM"",""outcome"":""SUCCEEDED"",""latencyMs"":3},{""itemType"":""flight"",""operation"":""CONFIRM"",""outcome"":""SUCCEEDED"",""latencyMs"":7},{""itemType"":""transport"",""operation"":""CONFIRM"",""outcome"":""SUCCEEDED"",""latencyMs"":7}]",0,0,true,true,,3,0,0,LOW,30,PROCEED,,
20260924_214938_o4nb,E08-duplicate-idempotency,duplicate-success,19,201,,6bb415ce-f2a3-4135-b3e5-57855cf2cf70,COMPLETED,,true,4.242,155,"[{""itemType"":""hotel"",""operation"":""RESERVE"",""outcome"":""SUCCEEDED"",""latencyMs"":8},{""itemType"":""flight"",""operation"":""RESERVE"",""outcome"":""SUCCEEDED"",""latencyMs"":6},{""itemType"":""transport"",""operation"":""RESERVE"",""outcome"":""SUCCEEDED"",""latencyMs"":3},{""itemType"":""hotel"",""operation"":""CONFIRM"",""outcome"":""SUCCEEDED"",""latencyMs"":3},{""itemType"":""flight"",""operation"":""CONFIRM"",""outcome"":""SUCCEEDED"",""latencyMs"":7},{""itemType"":""transport"",""operation"":""CONFIRM"",""outcome"":""SUCCEEDED"",""latencyMs"":7}]",0,0,true,true,,3,0,0,LOW,30,PROCEED,,
20260924_214938_o4nb,E08-duplicate-idempotency,duplicate-after-rollback,0,409,,c4966842-1d05-463d-8ba1-c3c9e82baa5b,ROLLED_BACK,PROVIDER_RESERVE,false,224.067,201,"[{""itemType"":""hotel"",""operation"":""RESERVE"",""outcome"":""SUCCEEDED"",""latencyMs"":4},{""itemType"":""flight"",""operation"":""RESERVE"",""outcome"":""SUCCEEDED"",""latencyMs"":7},{""itemType"":""transport"",""operation"":""RESERVE"",""outcome"":""FAILED"",""latencyMs"":7},{""itemType"":""flight"",""operation"":""CANCEL"",""outcome"":""SUCCEEDED"",""latencyMs"":10},{""itemType"":""hotel"",""operation"":""CANCEL"",""outcome"":""SUCCEEDED"",""latencyMs"":9}]",2,0,true,false,VOIDED,0,3,0,LOW,30,PROCEED,,
20260924_214938_o4nb,E08-duplicate-idempotency,duplicate-after-rollback,1,409,,c4966842-1d05-463d-8ba1-c3c9e82baa5b,ROLLED_BACK,PROVIDER_RESERVE,true,3.811,201,"[{""itemType"":""hotel"",""operation"":""RESERVE"",""outcome"":""SUCCEEDED"",""latencyMs"":4},{""itemType"":""flight"",""operation"":""RESERVE"",""outcome"":""SUCCEEDED"",""latencyMs"":7},{""itemType"":""transport"",""operation"":""RESERVE"",""outcome"":""FAILED"",""latencyMs"":7},{""itemType"":""flight"",""operation"":""CANCEL"",""outcome"":""SUCCEEDED"",""latencyMs"":10},{""itemType"":""hotel"",""operation"":""CANCEL"",""outcome"":""SUCCEEDED"",""latencyMs"":9}]",2,0,true,false,VOIDED,0,3,0,LOW,30,PROCEED,,
20260924_214938_o4nb,E08-duplicate-idempotency,duplicate-after-rollback,2,409,,c4966842-1d05-463d-8ba1-c3c9e82baa5b,ROLLED_BACK,PROVIDER_RESERVE,true,4.621,201,"[{""itemType"":""hotel"",""operation"":""RESERVE"",""outcome"":""SUCCEEDED"",""latencyMs"":4},{""itemType"":""flight"",""operation"":""RESERVE"",""outcome"":""SUCCEEDED"",""latencyMs"":7},{""itemType"":""transport"",""operation"":""RESERVE"",""outcome"":""FAILED"",""latencyMs"":7},{""itemType"":""flight"",""operation"":""CANCEL"",""outcome"":""SUCCEEDED"",""latencyMs"":10},{""itemType"":""hotel"",""operation"":""CANCEL"",""outcome"":""SUCCEEDED"",""latencyMs"":9}]",2,0,true,false,VOIDED,0,3,0,LOW,30,PROCEED,,
20260924_214938_o4nb,E08-duplicate-idempotency,duplicate-after-rollback,3,409,,c4966842-1d05-463d-8ba1-c3c9e82baa5b,ROLLED_BACK,PROVIDER_RESERVE,true,6.211,201,"[{""itemType"":""hotel"",""operation"":""RESERVE"",""outcome"":""SUCCEEDED"",""latencyMs"":4},{""itemType"":""flight"",""operation"":""RESERVE"",""outcome"":""SUCCEEDED"",""latencyMs"":7},{""itemType"":""transport"",""operation"":""RESERVE"",""outcome"":""FAILED"",""latencyMs"":7},{""itemType"":""flight"",""operation"":""CANCEL"",""outcome"":""SUCCEEDED"",""latencyMs"":10},{""itemType"":""hotel"",""operation"":""CANCEL"",""outcome"":""SUCCEEDED"",""latencyMs"":9}]",2,0,true,false,VOIDED,0,3,0,LOW,30,PROCEED,,
20260924_214938_o4nb,E08-duplicate-idempotency,duplicate-after-rollback,4,409,,8a1060b7-b9c8-4bb4-bc77-742fcd4749ef,ROLLED_BACK,PROVIDER_RESERVE,false,213.355,197,"[{""itemType"":""hotel"",""operation"":""RESERVE"",""outcome"":""SUCCEEDED"",""latencyMs"":11},{""itemType"":""flight"",""operation"":""RESERVE"",""outcome"":""SUCCEEDED"",""latencyMs"":6},{""itemType"":""transport"",""operation"":""RESERVE"",""outcome"":""FAILED"",""latencyMs"":7},{""itemType"":""flight"",""operation"":""CANCEL"",""outcome"":""SUCCEEDED"",""latencyMs"":13},{""itemType"":""hotel"",""operation"":""CANCEL"",""outcome"":""SUCCEEDED"",""latencyMs"":8}]",2,0,true,false,VOIDED,0,3,0,LOW,30,PROCEED,,
20260924_214938_o4nb,E08-duplicate-idempotency,duplicate-after-rollback,5,409,,8a1060b7-b9c8-4bb4-bc77-742fcd4749ef,ROLLED_BACK,PROVIDER_RESERVE,true,15.289,197,"[{""itemType"":""hotel"",""operation"":""RESERVE"",""outcome"":""SUCCEEDED"",""latencyMs"":11},{""itemType"":""flight"",""operation"":""RESERVE"",""outcome"":""SUCCEEDED"",""latencyMs"":6},{""itemType"":""transport"",""operation"":""RESERVE"",""outcome"":""FAILED"",""latencyMs"":7},{""itemType"":""flight"",""operation"":""CANCEL"",""outcome"":""SUCCEEDED"",""latencyMs"":13},{""itemType"":""hotel"",""operation"":""CANCEL"",""outcome"":""SUCCEEDED"",""latencyMs"":8}]",2,0,true,false,VOIDED,0,3,0,LOW,30,PROCEED,,
20260924_214938_o4nb,E08-duplicate-idempotency,duplicate-after-rollback,6,409,,8a1060b7-b9c8-4bb4-bc77-742fcd4749ef,ROLLED_BACK,PROVIDER_RESERVE,true,2.769,197,"[{""itemType"":""hotel"",""operation"":""RESERVE"",""outcome"":""SUCCEEDED"",""latencyMs"":11},{""itemType"":""flight"",""operation"":""RESERVE"",""outcome"":""SUCCEEDED"",""latencyMs"":6},{""itemType"":""transport"",""operation"":""RESERVE"",""outcome"":""FAILED"",""latencyMs"":7},{""itemType"":""flight"",""operation"":""CANCEL"",""outcome"":""SUCCEEDED"",""latencyMs"":13},{""itemType"":""hotel"",""operation"":""CANCEL"",""outcome"":""SUCCEEDED"",""latencyMs"":8}]",2,0,true,false,VOIDED,0,3,0,LOW,30,PROCEED,,
20260924_214938_o4nb,E08-duplicate-idempotency,duplicate-after-rollback,7,409,,8a1060b7-b9c8-4bb4-bc77-742fcd4749ef,ROLLED_BACK,PROVIDER_RESERVE,true,9.073,197,"[{""itemType"":""hotel"",""operation"":""RESERVE"",""outcome"":""SUCCEEDED"",""latencyMs"":11},{""itemType"":""flight"",""operation"":""RESERVE"",""outcome"":""SUCCEEDED"",""latencyMs"":6},{""itemType"":""transport"",""operation"":""RESERVE"",""outcome"":""FAILED"",""latencyMs"":7},{""itemType"":""flight"",""operation"":""CANCEL"",""outcome"":""SUCCEEDED"",""latencyMs"":13},{""itemType"":""hotel"",""operation"":""CANCEL"",""outcome"":""SUCCEEDED"",""latencyMs"":8}]",2,0,true,false,VOIDED,0,3,0,LOW,30,PROCEED,,
20260924_214938_o4nb,E08-duplicate-idempotency,duplicate-after-rollback,8,409,,2433d473-8ee2-404b-a773-2959a57b88dc,ROLLED_BACK,PROVIDER_RESERVE,false,204.911,192,"[{""itemType"":""hotel"",""operation"":""RESERVE"",""outcome"":""SUCCEEDED"",""latencyMs"":9},{""itemType"":""flight"",""operation"":""RESERVE"",""outcome"":""SUCCEEDED"",""latencyMs"":4},{""itemType"":""transport"",""operation"":""RESERVE"",""outcome"":""FAILED"",""latencyMs"":7},{""itemType"":""flight"",""operation"":""CANCEL"",""outcome"":""SUCCEEDED"",""latencyMs"":9},{""itemType"":""hotel"",""operation"":""CANCEL"",""outcome"":""SUCCEEDED"",""latencyMs"":12}]",2,0,true,false,VOIDED,0,3,0,LOW,30,PROCEED,,
20260924_214938_o4nb,E08-duplicate-idempotency,duplicate-after-rollback,9,409,,2433d473-8ee2-404b-a773-2959a57b88dc,ROLLED_BACK,PROVIDER_RESERVE,true,2.354,192,"[{""itemType"":""hotel"",""operation"":""RESERVE"",""outcome"":""SUCCEEDED"",""latencyMs"":9},{""itemType"":""flight"",""operation"":""RESERVE"",""outcome"":""SUCCEEDED"",""latencyMs"":4},{""itemType"":""transport"",""operation"":""RESERVE"",""outcome"":""FAILED"",""latencyMs"":7},{""itemType"":""flight"",""operation"":""CANCEL"",""outcome"":""SUCCEEDED"",""latencyMs"":9},{""itemType"":""hotel"",""operation"":""CANCEL"",""outcome"":""SUCCEEDED"",""latencyMs"":12}]",2,0,true,false,VOIDED,0,3,0,LOW,30,PROCEED,,
20260924_214938_o4nb,E08-duplicate-idempotency,duplicate-after-rollback,10,409,,2433d473-8ee2-404b-a773-2959a57b88dc,ROLLED_BACK,PROVIDER_RESERVE,true,2.477,192,"[{""itemType"":""hotel"",""operation"":""RESERVE"",""outcome"":""SUCCEEDED"",""latencyMs"":9},{""itemType"":""flight"",""operation"":""RESERVE"",""outcome"":""SUCCEEDED"",""latencyMs"":4},{""itemType"":""transport"",""operation"":""RESERVE"",""outcome"":""FAILED"",""latencyMs"":7},{""itemType"":""flight"",""operation"":""CANCEL"",""outcome"":""SUCCEEDED"",""latencyMs"":9},{""itemType"":""hotel"",""operation"":""CANCEL"",""outcome"":""SUCCEEDED"",""latencyMs"":12}]",2,0,true,false,VOIDED,0,3,0,LOW,30,PROCEED,,
20260924_214938_o4nb,E08-duplicate-idempotency,duplicate-after-rollback,11,409,,2433d473-8ee2-404b-a773-2959a57b88dc,ROLLED_BACK,PROVIDER_RESERVE,true,2.709,192,"[{""itemType"":""hotel"",""operation"":""RESERVE"",""outcome"":""SUCCEEDED"",""latencyMs"":9},{""itemType"":""flight"",""operation"":""RESERVE"",""outcome"":""SUCCEEDED"",""latencyMs"":4},{""itemType"":""transport"",""operation"":""RESERVE"",""outcome"":""FAILED"",""latencyMs"":7},{""itemType"":""flight"",""operation"":""CANCEL"",""outcome"":""SUCCEEDED"",""latencyMs"":9},{""itemType"":""hotel"",""operation"":""CANCEL"",""outcome"":""SUCCEEDED"",""latencyMs"":12}]",2,0,true,false,VOIDED,0,3,0,LOW,30,PROCEED,,
20260924_214938_o4nb,E08-duplicate-idempotency,duplicate-after-rollback,12,409,,d4e3ddc9-1c8d-46c4-89ce-989f08b9844f,ROLLED_BACK,PROVIDER_RESERVE,false,142.845,126,"[{""itemType"":""hotel"",""operation"":""RESERVE"",""outcome"":""SUCCEEDED"",""latencyMs"":3},{""itemType"":""flight"",""operation"":""RESERVE"",""outcome"":""SUCCEEDED"",""latencyMs"":12},{""itemType"":""transport"",""operation"":""RESERVE"",""outcome"":""FAILED"",""latencyMs"":6},{""itemType"":""flight"",""operation"":""CANCEL"",""outcome"":""SUCCEEDED"",""latencyMs"":4},{""itemType"":""hotel"",""operation"":""CANCEL"",""outcome"":""SUCCEEDED"",""latencyMs"":4}]",2,0,true,false,VOIDED,0,3,0,LOW,30,PROCEED,,
20260924_214938_o4nb,E08-duplicate-idempotency,duplicate-after-rollback,13,409,,d4e3ddc9-1c8d-46c4-89ce-989f08b9844f,ROLLED_BACK,PROVIDER_RESERVE,true,2.765,126,"[{""itemType"":""hotel"",""operation"":""RESERVE"",""outcome"":""SUCCEEDED"",""latencyMs"":3},{""itemType"":""flight"",""operation"":""RESERVE"",""outcome"":""SUCCEEDED"",""latencyMs"":12},{""itemType"":""transport"",""operation"":""RESERVE"",""outcome"":""FAILED"",""latencyMs"":6},{""itemType"":""flight"",""operation"":""CANCEL"",""outcome"":""SUCCEEDED"",""latencyMs"":4},{""itemType"":""hotel"",""operation"":""CANCEL"",""outcome"":""SUCCEEDED"",""latencyMs"":4}]",2,0,true,false,VOIDED,0,3,0,LOW,30,PROCEED,,
20260924_214938_o4nb,E08-duplicate-idempotency,duplicate-after-rollback,14,409,,d4e3ddc9-1c8d-46c4-89ce-989f08b9844f,ROLLED_BACK,PROVIDER_RESERVE,true,4.919,126,"[{""itemType"":""hotel"",""operation"":""RESERVE"",""outcome"":""SUCCEEDED"",""latencyMs"":3},{""itemType"":""flight"",""operation"":""RESERVE"",""outcome"":""SUCCEEDED"",""latencyMs"":12},{""itemType"":""transport"",""operation"":""RESERVE"",""outcome"":""FAILED"",""latencyMs"":6},{""itemType"":""flight"",""operation"":""CANCEL"",""outcome"":""SUCCEEDED"",""latencyMs"":4},{""itemType"":""hotel"",""operation"":""CANCEL"",""outcome"":""SUCCEEDED"",""latencyMs"":4}]",2,0,true,false,VOIDED,0,3,0,LOW,30,PROCEED,,
20260924_214938_o4nb,E08-duplicate-idempotency,duplicate-after-rollback,15,409,,d4e3ddc9-1c8d-46c4-89ce-989f08b9844f,ROLLED_BACK,PROVIDER_RESERVE,true,2.605,126,"[{""itemType"":""hotel"",""operation"":""RESERVE"",""outcome"":""SUCCEEDED"",""latencyMs"":3},{""itemType"":""flight"",""operation"":""RESERVE"",""outcome"":""SUCCEEDED"",""latencyMs"":12},{""itemType"":""transport"",""operation"":""RESERVE"",""outcome"":""FAILED"",""latencyMs"":6},{""itemType"":""flight"",""operation"":""CANCEL"",""outcome"":""SUCCEEDED"",""latencyMs"":4},{""itemType"":""hotel"",""operation"":""CANCEL"",""outcome"":""SUCCEEDED"",""latencyMs"":4}]",2,0,true,false,VOIDED,0,3,0,LOW,30,PROCEED,,
20260924_214938_o4nb,E08-duplicate-idempotency,duplicate-after-rollback,16,409,,98215677-4763-43b7-b781-e0b3761ab014,ROLLED_BACK,PROVIDER_RESERVE,false,236.453,200,"[{""itemType"":""hotel"",""operation"":""RESERVE"",""outcome"":""SUCCEEDED"",""latencyMs"":5},{""itemType"":""flight"",""operation"":""RESERVE"",""outcome"":""SUCCEEDED"",""latencyMs"":4},{""itemType"":""transport"",""operation"":""RESERVE"",""outcome"":""FAILED"",""latencyMs"":17},{""itemType"":""flight"",""operation"":""CANCEL"",""outcome"":""SUCCEEDED"",""latencyMs"":18},{""itemType"":""hotel"",""operation"":""CANCEL"",""outcome"":""SUCCEEDED"",""latencyMs"":13}]",2,0,true,false,VOIDED,0,3,0,LOW,30,PROCEED,,
20260924_214938_o4nb,E08-duplicate-idempotency,duplicate-after-rollback,17,409,,98215677-4763-43b7-b781-e0b3761ab014,ROLLED_BACK,PROVIDER_RESERVE,true,5.92,200,"[{""itemType"":""hotel"",""operation"":""RESERVE"",""outcome"":""SUCCEEDED"",""latencyMs"":5},{""itemType"":""flight"",""operation"":""RESERVE"",""outcome"":""SUCCEEDED"",""latencyMs"":4},{""itemType"":""transport"",""operation"":""RESERVE"",""outcome"":""FAILED"",""latencyMs"":17},{""itemType"":""flight"",""operation"":""CANCEL"",""outcome"":""SUCCEEDED"",""latencyMs"":18},{""itemType"":""hotel"",""operation"":""CANCEL"",""outcome"":""SUCCEEDED"",""latencyMs"":13}]",2,0,true,false,VOIDED,0,3,0,LOW,30,PROCEED,,
20260924_214938_o4nb,E08-duplicate-idempotency,duplicate-after-rollback,18,409,,98215677-4763-43b7-b781-e0b3761ab014,ROLLED_BACK,PROVIDER_RESERVE,true,5.198,200,"[{""itemType"":""hotel"",""operation"":""RESERVE"",""outcome"":""SUCCEEDED"",""latencyMs"":5},{""itemType"":""flight"",""operation"":""RESERVE"",""outcome"":""SUCCEEDED"",""latencyMs"":4},{""itemType"":""transport"",""operation"":""RESERVE"",""outcome"":""FAILED"",""latencyMs"":17},{""itemType"":""flight"",""operation"":""CANCEL"",""outcome"":""SUCCEEDED"",""latencyMs"":18},{""itemType"":""hotel"",""operation"":""CANCEL"",""outcome"":""SUCCEEDED"",""latencyMs"":13}]",2,0,true,false,VOIDED,0,3,0,LOW,30,PROCEED,,
20260924_214938_o4nb,E08-duplicate-idempotency,duplicate-after-rollback,19,409,,98215677-4763-43b7-b781-e0b3761ab014,ROLLED_BACK,PROVIDER_RESERVE,true,18.408,200,"[{""itemType"":""hotel"",""operation"":""RESERVE"",""outcome"":""SUCCEEDED"",""latencyMs"":5},{""itemType"":""flight"",""operation"":""RESERVE"",""outcome"":""SUCCEEDED"",""latencyMs"":4},{""itemType"":""transport"",""operation"":""RESERVE"",""outcome"":""FAILED"",""latencyMs"":17},{""itemType"":""flight"",""operation"":""CANCEL"",""outcome"":""SUCCEEDED"",""latencyMs"":18},{""itemType"":""hotel"",""operation"":""CANCEL"",""outcome"":""SUCCEEDED"",""latencyMs"":13}]",2,0,true,false,VOIDED,0,3,0,LOW,30,PROCEED,,
20260924_214938_o4nb,E08-duplicate-idempotency,payload-mismatch,0,422,IDEMPOTENCY_KEY_REUSED,,,,false,7.267,,[],0,0,false,false,,0,0,0,,,,,
20260924_214938_o4nb,E08-duplicate-idempotency,payload-mismatch,1,422,IDEMPOTENCY_KEY_REUSED,,,,false,4.31,,[],0,0,false,false,,0,0,0,,,,,
20260924_214938_o4nb,E08-duplicate-idempotency,payload-mismatch,2,422,IDEMPOTENCY_KEY_REUSED,,,,false,5.205,,[],0,0,false,false,,0,0,0,,,,,
20260924_214938_o4nb,E08-duplicate-idempotency,payload-mismatch,3,422,IDEMPOTENCY_KEY_REUSED,,,,false,4.741,,[],0,0,false,false,,0,0,0,,,,,
20260924_214938_o4nb,E08-duplicate-idempotency,payload-mismatch,4,422,IDEMPOTENCY_KEY_REUSED,,,,false,4.575,,[],0,0,false,false,,0,0,0,,,,,
